mag_x, mag_y, mag_z
 -531.56,  -38.53, -853.70
 -503.44,  -25.51, -851.94
 -516.55,  -15.86, -723.18
 -533.87,  -40.00, -836.13
 -548.34,  -49.07, -851.82
 -533.58,  -53.47, -878.28
 -522.67,  -45.42, -875.33
 -540.57,  -36.56, -892.70
 -538.23,  -45.21, -906.42
 -517.85,  -57.81, -913.36
 -528.07,  -54.80, -887.42
 -531.14,  -45.99, -894.68
 -522.24,  -62.10, -897.15
 -532.93,  -55.78, -896.68
 -518.66,  -16.35, -732.91
 -530.15,  -58.46, -902.14
 -546.74,  -58.96, -888.87
 -526.93,  -73.09, -909.09
 -536.13,  -46.76, -880.52
 -548.54,  -48.50, -889.47
 -553.51,  -80.84, -878.75
 -622.28, -133.25, -797.84
 -697.56, -150.17, -739.53
 -785.93, -134.72, -643.95
 -879.37,  -29.42, -500.95
 -964.03,  127.19, -265.60
 -929.20,  302.21,  -31.50
 -934.60,  380.36, -163.24
 -915.91,  395.02, -164.00
 -898.44,  414.45, -212.48
 -783.19,  455.57, -449.14
 -573.44,  357.94, -769.10
 -295.42,  234.64, -939.03
  -65.88,  213.46, -990.47
  214.68,  101.55, -957.58
  419.59,  171.39, -889.57
  443.06,  203.47, -874.92
  426.15,  228.82, -895.43
  372.51,  191.13, -790.29
  235.69,  129.94, -975.47
  198.70,  175.52, -997.92
  118.77,  198.67,-1011.11
   21.63,  231.64, -999.50
  -98.55,  275.37, -981.54
 -205.39,  346.77, -971.05
 -327.17,  441.94, -875.82
 -506.79,  499.01, -750.81
 -621.17,  542.33, -620.42
 -695.11,  599.18, -467.96
 -761.11,  638.30, -253.83
 -782.36,  660.28,  199.59
 -774.85,  583.46,  257.22
 -696.90,  600.27,  430.54
 -624.52,  582.07,  552.50
 -537.55,  451.24,  728.25
 -382.00,  483.65,  768.69
 -278.84,  446.22,  840.38
  -87.95,  426.59,  865.94
  139.34,  395.02,  867.82
  356.75,  341.22,  839.71
  576.57,  329.58,  713.92
  737.08,  355.87,  547.51
  884.89,  421.00,  440.33
  901.91,  443.03,  -50.72
  859.51,  469.58, -219.20
  812.99,  497.79, -318.97
  743.54,  497.03, -501.63
  612.64,  548.00, -591.07
  440.23,  581.58, -698.32
  356.73,  547.40, -769.56
  525.00,  473.83, -716.05
  704.81,  379.36, -602.91
  783.52,  269.95, -558.21
  860.77,  110.52, -467.97
  939.43, -115.60, -225.37
  867.61, -297.67, -367.15
  807.95, -447.89, -314.18
  770.26, -529.66, -324.61
  709.43, -591.92, -325.09
  648.44, -661.44, -315.73
  589.10, -670.21, -392.52
  454.61, -713.39, -462.70
  387.21, -728.97, -522.74
  309.42, -761.74, -556.89
  211.70, -739.52, -645.70
   99.26, -762.86, -663.72
  -18.50, -743.39, -519.65
 -117.50, -722.14, -711.96
 -199.76, -619.25, -775.13
 -358.21, -417.60, -844.49
 -450.12, -230.22, -880.45
 -492.59, -102.92, -868.38
 -566.61,   24.54, -827.73
 -545.75,  110.90, -852.89
 -527.32,  146.71, -827.80
 -544.97,  167.62, -797.96
 -573.23,  210.28, -779.77
 -532.55,  339.94, -626.37
 -458.76,  421.41, -779.24
 -406.22,  508.95, -788.74
 -329.87,  558.55, -789.15
 -260.84,  600.90, -785.63
 -254.64,  636.71, -749.63
 -273.73,  708.00, -688.75
 -262.94,  762.22, -628.17
 -271.41,  788.54, -601.03
 -322.85,  817.68, -509.09
 -389.80,  869.22, -332.69
 -382.66,  901.11, -226.14
 -378.76,  955.76,   24.84
 -441.56,  905.68,  -62.30
 -512.79,  872.65,  -69.65
 -577.86,  819.51, -128.87
 -655.24,  754.13, -176.97
 -697.67,  708.12, -179.41
 -742.60,  631.78, -210.15
 -837.72,  532.84, -171.56
 -970.09,  334.22,  -12.48
 -976.22,  180.81,  151.98
 -954.05,   36.67,  306.33
 -868.16,  -87.27,  499.42
 -717.61,  -37.71,  767.60
 -705.63,  -30.44,  686.15
 -614.76,   54.12,  782.67
 -436.09,  117.91,  890.45
 -256.73,  223.53,  938.55
  -85.55,  347.98,  919.52
   80.02,  508.49,  838.10
  191.35,  805.18,  583.24
  190.23,  891.38,  429.93
  196.81,  922.94,  351.60
  234.79,  956.22,  207.09
  265.73,  981.30,   13.77
  266.10, 1022.41,   68.20
  226.05,  991.95, -141.79
  211.34,  951.80, -306.49
  109.03,  851.45, -576.81
  -94.11,  729.96, -736.42
 -216.09,  635.34, -786.62
 -357.97,  522.27, -793.40
 -444.67,  487.42, -771.47
 -475.84,  420.77, -813.03
 -426.62,  294.61, -885.07
 -486.39,  133.91, -890.98
 -444.64,   97.30, -919.42
 -444.64,   97.30, -919.42
 -375.72,   97.79, -787.39
 -326.55,  -75.29, -945.98
 -215.83, -259.93, -928.80
 -214.39, -423.48, -861.93
 -175.97, -561.56, -819.40
 -172.85, -723.95, -653.63
 -206.67, -845.36, -456.20
 -176.56, -926.67, -263.22
  -86.53, -983.69,  -12.80
   55.10, -948.31,  217.74
  231.30, -878.06,  307.66
  326.71, -816.99,  414.88
  405.33, -712.13,  622.85
  457.67, -644.77,  551.86
  564.62, -446.98,  641.62
  693.27, -238.35,  640.88
  749.36,  -25.98,  636.01
  707.73,  131.16,  674.71
  682.41,  318.24,  656.08
  650.30,  536.83,  535.13
  575.82,  761.11,  369.10
  378.58,  903.47,  201.91
  187.81, 1003.20,   34.63
   89.83,  995.09, -165.44
  102.64,  986.80, -213.16
   90.59,  896.71, -469.55
   89.27,  857.63, -539.02
  109.38,  802.28, -635.24
  101.15,  777.79, -666.24
  244.90,  679.32, -752.08
  412.60,  429.10, -836.95
  422.12,  408.29, -824.74
  466.72,  414.72, -804.31
  524.44,  339.94, -781.99
  556.99,  214.36, -811.78
  530.43,  137.95, -838.57
  533.11,    5.22, -719.42
  536.65, -143.13, -824.63
  584.17, -242.93, -746.85
  667.83, -302.75, -658.29
  737.41, -400.75, -532.59
  771.90, -475.08, -381.07
  800.21, -529.89, -272.94
  764.97, -562.30, -197.79
  728.03, -652.43, -167.69
  674.94, -714.76, -102.89
  659.64, -725.44,   34.28
  646.35, -732.92,  121.16
  695.75, -693.23,  208.95
  727.33, -640.47,  143.95
  774.29, -578.16,  185.53
  804.26, -466.51,  299.50
  831.10, -410.63,  307.93
  821.17, -362.76,  382.61
  754.40, -394.91,  471.39
  622.73, -380.54,  625.17
  499.81, -281.51,  763.32
  390.17, -113.46,  858.14
  285.79,  200.85,  891.11
  277.34,  444.39,  982.80
  274.33,  598.56,  703.26
  276.60,  828.81,  405.12
  205.70,  956.04,   63.26
  235.66,  924.48, -262.00
  362.29,  809.88, -397.79
  461.30,  707.83, -498.40
  431.16,  624.95, -648.01
  420.56,  433.54, -810.86
  549.53,  175.92, -809.94
  764.68,    3.75, -610.23
  808.19, -151.36, -526.96
  861.33, -186.56, -315.16
  846.79, -272.53, -360.32
  842.16, -312.28, -406.81
  855.59, -329.91, -377.94
  886.17, -406.39, -197.86
  899.75, -408.29,   38.95
  903.25, -266.02,  279.57
  903.25, -130.25,  361.28
  910.62,    3.60,  379.54
  976.20,  148.34,  161.84
  981.62,  -14.43, -101.56
  921.23, -355.13, -113.98
  723.17, -685.10,  178.47
  428.90, -885.81,  -14.36
  324.24, -924.01,    8.95
  311.97, -924.00,  117.38
  335.90, -898.32,  225.66
  380.19, -862.95,  276.79
  298.46, -877.39,  296.98
  264.34, -767.89,  509.78
  255.76, -552.80,  734.70
  171.76, -208.80,  926.44
   82.41,  213.43,  935.73
   44.87,  489.81,  820.12
   57.83,  860.86,  650.13
  106.53,  964.66,  170.55
  144.44,  941.24, -321.57
  212.42,  744.82, -674.14
  320.66,  406.14, -860.15
  439.26,  132.12, -900.61
  571.63,  -27.86, -834.28
  779.51,  -70.64, -614.25
  972.43,  -24.58, -251.82
  969.40,  -55.90, -252.44
 1001.87,   50.71,  -12.00
  953.54,  151.55,  248.79
  912.47,  212.07,  570.22
  874.54,  122.30,  452.27
  932.61,   47.23,  333.76
  944.85,    2.16,  303.65
  890.67,   75.94,  416.88
  827.81,  319.48,  463.75
  681.29,  646.61,  349.79
  419.49,  886.76,  158.10
  160.63,  985.88,   49.12
 -108.33,  990.78, -129.50
 -203.56,  941.98, -280.50
 -292.52,  897.92, -350.51
 -298.52,  869.63, -327.43
 -347.21,  776.31, -558.06
 -421.72,  715.91, -592.83
 -394.69,  608.91, -700.93
 -314.69,  486.62, -834.10
   98.22,  452.45, -900.36
  164.82,  297.39, -941.38
  283.69,  356.09, -890.99
  414.32,  433.27, -834.49
  462.17,  428.76, -784.47
  567.41,  438.98, -742.92
  731.59,  363.56, -599.70
  921.64,  413.14, -120.59
  936.07,  351.04,   80.38
  941.56,  172.48,  261.40
  918.40,  -38.83,  338.60
  829.16, -200.08,  471.72
  788.29, -312.71,  473.06
  589.48, -459.91,  591.96
  324.77, -618.10,  647.47
  -11.62, -648.74,  706.82
 -461.52, -675.35,  535.12
 -723.09, -590.29,  275.92
 -825.23, -489.24,  248.65
 -840.46, -421.51,  367.24
 -921.95, -376.47,   39.80
 -950.25, -327.52, -118.93
 -909.78, -344.40, -254.99
 -909.78, -344.40, -254.99
 -914.95, -295.84, -284.49
 -948.89, -228.71, -231.26
 -976.42, -239.24, -176.47
 -973.51, -195.71, -140.92
 -977.92,  -80.77, -211.01
 -952.72,    4.66, -321.15
 -893.87,   57.54, -444.52
 -874.62,  102.33, -472.55
 -907.85,  168.38, -157.48
 -944.74,  193.98, -280.80
 -919.70,  300.98, -274.07
 -873.26,  357.35, -301.86
 -856.71,  404.86, -368.00
 -840.64,  420.63, -370.54
 -828.34,  437.90, -379.85
 -714.58,  567.33, -420.89
 -389.29,  655.78, -668.62
 -216.55,  703.72, -674.15
 -163.65,  721.86, -681.71
  -68.79,  730.42, -579.26
   -6.28,  685.42, -785.85
   92.65,  472.27, -901.27
   60.03,  362.74, -945.45
  -65.90,  274.27, -975.23
 -125.37,  235.36, -990.37
 -102.36,  226.37, -984.63
 -176.34,  -11.91, -997.74
 -226.43, -284.93, -934.05
 -243.10, -545.07, -801.27
 -179.72, -790.15, -571.98
 -130.39, -957.07, -150.47
  -79.77, -904.94,  400.13
 -118.03, -823.45,  490.39
  -96.58, -614.86,  723.18
 -132.59, -475.74,  828.50
 -166.75, -296.77,  898.88
 -317.40, -159.16,  910.00
 -477.68,  -78.40,  823.51
 -784.87,    1.45,  587.01
 -879.41,   31.93,  439.44
 -928.00,  219.73,  344.93
 -894.84,  389.52,  220.91
 -805.82,  586.93,   90.45
 -567.47,  846.32,   57.87
 -410.91,  883.09, -264.15
 -327.97,  856.15, -419.02
 -348.69,  811.03, -494.76
 -427.54,  663.03, -652.27
 -523.77,  365.49, -780.07
 -596.89,    0.28, -825.63
 -581.76, -314.33, -749.14
 -513.61, -648.64, -559.40
 -485.76, -809.21, -278.56
 -557.03, -793.81,  168.03
 -539.65, -683.74,  436.91
 -411.16, -568.79,  745.47
 -417.82, -443.95,  758.05
 -414.86, -187.21,  865.79
 -451.34,   18.91,  860.86
 -406.18,  190.14,  853.12
 -473.10,  272.72,  806.37
 -435.51,  457.56,  759.16
 -286.81,  792.13,  545.03
 -163.20,  917.05,  394.19
 -102.95,  978.02,  228.29
  -69.29, 1019.15,   43.87
 -174.05, 1003.93, -105.55
 -158.85, 1003.19, -131.95
 -179.67,  906.47, -454.35
 -182.61,  730.90, -710.27
 -139.16,  403.46, -933.68
 -189.34, -200.67, -970.89
 -302.90, -713.94, -609.84
 -433.46, -853.60, -213.56
 -490.27, -843.83,   32.68
 -606.30, -690.74,  383.89
 -690.27, -362.85,  596.16
 -786.91, -197.11,  572.91
 -900.80,  -38.78,  406.44
 -934.46,   83.59,  467.18
 -958.03,   93.96,  295.80
 -970.71,  267.23,  135.34
 -880.75,  526.84,   73.65
 -770.47,  695.32,   -6.30
 -766.97,  688.59, -120.93
 -811.27,  613.67, -220.98
 -937.60,  353.61, -254.07
-1003.31,  -40.89, -139.14
 -947.59, -337.19,   51.56
 -874.04, -460.60,  146.37
 -824.20, -538.94,  157.25
 -737.19, -564.24,  366.78
 -758.48, -541.84,  362.85
 -672.34, -548.19,  452.30
 -691.43, -560.34,  432.42
 -618.87, -578.54,  510.15
 -540.54, -570.32,  612.54
 -322.66, -601.68,  723.34
 -277.81, -312.11,  862.71
 -266.51,   99.82,  867.76
 -263.65,  313.01,  802.61
 -239.83,  520.87,  702.74
 -177.46,  719.90,  490.52
 -113.21,  877.62,  471.48
 -132.45,  901.92,  311.89
 -120.03,  972.44,  204.08
 -186.89,  983.51,   50.34
 -367.40,  928.30, -125.73
 -454.95,  886.16, -173.16
 -331.37,  919.27, -274.70
 -340.32,  870.37, -381.89
 -448.01,  736.81, -549.13
 -590.33,  545.24, -654.28
 -611.58,  291.22, -775.00
 -581.98,  -62.14, -837.35
 -524.46, -444.95, -582.20
 -673.71, -382.54, -655.03
 -693.26, -430.03, -627.70
 -624.68, -599.74, -541.85
 -407.38, -894.08, -320.35
 -266.61, -986.68,  -41.39
 -145.84, -962.66,  299.63
   -6.05, -752.99,  636.03
   47.57, -585.00,  784.69
  -30.52, -594.10,  799.89
 -108.45, -435.96,  870.95
 -164.13, -322.35, 1086.67
 -163.00, -294.56,  890.19
 -296.34,  -48.48,  932.84
 -267.66,  180.02,  925.52
  -84.47,  434.03,  864.63
  302.89,  642.57,  701.21
  457.17,  718.62,  503.91
  589.20,  761.84,  234.50
  743.65,  668.41,  -96.49
  864.09,  372.79, -407.54
  851.25,  -53.27, -619.59
  768.20, -289.71, -639.51
  742.46, -412.63, -433.79
  635.38, -657.01, -476.80
  625.22, -730.08, -361.35
  525.99, -853.14, -208.83
  252.46, -986.11,  -75.44
  -27.64,-1012.94,  -57.93
 -327.33, -958.82,  -56.78
 -536.99, -856.96,  -83.52
 -536.99, -856.96,  -83.52
 -679.69, -738.08, -108.28
 -677.06, -717.74, -241.27
 -630.89, -769.19, -133.85
 -449.06, -712.87,  547.18
 -214.09, -555.09,  873.57
 -373.00, -632.04,  656.54
 -434.14, -442.90,  768.07
 -193.17, -109.47,  949.70
  233.02,  236.12,  910.36
  678.12,  495.06,  550.21
  841.70,  526.13,  126.64
  913.17,  440.14,  -57.66
  971.09,  276.44, -121.22
  990.47,    1.33, -287.16
  902.61,   65.18, -500.00
  773.51,    1.88, -639.14
  744.70,    3.41, -569.39
  641.99, -160.98, -772.75
  656.15, -311.16, -678.34
  812.25, -340.24, -380.53
  918.19, -258.63, -192.47
  865.40, -271.86, -301.77
  835.97, -168.95, -387.46
  773.85,   48.82, -552.63
  721.41,  245.00, -611.71
  729.08,  314.11, -572.80
  655.37,  291.24, -658.33
  597.87,  168.58, -721.43
  398.01,  -35.51, -732.19
  -24.51, -286.93, -923.75
 -329.45, -397.02, -818.51
 -498.41, -441.78, -707.54
 -618.66, -487.21, -586.87
 -607.93, -467.44, -632.87
 -652.33, -430.59, -638.09
 -782.03, -397.63, -476.81
 -864.13, -280.01, -429.60
 -902.18, -222.29, -382.50
 -964.42, -106.64, -269.57
-1011.27,  -61.67,  -62.46
 -954.09,  -60.74,  338.83
 -890.95,  -92.01,  453.80
 -708.12,  -94.18,  702.44
 -180.56, -113.38,  966.54
  196.74, -234.67,  920.17
  192.67,   24.23,  973.30
  128.81,  294.16,  922.18
   93.20,  493.19,  841.42
  269.62,  541.29,  763.41
  493.12,  546.65,  643.78
  637.66,  626.19,  431.72
  498.82,  842.51,  183.30
  347.55,  972.95,   65.54
  -73.79,  913.85, -365.88
 -531.89,  641.67, -550.71
 -859.35,  283.78, -424.33
 -953.62, -165.46, -275.57
 -841.61, -509.64, -146.15
 -680.33, -680.55, -312.15
 -701.61, -505.25, -510.69
 -943.62, -219.04, -255.55
 -989.15, -209.75,   57.30
 -847.08, -193.24,  508.11
 -399.39,  -83.68,  901.04
  210.27,  161.12, 1074.09
  678.73,  363.64,  592.73
  837.47,  567.85,  -16.39
  408.18,  818.83, -436.00
 -136.64,  837.62, -532.63
 -560.65,  671.17, -494.23
 -872.22,  387.21, -284.04
-1001.57,   45.62,  -67.67
 -967.64, -312.93,   60.17
 -839.92, -542.73,  116.61
 -729.82, -674.34,  154.38
 -684.24, -752.07,  -32.59
 -608.63, -721.09, -131.40
 -610.62, -734.16, -353.55
 -536.12, -664.31, -552.81
 -511.26, -655.24, -589.30
 -433.72, -679.31, -623.18
 -418.23, -697.42, -601.52
 -320.73, -790.07, -572.48
 -222.12, -821.39, -560.23
 -137.69, -878.47, -532.16
  -33.01, -898.77, -465.30
   17.17, -973.40, -311.64
  -31.04, -984.27, -117.72
  -28.02, -994.03, -117.95
    9.31,-1001.40,  111.28
  324.77, -933.94,  185.00
  799.21, -612.21,   40.50
 1023.52,  -25.38, -116.73
  741.06,  479.41, -499.57
  267.23,  787.48, -533.55
 -262.92,  866.20, -432.24
 -717.64,  638.09, -276.35
 -970.98,  204.37, -128.92
 -974.03, -227.61,  -28.55
 -796.34, -508.33,  -77.91
 -602.57, -742.89, -334.47
 -460.72, -813.75, -369.55
 -322.32, -805.78, -538.64
 -230.22, -667.99, -737.16
 -313.90, -423.80, -869.33
 -449.87, -390.33, -817.14
 -463.01, -365.30, -808.08
 -425.88, -261.61, -874.12
 -404.89, -290.76, -855.44
 -383.84, -372.29, -856.89
 -435.60, -525.21, -738.76
 -431.40, -716.31, -351.24
 -484.98, -868.15, -130.36
 -482.38, -826.25,  321.59
  -96.05, -726.71,  660.78
  606.74, -185.30,  747.60
  840.26,  453.87,  302.69
  665.77,  757.13,    2.89
  197.18,  957.08, -284.01
 -222.77,  958.37, -280.46
 -721.56,  706.73,  -36.82
 -930.94,  254.04,  302.50
 -861.04, -260.26,  411.20
 -756.86, -589.35,  213.90
 -656.66, -711.35, -297.89
 -699.98, -633.28, -388.26
 -864.06, -473.25, -295.96
 -902.15, -458.63,  -29.72
 -860.81, -453.60,  214.87
 -836.28, -480.57,  250.57
 -768.29, -563.60,  274.69
 -665.68, -609.40,  397.86
 -488.95, -551.28,  631.25
 -352.51, -444.34,  774.95
 -207.93, -233.77,  915.52
    5.27,  218.71, 1094.98
  -87.04,  608.69,  751.55
 -440.01,  649.02,  584.95
 -742.49,  410.37,  505.93
 -870.54,   28.38,  445.25
 -847.58, -414.19,  273.83
 -726.89, -696.44,  -60.51
 -840.93, -508.06, -193.35
 -910.62, -440.44,  -16.53
 -910.62, -440.44,  -16.53
 -860.44, -472.54,  194.60
 -729.96, -604.41,  298.70
 -576.86, -660.92,  469.90
 -257.94, -614.96,  839.01
   78.70, -449.24,  868.78
  434.42,  136.00,  855.39
  429.41,  565.60,  677.99
  111.40,  695.92,  693.25
 -342.36,  609.47,  715.06
 -648.41,  269.48,  710.62
 -794.04, -134.25,  575.16
 -803.03, -460.33,  366.45
 -802.35, -564.05,  132.05
 -772.53, -500.11,  359.68
 -557.50, -498.37,  634.39
 -242.72, -500.49,  928.34
  161.70, -504.70,  800.94
  440.49, -570.64,  641.44
  615.67, -631.07,  451.08
  839.89, -471.22,  231.36
  992.49,    7.36, -164.74
  741.58,  646.38, -186.66
  395.00,  896.24,  159.13
   45.25,  853.65,  504.15
 -458.29,  689.20,  547.35
 -883.62,  351.72,  342.39
 -992.73,   37.25,  136.57
 -965.13, -120.05,  222.20
 -963.37, -218.35,  148.39
 -975.37, -143.62,  227.99
 -928.62,  -45.60,  348.61
 -827.13,   22.66,  540.85
 -757.18,    3.95,  618.04
 -640.16,  -43.19,  735.07
 -303.29, -173.85,  901.48
  254.90, -115.19,  932.65
  694.82,  137.33,  657.03
  893.74,  287.92,  301.27
  987.05, -101.78,  120.20
  788.31, -619.93,  231.94
  408.06, -908.89,   -5.08
  -45.40, -999.63,   16.84
 -512.70, -841.98,  162.45
 -745.08, -571.77,  372.75
 -741.62, -362.64,  543.02
 -426.37, -293.52,  856.08
  104.79, -154.87,  954.38
  463.98,    5.93,  843.19
  792.14,   95.23,  586.86
  926.31,    6.45,  350.91
  911.49, -248.78,  337.93
  842.87, -580.17,  207.01
  413.24, -847.59,  315.81
  217.30, -763.49,  579.23
  382.63, -406.68,  799.91
  479.26, -157.99,  833.53
  604.53,   29.35,  791.31
  824.46,  208.31,  505.43
  934.83,  244.40,  204.10
  983.64,   93.73,   -0.42
  977.06, -204.66,  -74.61
  886.44, -485.62,  -24.96
  732.95, -654.89,  368.69
  487.36, -631.72,  587.48
  249.84, -362.37,  880.23
  148.36,  -63.49,  973.56
  225.22,  197.52,  935.00
  403.09,  388.72,  787.24
  700.59,  389.37,  564.20
  915.07,  333.70,  163.69
  962.00,  202.08, -174.38
  922.72,   23.02, -402.97
  770.23, -236.64, -577.78
  500.93, -557.59, -636.99
  252.30, -774.72, -387.18
 -117.24, -887.29, -420.64
 -361.90, -914.03, -174.92
 -387.62, -926.63,   51.44
 -411.82, -852.19,  328.51
 -439.24, -643.21,  632.87
 -358.42, -340.35,  883.50
 -181.51,   -9.62,  963.70
   80.14,  210.13,  948.68
  435.55,  315.23,  831.87
  784.73,  385.34,  453.51
  968.00,  254.14,   92.72
 1003.84,  130.07,   -8.12
  936.76,  159.92, -366.90
  729.93,  188.74, -696.20
  299.31,    1.03, -958.77
  -43.47, -407.64, -908.64
 -271.52, -502.66, -824.99
 -328.47, -486.32, -818.38
 -421.66, -472.80, -775.67
 -292.49, -219.13, -917.87
 -202.61,   80.04, -974.84
  -57.00,  311.12, -933.49
  152.69,  471.17, -832.76
  525.15,  621.21, -448.34
  759.33,  528.89, -356.60
  955.16,  -22.57, -249.71
  902.43, -432.23,   13.88
  678.09, -514.45,  513.10
  515.97, -313.20,  757.07
  760.58,   41.83,  599.17
  907.03,  343.99,  257.13
  824.15,  582.53, -142.26
  606.39,  648.73, -471.86
  457.63,  594.77, -692.41
  462.19,  454.78, -770.19
  747.21,  236.78, -528.09
  896.59,  -67.70, -441.42
  981.32, -160.93,  -80.24
  963.18,   61.30,  262.65
  843.47,  453.49,  252.06
  677.90,  742.39,  -47.87
  455.42,  838.14, -358.66
  242.36,  850.77, -464.81
  124.49,  858.43, -477.18
  244.62,  804.96, -542.95
  104.48,  794.80, -588.51
 -316.76,  650.14, -679.82
 -550.64,  509.59, -503.54
 -751.44,  460.97, -426.84
 -814.64,  445.46, -323.77
 -733.37,  562.58, -331.98
 -582.14,  777.36, -204.76
 -333.25,  947.48,  110.56
   44.97,  925.35,  351.13
  444.41,  674.28,  568.86
  742.54,  378.04,  494.39
  947.81,  298.33,   32.52
  810.31,  347.69, -513.86
  409.33,  392.47, -837.72
 -107.93,  460.50, -733.20
 -503.17,  481.92, -709.16
 -571.08,  679.32, -427.76
 -427.23,  887.29,  -90.50
 -170.38,  959.71,   42.36
  314.04,  909.44, -100.65
  637.34,  600.94, -454.62
  666.15,  210.73, -722.00
  568.07, -110.32, -794.44
  542.23, -402.97, -737.31
  628.48, -619.40, -451.14
  494.82, -802.95, -320.86
  489.75, -848.79,  222.16
  328.56, -728.78,  575.78
  -23.87, -597.22,  776.51
  -23.87, -597.22,  776.51
 -405.97, -348.54,  812.15
 -728.35,  -60.78,  672.40
 -849.32,  200.88,  474.88
 -926.66,  292.29,  106.17
 -915.10,  309.53, -256.68
 -833.93,  188.38, -511.57
 -744.02,   88.07, -674.91
 -762.90,   16.18, -628.76
 -864.85,  -42.87, -485.77
 -930.06,  150.52, -148.10
 -914.56,  420.17,  169.55
 -656.66,  650.85,  399.39
 -410.11,  860.39,  374.60
 -143.21, 1004.01,   85.75
   30.84,  961.94, -275.37
   42.76,  777.24, -631.08
 -107.76,  665.73, -714.96
 -375.28,  610.11, -664.61
 -460.92,  572.71, -641.66
 -567.65,  448.87, -621.79
 -735.91,  292.94, -387.28
 -837.48,  111.62, -469.90
 -873.78, -109.49, -376.79
 -879.87, -275.40, -360.70
 -851.44, -303.33, -330.27
 -877.26, -248.71, -332.54
 -914.76, -108.82, -319.25
 -946.48,   12.71, -195.82
 -948.43,  181.63,  155.62
 -782.97,  281.76,  557.00
 -415.89,  141.61,  925.19
   39.09, -373.88,  912.25
  381.48, -591.13,  825.51
  733.19, -500.07,  445.85
  952.56, -357.22,  -25.89
  880.18,   11.83, -527.31
  528.11,  286.91, -816.44
  -69.13,  291.58, -931.77
 -529.30,  156.56, -782.56
 -774.73,  -75.43, -554.65
 -812.55, -161.57, -522.63
 -827.43, -239.84, -441.33
 -825.14, -278.65, -429.51
 -818.98, -382.38, -354.75
 -808.84, -386.92, -156.44
 -813.55, -451.78, -334.19
 -837.31, -400.86, -314.86
 -856.55, -349.93, -302.81
 -915.31, -266.00, -238.14
 -946.50, -190.28, -154.52
 -981.28, -167.29,  -41.33
 -977.76, -134.38,   98.40
 -934.22,   87.73,  347.34
 -634.95,  428.45,  674.14
  -91.68,  372.20,  922.12
  318.46, -175.31,  904.10
  224.22, -797.19,  631.40
 -117.91, -967.31,   33.25
 -135.84, -925.58, -264.08
 -145.64, -776.96, -583.93
 -203.46, -486.71, -818.04
 -260.53,  -98.06, -926.78
 -273.34,  172.79, -920.44
 -406.48,  385.78, -825.08
 -426.10,  548.91, -723.68
 -463.07,  592.15, -676.00
 -324.81,  606.92, -742.74
 -184.71,  587.98, -775.94
  -24.57,  549.03, -704.14
   46.46,  317.30, -935.01
  220.64,  170.29, -960.97
  166.49, -213.18, -994.25
  -81.13, -544.99, -839.20
 -222.83, -718.74, -654.82
 -266.31, -887.50, -362.86
 -313.29, -937.60,  -69.50
 -134.08, -974.58,   86.18
 -175.63, -939.09,  243.59
 -358.90, -846.92,  357.53
 -568.59, -641.20,  497.14
 -568.39, -465.47,  770.45
 -641.59, -331.30,  697.42
 -628.41, -212.89,  753.77
 -626.49,  -58.18,  772.45
 -619.58,  244.63,  743.05
 -545.57,  673.17,  480.68
 -442.43,  893.15,   55.39
 -468.23,  800.71, -374.55
 -454.41,  538.59, -732.46
 -561.75,  157.71, -814.58
 -635.09, -124.31, -759.20
 -649.22, -321.09, -697.34
 -602.08, -139.77, -597.78
 -773.50,  241.47, -578.65
 -837.05,  502.51, -160.44
 -831.78,  538.84,  209.25
 -726.93,  416.53,  574.64
 -604.88,  135.51,  774.84
 -522.79, -303.37,  765.87
 -467.17, -746.05,  459.07
 -408.39, -901.42,   95.31
 -497.20, -872.96,   52.65
 -586.72, -742.28,  328.20
 -593.50, -155.61,  786.53
 -646.65,  436.76,  764.58
 -775.60,  586.94,  218.80
 -903.86,  433.24,  -46.69
 -952.83,  165.78, -243.04
 -977.62,  -65.47, -200.43
 -968.02, -234.84, -125.43
 -881.05, -453.95, -168.45
 -709.54, -592.22, -363.30
 -641.99, -605.90, -475.03
 -665.43, -543.54, -504.41
 -707.77, -511.61, -458.49
 -799.91, -473.65, -356.87
 -845.98, -407.54,   33.25
 -875.41, -442.90,  223.65
 -646.36, -240.38,  711.35
 -220.08,  157.09,  952.48
   55.99,  460.38,  864.89
   41.98,  730.46,  675.72
 -138.45,  894.83,  415.07
 -557.69,  785.69,  181.69
 -881.40,  460.05,   49.85
 -993.23,  103.59,   61.73
 -953.40, -292.22,   42.20
 -810.82, -506.86,  -15.20
 -820.80, -526.66, -209.88
 -843.23, -473.87, -266.45
 -933.70, -350.75,  -76.50
 -946.51, -217.91,  230.32
 -739.98, -134.54,  674.64
 -158.58,  130.49,  938.53
  351.80,  404.91,  789.61
  493.33,  580.03,  606.94
  357.59,  844.53,  358.78
   63.74,  963.71,  214.04
 -363.80,  917.90,  138.84
 -681.45,  725.18,  267.64
 -926.34,  362.27,  118.44
 -978.22,   88.52,  147.63
 -954.08, -261.68,  107.80
 -859.87, -508.84, -139.37
 -819.21, -470.87, -366.42
 -914.34, -354.59, -254.57
 -973.98, -243.45,   25.47
 -934.11, -220.32,  269.68
 -934.11, -220.32,  269.68
 -799.63, -254.94,  533.99
 -354.49, -219.32,  900.91
  325.33, -236.10,  878.24
  930.16,  187.86,  531.47
  761.94,  670.81,   26.54
   40.91, 1014.48,   15.74
 -688.68,  735.51,   60.26
 -959.37,  313.20,   45.34
-1013.47,   32.69,  -93.39
 -960.57,  -50.53, -288.66
 -981.80,  141.78, -156.65
 -891.60,  425.77,  193.72
 -661.13,  579.17,  481.08
 -390.65,  812.89,  418.23
 -583.13,  783.53,  200.34
 -879.86,  418.33,  303.23
-1003.15,  -76.09,   60.75
 -909.74, -339.96, -207.05
 -818.56, -357.34, -455.65
 -902.68, -237.94, -348.86
 -999.18,  -89.59,  -76.31
 -946.37,  -22.21,  303.48
 -585.50,  223.45,  794.20
 -129.64,  519.60,  827.20
 -128.30,  735.64,  637.27
 -496.08,  667.46,  522.57
 -887.61,  152.33,  433.27
 -875.56, -399.59,  125.48
 -742.28, -542.85, -397.40
 -815.57, -373.32, -392.39
 -999.33,  -80.22,  -64.56
 -945.52,  113.54,  321.32
 -629.76,  407.02,  667.90
  -83.15,  733.08,  673.21
  389.35,  800.53,  405.27
  646.73,  764.43,   34.10
  628.51,  717.23, -366.24
  412.39,  572.33, -732.50
  -10.66,  469.51, -914.60
 -515.22,  302.99, -668.78
 -829.37,  222.24, -533.88
 -930.72,  208.62, -336.66
 -978.56,  175.94, -221.94
 -983.18,  165.65, -144.48
 -982.79,  157.47, -178.00
 -985.46,  176.18, -222.03
 -972.09,  187.64, -255.79
 -941.32,  272.84, -257.36
 -867.18,  510.24, -135.41
 -585.50,  800.09,  151.63
 -204.53,  914.01,  370.71
  200.11,  904.23,  589.26
  431.20,  850.00,  244.75
  573.63,  824.45,  -21.84
  605.96,  778.90, -220.93
  598.99,  685.15, -486.14
  496.77,  591.55, -691.21
  265.30,  464.63, -897.13
   21.61,  322.64, -964.62
 -184.55,  199.78, -961.55
 -255.14,  184.43, -974.86
 -310.12,  212.55, -922.01
 -338.22,  324.41, -894.48
 -350.84,  407.43, -689.96
 -396.42,  436.55, -810.99
 -367.99,  407.19, -827.74
 -212.70,  381.93, -904.12
  -46.55,  386.60, -923.11
   51.03,  389.36, -918.20
  101.80,  418.37, -914.59
  210.50,  478.81, -863.34
  290.05,  508.34, -812.71
  349.67,  540.60, -789.72
  370.74,  573.24, -720.67
  368.99,  663.95, -628.94
  369.50,  787.75, -355.00
  311.27,  825.43, -421.82
  264.76,  877.92, -341.58
  215.65,  917.92, -254.85
  125.76,  924.09, -192.83
   71.98,  943.44, -155.13
   11.73,  952.32, -103.69
  -66.62,  968.71,  -61.17
 -187.60,  961.51,  -23.16
 -295.42,  931.13,   -6.82
 -384.29,  917.59,   48.78
 -487.92,  902.97,  267.16
 -516.03,  818.25,   91.45
 -613.84,  785.42,   70.53
 -697.63,  710.96,   64.16
 -779.17,  620.36,   12.28
 -831.32,  557.10,  -28.75
 -865.38,  499.78,  -37.61
 -918.76,  404.18,  -47.44
 -967.69,  295.82,  -51.69
 -982.10,  231.73,  -69.75
 -991.44,  137.60,  -84.91
-1006.31,   60.15,  -87.44
 -973.63,   -3.47,   52.43
 -998.14,  -96.80,  -67.33
-1001.03, -155.37,  -44.60
-1006.19, -173.26,   33.98
 -981.35, -176.91,   99.73
 -975.09, -138.97,  201.46
 -953.85,  -71.71,  301.66
 -931.42,   17.79,  384.26
 -886.35,  117.37,  425.59
 -845.43,  228.00,  468.05
 -790.55,  330.15,  482.73
 -735.68,  446.11,  494.68
 -639.41,  582.67,  645.81
 -594.64,  642.87,  466.65
 -542.83,  726.40,  421.70
 -465.09,  801.81,  330.66
 -384.76,  869.22,  269.10
 -330.61,  916.70,  212.34
 -314.74,  933.30,  144.20
 -282.79,  943.93,  120.18
 -312.78,  938.33,   98.53
 -328.09,  933.42,   71.44
 -424.23,  893.13,   34.35
 -550.07,  835.96,   18.38
 -649.25,  774.54,  172.83
 -801.43,  611.19,   41.82
 -868.71,  495.38,   27.17
 -945.42,  354.38,   53.21
-1006.13,  154.74,   87.31
 -998.48,  -42.07,   95.65
 -989.57, -207.65,   96.46
 -944.37, -358.42,   62.90
 -885.66, -461.71,   64.81
 -808.96, -580.60,   71.80
 -744.12, -682.80,   92.85
 -664.53, -758.39,   85.00
 -584.02, -788.43,  258.10
 -503.71, -872.18,  154.58
 -406.70, -920.17,  157.39
 -312.61, -940.88,  160.09
 -235.69, -974.23,  144.18
  -94.14, -983.81,  173.16
   -7.68, -977.23,  191.84
   75.99, -978.15,  218.21
  210.80, -976.14,  204.90
  315.44, -940.21,  182.82
  435.59, -882.50,  195.89
  546.19, -814.54,  171.02
  660.54, -711.98,  312.88
  732.89, -653.67,  136.00
  732.89, -653.67,  136.00
  807.99, -575.04,  126.15
  865.79, -502.34,   65.46
  888.43, -461.45,   87.08
  916.51, -418.00,   26.58
  962.83, -318.16,  -50.95
  991.25, -239.04,  -69.89
  997.87, -160.99, -143.91
  978.32,  -63.61, -278.33
  965.95,   75.26, -323.73
  942.60,  249.45, -274.58
  935.38,  447.74,  -76.20
  856.21,  537.41, -152.42
  775.97,  631.80,  -56.98
  694.13,  733.49,   24.06
  637.99,  782.12,   43.42
  513.71,  853.79,   71.58
  397.70,  914.66,   45.57
  333.24,  925.98,   45.17
  308.08,  949.27,   18.22
  235.32,  960.25,   30.96
  133.55,  988.57,   23.05
  -14.18,  990.04,  -88.69
  -80.69, 1008.80,   15.56
 -152.57,  978.14, -201.25
 -275.30,  915.71, -274.51
 -243.78,  915.46, -314.14
 -114.42,  916.86, -379.18
   94.35,  895.56, -453.34
  281.12,  841.56, -481.64
  406.69,  785.00, -506.22
  533.29,  645.73, -549.29
  623.44,  481.86, -642.52
  626.32,  269.76, -725.58
  546.59,   61.06, -832.18
  421.24, -186.87, -737.25
  269.78, -386.64, -887.60
  204.38, -459.48, -880.20
  247.28, -501.32, -838.17
  294.96, -603.29, -756.59
  222.98, -725.23, -635.76
  205.41, -845.97, -499.64
  135.42, -963.12, -245.37
   33.82, -998.53,  -10.88
 -111.37, -980.49,  192.20
 -297.98, -904.38,  333.44
 -383.92, -830.08,  564.69
 -267.40, -775.33,  495.72
 -283.04, -701.87,  662.05
 -238.95, -600.95,  740.66
 -193.58, -499.76,  842.13
 -182.29, -346.24,  919.92
 -254.37,  -58.45,  943.70
 -323.95,  300.70,  871.49
 -408.95,  513.90,  736.13
 -488.84,  686.54,  534.36
 -541.99,  785.39,  254.69
 -586.89,  802.43,   83.69
 -585.46,  832.99,   57.91
 -590.31,  783.18, -248.31
 -576.96,  730.67, -408.27
 -530.79,  681.64, -527.98
 -451.53,  652.63, -626.05
 -371.33,  588.20, -725.91
 -234.86,  524.28, -814.42
 -181.13,  468.10, -881.09
 -126.89,  328.11, -959.39
  -38.20,  196.70, -979.00
  -33.63,   93.88,-1001.13
    3.99,  -85.13, -998.65
  -38.13, -248.20, -813.34
 -235.67, -460.81, -878.78
 -317.47, -602.76, -772.57
 -333.34, -749.53, -627.30
 -313.06, -834.63, -484.43
 -393.44, -864.71, -389.31
 -514.08, -827.90, -325.69
 -682.45, -700.91, -242.64
 -841.09, -507.61, -251.81
 -907.47, -344.12, -295.36
 -921.36, -197.59, -372.40
 -931.48,    3.27, -401.29
 -866.94,  221.72, -283.89
 -795.50,  346.56, -512.12
 -645.59,  494.78, -622.47
 -459.68,  665.53, -613.10
 -341.18,  795.82, -515.16
 -321.71,  906.06, -298.33
 -306.84,  939.96,  -26.61
 -256.72,  923.13,  238.73
 -151.72,  825.32,  542.25
   20.00,  719.15,  665.15
   92.63,  648.75,  745.17
   96.35,  510.90,  849.65
   54.01,  389.55, 1071.32
  -43.25,  289.62,  954.54
 -156.84,  206.83,  950.46
 -290.69,  100.92,  927.27
 -441.40,   -7.00,  877.68
 -541.08, -114.65,  823.78
 -629.59, -314.40,  705.06
 -617.34, -522.67,  585.72
 -518.42, -736.30,  430.96
 -374.61, -898.07,  289.47
 -214.92, -975.35,  187.01
 -103.33, -983.23,  123.74
   16.80, -965.21,  155.19
   60.65, -997.78,  -95.81
   76.57, -977.50, -234.03
   59.68, -949.70, -365.95
   59.99, -884.68, -486.16
   82.18, -824.44, -583.70
   98.84, -728.55, -701.40
   95.94, -551.03, -852.35
  104.01, -249.60, -991.22
   50.62,   77.82,-1017.68
    1.29,  384.79, -933.77
  -52.49,  648.16, -760.65
  -71.19,  874.52, -386.30
 -181.24,  941.43, -278.23
 -261.45,  966.78,    6.46
 -330.33,  908.07,  282.19
 -342.61,  808.52,  453.92
 -370.69,  687.44,  624.36
 -369.43,  521.64,  755.22
 -378.53,  395.07,  828.22
 -250.54,  284.01,  917.59
   26.14,  195.32,  966.96
  317.80,   16.63,  931.10
  460.23, -123.17,  892.73
  547.06, -323.94,  924.20
  535.43, -568.90,  623.36
  578.97, -715.83,  376.66
  621.96, -790.66,  121.01
  559.02, -847.35, -169.18
  410.37, -818.23, -478.04
  314.52, -668.26, -728.90
  225.45, -465.53, -863.61
  154.86, -314.46, -949.14
  176.83,  -25.50,-1010.28
  185.64,  211.33, -983.93
  118.34,  350.09, -952.81
   75.07,  540.36, -725.05
  -59.59,  647.78, -785.76
 -264.20,  791.12, -570.33
 -408.45,  874.44, -304.88
 -460.23,  895.50,  -91.93
 -524.53,  866.89,   87.24
 -524.53,  866.89,   87.24
 -592.94,  768.16,  291.85
 -615.83,  643.10,  471.32
 -642.60,  576.46,  520.34
 -679.31,  523.70,  531.61
 -706.55,  497.03,  517.16
 -685.98,  415.17,  702.04
 -454.89,  431.82,  783.37
 -237.78,  471.28,  824.74
 -177.81,  628.65,  758.98
 -227.02,  743.63,  576.73
 -418.49,  823.43,  364.62
 -555.41,  840.85,   78.00
 -592.71,  777.17, -227.96
 -514.25,  759.00, -441.87
 -429.25,  663.37, -675.69
 -280.58,  480.38, -878.94
 -206.77,  270.27, -961.27
 -213.67,  145.13, -835.95
 -343.50,   30.75, -959.29
 -537.96,   -1.91, -873.02
 -722.03,  -17.47, -735.92
 -886.35,  -83.37, -533.90
 -978.34,  -82.22, -302.01
-1030.09,   27.47,  -64.68
-1004.32,  177.62,  173.98
 -913.30,  343.48,  267.28
 -763.45,  585.03,  316.08
 -554.40,  800.19,  307.45
 -295.31,  906.62,  337.15
  -83.84,  927.91,  503.33
   22.51,  861.92,  434.62
   91.00,  809.77,  504.97
  145.21,  806.50,  507.13
  202.13,  825.73,  460.55
  290.84,  815.17,  433.35
  269.35,  844.05,  399.47
  271.66,  837.53,  442.71
  335.65,  769.17,  484.97
  448.44,  586.90,  641.66
  448.48,  482.08,  732.71
  508.50,  357.70,  761.26
  580.29,  230.46,  951.15
  593.21,   44.83,  789.95
  650.71, -294.02,  716.45
  539.81, -643.47,  569.15
  398.72, -792.31,  471.85
  227.75, -950.24,  294.90
    0.64,-1021.96,   62.30
 -195.06, -973.36, -207.43
 -285.32, -923.50, -339.09
 -344.69, -855.68, -447.52
 -484.20, -731.26, -550.65
 -485.66, -558.30, -702.02
 -443.76, -326.40, -701.75
 -398.96, -262.49, -896.71
 -456.36,  -63.16, -925.55
 -512.48,  103.99, -879.09
 -612.39,  204.93, -779.98
 -755.06,  272.76, -603.78
 -873.39,  310.93, -410.16
 -900.63,  334.94, -308.32
 -880.46,  358.00, -325.93
 -881.43,  425.07, -221.55
 -872.88,  484.26, -130.50
 -830.77,  552.73,  -84.60
 -783.64,  614.79,  179.94
 -780.77,  640.79,   21.11
 -732.24,  697.87,  -52.85
 -689.50,  737.21, -105.32
 -553.66,  839.82, -102.75
 -354.54,  934.63, -127.73
 -164.57,  989.27, -132.12
   11.27,  993.82, -134.91
  164.48,  981.87, -117.48
  335.06,  943.50,  -64.37
  535.19,  844.12,  -70.99
  711.63,  704.83,  -44.72
  881.03,  557.88,  106.66
  935.76,  381.69,   -2.30
  988.05,  229.09,   27.85
 1002.55,   -4.54,   31.69
  967.13, -267.69,   61.33
  833.14, -548.25,  102.93
  649.19, -768.90,   57.26
  449.95, -910.73,   10.97
  268.92, -980.72,   -2.04
  130.46,-1000.29, -107.40
  -30.84,-1006.04, -160.16
 -284.60, -961.99, -157.30
 -455.04, -848.07,  -39.92
 -669.88, -707.95, -256.46
 -760.55, -528.16, -355.97
 -818.71, -398.55, -442.51
 -876.28, -247.88, -426.95
 -905.00, -112.55, -416.98
 -927.43,   46.63, -381.22
 -914.98,  244.37, -326.38
 -817.27,  475.72, -351.13
 -719.53,  605.89, -373.10
 -639.27,  690.07, -366.74
 -440.65,  846.05, -339.32
 -187.33,  942.34, -199.77
  -95.71,  916.95, -362.60
   71.99,  902.45, -410.19
  258.09,  857.14, -443.91
  280.02,  838.80, -456.20
  367.03,  763.27, -501.09
  434.09,  687.58, -544.47
  568.75,  552.53, -558.57
  731.01,  370.50, -537.25
  819.55,  181.04, -515.74
  857.74,   45.48, -476.33
  885.25,  -29.58, -386.36
  967.83,    5.58, -216.75
  975.03,   34.34, -193.87
  957.94,   48.70, -295.36
  942.95,  -47.49, -303.44
  969.69, -193.44, -187.34
  952.40, -316.05,  -57.51
  964.15, -245.83, -110.28
  988.72, -171.84,  -74.13
  982.86, -193.86,   45.38
  997.46, -137.46,   87.50
  968.89,  -65.64,  248.54
  990.87,  -33.17,  382.11
  958.77,   -5.72,  300.61
  918.06,    8.19,  401.82
  816.63,   14.24,  576.37
  683.23,   35.53,  714.79
  510.47,   62.72,  861.89
  310.44,  122.55,  934.65
  159.14,  218.56,  949.22
   23.06,  303.74,  950.68
 -126.65,  425.75,  888.24
 -281.42,  520.61,  807.16
 -482.19,  544.29,  693.43
 -567.45,  597.31,  735.25
 -714.09,  556.69,  452.08
 -812.69,  532.32,  233.97
 -855.05,  545.03,  -12.39
 -838.79,  522.46, -199.39
 -760.70,  493.07, -465.00
 -501.46,  456.85, -753.93
 -360.18,  426.39, -840.42
 -253.79,  360.11, -881.52
 -250.02,  359.33, -908.21
 -166.85,  323.05, -924.02
  -54.79,  305.25, -943.52
   16.66,  319.57, -959.00
   62.75,  319.37, -799.94
  109.12,  269.40, -936.30
  279.63,  186.92, -903.33
  497.46,  124.80, -836.24
  617.94,  157.23, -764.99
  686.17,  186.76, -687.36
  792.57,  112.28, -611.74
  779.32,   11.57, -601.76
  814.28,   11.96, -568.17
  913.66,   41.52, -424.77
  964.52,  -55.37, -283.43
  992.13, -178.70, -130.24
 1029.86, -149.32,  151.64
  974.03, -231.04,  -84.80
  936.63, -339.38,  -54.00
  925.69, -404.85,   35.87
  883.95, -460.65,  124.29
  731.20, -544.94,  399.69
  595.02, -587.92,  532.00
  450.39, -591.83,  669.49
  397.74, -583.86,  684.15
  398.67, -624.78,  650.62
  345.55, -715.15,  629.56
  305.42, -763.34,  556.11
  261.66, -845.12,  599.40
  158.69, -954.15,  248.58
  192.89, -971.09,   59.33
  279.66, -971.11,  -72.15
  279.34, -956.78, -175.26
   88.33, -989.39, -137.37
 -145.15,-1006.52,   46.29
 -329.72, -897.99,  343.10
 -437.89, -710.98,  579.76
 -444.69, -464.48,  765.54
 -314.33, -150.04,  936.46
  -48.56,  164.31,  975.24
  109.48,  445.09, 1051.04
  167.92,  632.05,  761.36
  238.70,  782.58,  583.92
  192.04,  890.17,  429.89
  104.49,  950.54,  318.29
  -28.73,  980.77,  217.43
 -123.38,  997.10,   90.17
 -209.49,  990.79,  -28.03
 -286.28,  964.61,   15.25
 -221.68,  956.76,  249.47
  -13.34,  843.38,  554.27
  248.89,  578.75,  771.97
  437.07,  257.79, 1027.79
  502.56, -197.66,  806.23
  556.77, -526.13,  617.32
  571.13, -720.01,  392.83
  498.13, -840.37,  239.22
  335.11, -942.72,   31.07
  203.94, -927.73, -321.00
  190.62, -837.24, -525.67
  205.62, -818.65, -557.18
  305.93, -834.08, -476.71
  493.59, -773.47, -433.01
  705.18, -583.63, -432.61
  814.90, -373.06, -324.34
  814.06, -197.12, -538.77
  762.30,  -37.15, -646.75
  678.32,   58.70, -709.56
  611.39, -154.37, -776.61
  412.74, -399.43, -822.90
  176.74, -530.53, -841.60
 -117.02, -624.60, -741.94
 -383.82, -601.98, -697.93
 -544.87, -528.35, -637.63
 -651.51, -455.98, -592.68
 -751.70, -333.98, -540.54
 -778.57, -306.82, -372.98
 -835.19, -353.17, -423.67
 -882.97, -360.17, -295.02
 -918.94, -290.74, -256.62
 -899.91, -349.19, -265.99
 -827.23, -518.08, -279.64
 -645.99, -755.56, -213.93
 -222.51, -976.69, -128.33
  251.09, -974.25,  -39.33
  594.55, -805.45,   35.19
  770.47, -638.35,  148.88
  891.32, -399.46,  429.84
  901.47, -247.17,  388.17
  919.25,  -39.79,  408.95
  920.06,  106.07,  387.52
  936.85,  248.87,  284.85
  944.79,  345.43,  146.27
  916.05,  414.73,  -95.83
  838.18,  431.38, -374.23
  713.70,  419.28, -602.99
  615.16,  223.75, -769.54
  398.31,   83.20, -912.52
  317.02,  118.51, -934.46
  266.37,  269.76, -782.26
   80.57,  394.96, -904.61
 -150.45,  546.26, -822.77
 -370.72,  634.86, -656.36
 -451.80,  668.73, -575.67
 -533.48,  635.86, -526.59
 -627.38,  604.52, -469.80
 -696.12,  564.53, -437.20
 -728.14,  475.47, -474.89
 -779.31,  360.68, -523.52
 -823.90,  262.24, -517.43
 -822.54,   94.33, -557.97
 -799.58,  -31.29, -414.13
 -781.13, -118.43, -587.95
 -719.14, -382.60, -583.42
 -612.28, -404.68, -691.24
 -642.15, -262.05, -723.06
 -578.36, -303.59, -750.64
 -546.14, -385.87, -737.16
 -634.72, -508.82, -590.07
 -763.06, -575.20, -326.39
 -793.06, -611.22,  -55.61
 -628.86, -792.47,   72.01
 -381.31, -920.07,  145.82
 -186.91, -930.74,  360.93
  -11.22, -956.54,  281.63
  338.34, -918.64,  147.44
  596.19, -807.31,    0.71
  866.13, -503.46, -124.16
 1006.52, -164.34,  -26.24
 1003.72, -150.96,   -0.23
  937.84, -396.97,    5.76
  786.54, -607.42,   91.63
  601.93, -797.76,  158.04
  334.26, -945.62,  140.66
   34.78,-1004.99,   97.94
 -163.46, -938.88,  362.08
 -263.69, -873.42,  380.30
  -93.55, -869.17,  493.88
  187.94, -855.55,  465.89
  499.22, -824.02,  276.36
  688.26, -733.19,   55.35
  858.16, -516.92,   59.75
  963.27, -268.48,  134.79
  956.93,  -94.94,  307.40
  858.10, -107.50,  502.27
  688.53, -287.93,  659.06
  415.43, -472.43,  794.39
  415.43, -472.43,  794.39
  182.01, -603.71,  925.74
  -75.46, -789.45,  596.06
 -331.02, -858.46,  419.87
 -539.83, -787.52,  290.75
 -693.03, -653.99,  294.03
 -714.03, -557.04,  406.90
 -584.19, -540.83,  586.44
 -433.03, -525.98,  739.47
 -118.25, -660.80,  750.94
  173.32, -777.93,  600.33
  431.34, -834.60,  324.19
  637.14, -760.53,  114.60
  844.00, -564.24,  241.86
  938.47, -336.13,  233.16
  854.26, -160.16,  507.50
  653.37, -186.88,  736.18
  298.33, -228.55,  911.17
   -2.28, -236.33,  966.76
 -236.44, -223.32,  948.82
 -409.34, -284.58,  846.30
 -535.47, -368.13,  744.90
 -655.32, -408.24,  617.99
 -719.12, -389.68,  553.71
 -751.83, -355.12,  548.00
 -718.62, -267.01,  726.52
 -724.37, -270.74,  627.26
 -663.20, -257.39,  690.90
 -570.91, -321.41,  768.06
 -436.23, -463.79,  779.37
 -279.42, -619.62,  722.63
 -113.63, -763.10,  627.72
   46.56, -884.58,  484.22
  260.61, -916.30,  291.08
  381.29, -909.91,  223.18
  500.68, -871.13,  111.84
  608.75, -798.91,   98.62
  713.55, -727.68,  285.52
  737.71, -671.35,  230.73
  707.50, -653.40,  334.49
  597.32, -667.91,  486.73
  437.93, -663.19,  622.23
  241.99, -687.80,  704.82
   32.06, -693.83,  740.48
 -168.92, -712.95,  712.65
 -330.77, -665.67,  689.24
 -449.26, -622.29,  659.77
 -503.59, -572.12,  646.36
 -465.11, -547.11,  828.14
 -403.74, -595.73,  712.31
 -244.93, -702.68,  693.75
  -89.12, -777.38,  639.84
   88.10, -835.77,  562.97
  180.69, -852.93,  485.77
  225.45, -838.77,  500.29
  200.56, -788.70,  587.07
   50.83, -737.73,  678.06
  -73.06, -694.97,  729.14
 -144.76, -612.72,  760.57
 -186.05, -530.69,  799.37
 -220.31, -397.42,  993.24
 -311.37, -284.39,  879.32
 -415.85,  -98.47,  886.13
 -575.66,   50.86,  791.67
 -692.98,   90.19,  696.51
 -668.24,  -75.05,  760.24
 -560.56, -296.60,  760.02
 -404.58, -444.04,  796.05
 -269.16, -494.49,  812.89
 -227.51, -479.53,  827.00
 -324.38, -315.06,  885.33
 -474.55, -162.91,  841.96
 -608.29,  -58.83,  902.54
 -703.02,  -62.16,  683.23
 -817.84,  -74.15,  556.81
 -890.29, -245.85,  348.23
 -846.54, -462.65,  197.75
 -788.92, -555.85,  214.53
 -739.65, -582.45,  308.67
 -690.27, -518.14,  505.94
 -601.47, -436.26,  675.86
 -464.61, -346.02,  814.65
 -279.13, -265.83,  925.10
 -211.01, -123.66,  970.81
 -141.45,   16.90, 1112.43
 -173.42,  110.42,  947.85
 -333.96,  264.72,  890.11
 -465.28,  330.03,  795.41
 -642.19,  374.77,  648.73
 -776.48,  365.66,  480.29
 -918.59,  310.64,  229.61
 -989.95,  175.73,   29.68
 -981.75,   12.97, -167.24
 -927.36, -283.82, -243.85
 -812.76, -580.62, -161.26
 -628.68, -782.79,  -58.67
 -382.28, -887.05,  180.69
 -165.25, -983.38,  122.16
    3.38, -987.11,  157.69
   53.01,-1015.88,  104.77
  -32.04,-1019.33,   79.13
 -210.76, -975.69,  144.66
 -375.71, -913.09,  181.84
 -563.72, -817.85,  208.62
 -670.99, -682.38,  286.88
 -727.86, -621.32,  285.69
 -713.66, -614.43,  323.13
 -624.56, -673.89,  403.61
 -435.23, -731.96,  625.01
 -204.30, -881.48,  422.98
    5.75, -935.89,  328.52
  103.41, -985.78,  182.27
    4.34,-1005.93,   86.62
 -222.40, -980.81,   97.41
 -489.43, -846.00,  229.77
 -664.06, -669.78,  347.25
 -785.34, -474.54,  400.23
 -892.29, -287.98,  331.10
 -956.96, -205.59,  204.96
 -962.98, -212.46,  119.61
 -913.32, -255.75,  209.17
 -921.81, -395.98,   75.14
 -858.03, -522.06,   88.02
 -771.57, -616.58,  173.20
 -650.84, -684.91,  301.81
 -541.19, -724.89,  454.19
 -336.82, -720.36,  572.88
  -45.99, -677.69,  687.36
  234.19, -584.05,  712.59
  464.99, -554.63,  622.81
  631.84, -578.38,  462.23
  719.31, -611.54,  310.90
  734.64, -680.39,  241.66
  613.46, -783.26, -100.88
  397.01, -908.15, -179.64
  240.27, -987.96,  -16.83
  158.41, -999.59,   16.49
   54.56, -991.68,   94.66
  -54.60, -977.53,  171.06
 -162.13, -913.77,  350.09
 -231.52, -799.39,  520.13
 -280.04, -628.89,  688.27
 -304.69, -527.82,  766.48
 -408.13, -359.90,  821.54
 -470.76, -147.31,  960.85
 -660.94,   -3.20,  731.71
 -793.00,   76.18,  562.89
 -793.00,   76.18,  562.89
 -860.95,   99.35,  460.17
 -937.04,  106.77,  321.22
 -984.13,    0.55,  159.08
 -970.33, -178.64,   79.87
 -952.57, -282.68,  -31.39
 -913.66, -349.51,  -31.51
 -905.02, -382.65,   33.06
 -932.52, -326.31,  123.45
 -933.29, -181.30,  294.05
 -965.17, -173.27,  109.08
 -963.98, -212.94,  117.17
 -943.89, -214.73,  160.74
 -945.68, -180.70,  188.63
 -958.79, -164.39,  194.44
 -971.70, -106.75,  181.25
 -982.28,  -53.88,  151.88
 -980.42,   -8.90,  139.23
 -990.31,   31.25,  113.82
 -987.17,   48.55,   84.66
 -991.12,   69.11,   38.97
 -972.97,  104.68,  181.77
 -982.49,   84.24,  -48.12
 -979.03,   63.27, -118.73
 -995.09,   38.14, -110.04
 -990.50,    2.53, -122.54
 -986.27,  -14.83, -160.00
 -978.53,   34.20, -233.01
 -948.95,   55.86, -294.57
 -930.33,   31.27, -362.43
 -897.68,  -32.10, -437.07
 -894.82,  -82.23, -436.82
 -889.56,  -80.80, -460.11
 -855.81,  -76.48, -319.54
 -872.26,  -56.46, -483.35
 -866.74, -110.67, -463.88
 -868.48, -175.51, -451.33
 -849.38, -256.27, -455.67
 -883.56, -254.81, -397.01
 -920.46, -274.37, -320.77
 -903.48, -300.45, -258.05
 -914.32, -327.47, -290.31
 -927.93, -328.07, -213.85
 -926.48, -322.68, -196.03
 -926.86, -314.12, -205.40
 -896.24, -274.55,  -55.19
 -933.21, -288.52, -200.75
 -934.54, -269.08, -192.33
 -955.75, -266.15, -141.72
 -975.18, -259.74,  -89.34
 -971.18, -247.26,  -72.03
 -979.37, -225.11,  -23.96
 -976.60, -205.41,    2.62
 -989.48, -183.92,   75.86
 -977.80, -178.99,  100.34
 -990.17, -144.21,  165.21
 -978.58, -131.25,  174.40
 -938.11, -108.08,  365.85
 -981.05, -140.05,  199.86
 -995.50,  -94.57,  155.93
-1002.35,  -52.61,   85.53
 -999.89,  -15.77,   49.07
 -992.97, -105.70,   -3.87
 -983.20, -212.34, -101.16
 -936.01, -335.17, -142.82
 -848.37, -507.92, -195.30
 -795.50, -592.76, -168.61
 -823.56, -585.61, -100.40
 -765.68, -656.49,  -53.59
 -616.48, -752.46,  148.37
 -533.53, -845.42,  148.40
 -493.29, -856.19,  264.52
 -486.81, -835.97,  334.35
 -440.01, -850.19,  321.14
 -426.81, -809.28,  420.14
 -400.58, -786.72,  494.42
 -371.03, -739.16,  550.19
 -344.79, -711.83,  627.89
 -305.29, -650.83,  682.10
 -208.08, -568.04,  765.43
 -120.23, -469.32,  856.17
  -79.92, -307.76, 1049.16
 -101.23, -262.45,  941.08
   52.73, -259.10,  941.73
   25.97, -149.66,  955.28
  -41.70,   76.55,  962.69
  -51.24,  359.14,  914.61
 -100.72,  608.09,  757.49
 -231.89,  848.37,  455.95
 -312.99,  922.12,  178.59
 -417.17,  918.57,  -40.06
 -520.31,  824.11, -257.68
 -542.19,  687.83, -494.56
 -498.52,  614.69, -485.34
 -466.56,  511.78, -721.91
 -330.16,  382.06, -852.80
 -189.06,  239.97, -959.29
  -78.21,   63.96,-1003.58
  -89.53,   15.20, -996.90
 -150.96,  -95.63, -985.41
 -369.14, -254.05, -878.51
 -591.48, -385.95, -701.65
 -764.84, -453.63, -479.91
 -883.93, -471.38, -116.90
 -869.99, -423.56,  289.41
 -682.88, -322.57,  767.34
 -392.94, -188.12,  885.67
 -182.85,  -52.64,  965.92
 -144.27, -119.48,  966.18
  -82.62, -294.07,  906.45
   57.60, -524.91,  826.43
   91.63, -674.50,  692.14
   70.61, -816.83,  531.28
   39.73, -926.08,  323.62
    5.87, -981.96,  123.32
  -15.95, -999.01,  -58.47
    9.05, -945.05,  -80.67
  -26.55, -902.79, -450.32
   65.40, -725.54, -699.70
   40.08, -542.16, -826.05
  -98.47, -350.77, -918.76
 -211.31, -107.96, -961.06
 -356.80,  129.03, -920.53
 -403.32,  350.99, -866.57
 -439.64,  496.80, -758.67
 -410.12,  650.59, -659.01
 -378.11,  780.38, -523.28
 -368.20,  863.73, -390.61
 -362.34,  923.27, -118.01
 -407.55,  942.54, -104.89
 -343.72,  960.52,   78.08
 -264.38,  962.69,  193.73
 -168.17,  967.08,  315.30
  -11.81,  961.11,  336.96
  187.37,  978.98,  175.22
  290.39,  964.82,   46.58
  309.27,  944.05, -132.03
  308.25,  927.70, -195.84
  428.15,  890.60, -142.33
  551.06,  814.65,    0.25
  680.58,  749.01,  363.43
  760.59,  474.99,  402.82
  739.39,  127.99,  627.47
  620.99,  -21.43,  752.13
  517.63, -163.99,  814.93
  569.73, -226.12,  768.80
  569.73, -226.12,  768.80
  741.00, -392.07,  515.75
  724.56, -600.92,  259.01
  618.53, -752.43,  148.69
  460.18, -877.07,   27.33
  353.68, -907.27, -139.24
  279.90, -899.14, -307.16
  276.68, -806.72, -335.39
  390.70, -642.38, -646.61
  661.74, -421.12, -592.34
  875.65, -225.30, -400.66
  853.67,  -76.93, -495.08
  771.10,   71.21, -639.75
  586.06,  249.39, -797.99
  328.62,  303.13, -919.28
  135.41,  253.99, -983.69
  -11.22,  212.08, -974.03
 -209.87,  161.72, -955.94
 -413.67,   81.67, -900.68
 -537.30,  -53.51, -687.80
 -677.89, -160.97, -714.75
 -791.31, -154.64, -601.81
 -879.11, -188.02, -450.27
 -964.32, -143.42, -226.73
-1011.59,   21.10,  -17.10
 -960.86,  191.26,  203.00
 -888.85,  322.80,  294.45
 -818.57,  413.29,  326.18
 -797.06,  467.61,  354.67
 -714.79,  594.18,  340.78
 -637.80,  691.46,  322.19
 -603.79,  748.87,  368.77
 -524.71,  820.42,  -13.26
 -478.42,  828.72, -202.07
 -431.87,  785.64, -428.89
 -350.77,  605.88, -720.06
 -217.57,  381.51, -907.52
  -85.91,  123.94, -988.98
  -41.08, -125.54, -997.50
 -106.43, -308.87, -927.21
 -148.74, -493.51, -858.05
  -98.47, -661.00, -727.32
  -17.99, -793.25, -579.43
   82.29, -867.54, -285.27
   20.39, -936.23, -314.09
  -20.68, -969.55, -245.10
  -22.21, -986.17, -191.49
  168.94, -957.04, -216.52
  495.38, -835.03, -223.65
  710.47, -687.90, -176.34
  863.04, -498.26, -130.58
  945.26, -349.53, -153.39
 1010.11, -105.82, -104.35
 1000.54,  170.21, -150.73
  946.26,  324.49, -229.88
  967.32,  272.58, -165.24
  990.71,  105.18, -201.14
 1009.75,   64.28,   19.64
  999.52,   46.38,   79.59
  991.18,  168.38,  151.52
 1001.12,  183.82,  105.82
  997.44,  167.12,  116.58
  996.50,  201.51,   37.71
  959.21,  318.15,   39.71
  906.11,  454.66,   32.19
  819.10,  596.88,  -16.03
  687.50,  733.11,  -54.76
  552.29,  868.24,  -55.53
  503.10,  825.89, -240.96
  483.51,  813.07, -339.77
  454.30,  775.42, -431.96
  465.24,  778.37, -397.35
  505.03,  809.49, -319.92
  491.60,  751.07, -417.57
  487.10,  737.43, -465.40
  359.48,  746.86, -547.19
  265.77,  646.29, -713.37
  259.03,  403.84, -866.42
  207.59,  140.43, -818.07
  -84.56, -150.48, -957.37
 -292.46, -390.48, -862.41
 -498.50, -532.82, -672.51
 -455.58, -731.65, -536.46
 -284.82, -890.09, -340.55
 -157.86, -972.64, -195.02
   45.03, -997.16,  -98.27
  315.37, -940.74,  -16.78
  471.90, -867.82,  202.46
  529.66, -753.41,  451.47
  360.32, -386.41,  873.45
  216.70,  119.15, 1100.69
  332.44,  290.53,  886.29
  466.11,  470.59,  751.00
  545.62,  661.42,  513.07
  592.72,  730.44,  344.88
  616.45,  731.74,  270.58
  582.60,  788.95,  164.81
  530.88,  830.89,  104.16
  539.57,  831.76,   60.42
  530.05,  844.77,  -36.59
  489.98,  865.94,  -60.70
  366.79,  923.11,  -41.39
  248.90, 1003.38,  135.51
   40.96, 1004.91, -107.49
 -112.43,  971.68, -253.01
 -261.29,  882.07, -382.21
 -325.73,  864.52, -411.30
 -480.37,  785.55, -361.94
 -538.92,  747.02, -403.88
 -512.50,  699.15, -487.61
 -496.52,  678.45, -571.11
 -398.27,  608.38, -700.33
 -466.07,  541.90, -722.51
 -414.51,  470.81, -812.76
 -218.00,  344.47, -773.25
   -1.66,  152.70, -975.27
   18.81,   55.02,-1000.63
  -99.13,   -8.66,-1008.78
 -182.00, -135.95, -977.92
 -335.31, -289.07, -895.76
 -332.79, -546.41, -789.94
 -158.57, -743.85, -668.88
  -77.56, -791.02, -635.95
   13.80, -834.68, -579.01
  237.57, -923.96, -327.37
  583.21, -810.60,   66.23
  801.29, -480.79,  515.33
  890.49, -204.07,  390.04
  988.07,    4.69,  186.67
  996.96,   53.45, -178.45
  830.70,   18.02, -565.28
  535.96,  -23.90, -838.98
  283.43,  -57.91, -951.68
   70.55, -167.15, -971.64
 -175.24, -360.73, -901.86
 -402.92, -572.39, -716.60
 -639.97, -669.49, -391.25
 -816.61, -596.97,  -61.39
 -849.15, -436.03,  355.86
 -862.06, -274.27,  445.32
 -867.62,  -75.26,  492.29
 -938.05,   42.88,  340.18
 -999.23,    3.76,  127.69
 -990.49, -127.97,   16.01
 -952.50, -324.18,   26.89
 -852.66, -535.97,  105.43
 -648.66, -749.41,  219.74
 -648.66, -749.41,  219.74
 -403.45, -875.42,  331.08
  -85.03, -925.79,  364.52
  244.97, -877.03,  410.32
  494.54, -746.42,  570.96
  626.12, -618.72,  454.92
  731.74, -501.15,  436.96
  782.13, -436.23,  436.76
  746.03, -363.75,  548.10
  783.93, -292.97,  547.69
  821.95, -220.96,  500.16
  938.32,  -57.35,  342.25
  975.50,  211.13,   72.28
  885.75,  447.81, -171.26
  653.25,  674.57, -352.29
  414.13,  777.53, -452.53
  161.68,  823.64, -431.94
 -107.03,  755.47, -635.40
 -298.56,  696.78, -656.89
 -392.06,  654.57, -634.70
 -358.80,  683.18, -622.53
 -317.36,  721.06, -623.47
 -279.57,  689.91, -640.94
 -251.15,  671.10, -711.92
 -196.11,  596.87, -767.78
 -193.78,  520.13, -823.34
 -220.14,  459.30, -849.92
 -297.87,  284.37, -897.44
 -372.43,  154.81, -746.21
 -567.73,   25.28, -832.71
 -644.52,   47.39, -763.60
 -639.46,  144.67, -754.73
 -601.18,  268.23, -760.42
 -516.70,  485.12, -699.21
 -217.63,  708.94, -683.53
   42.68,  815.46, -591.30
   91.45,  872.47, -481.96
   15.25,  912.53, -394.09
 -159.81,  948.09, -205.65
 -282.34,  961.23,  201.35
 -470.11,  828.71,  305.86
 -500.03,  606.66,  566.85
 -493.54,  349.79,  749.69
 -483.95,  112.95,  826.11
 -520.15, -193.14,  788.65
 -516.12, -490.08,  674.31
 -505.46, -712.71,  456.55
 -464.71, -870.87,  197.57
 -347.58, -938.42,  -89.24
 -170.83, -940.20, -315.42
   32.82, -919.77, -416.09
   78.88, -862.72, -310.18
   37.40, -864.07, -535.76
  -29.39, -822.34, -595.42
 -111.90, -763.30, -662.43
 -121.18, -655.94, -758.94
  -70.36, -574.99, -809.02
  -44.72, -499.64, -862.07
   -6.06, -425.38, -894.67
   21.54, -339.62, -946.70
    6.26, -201.70, -977.65
  -74.74,    3.81, -997.94
  -58.17,  220.21, -973.04
   48.73,  443.12, -760.45
 -123.23,  576.61, -816.31
 -292.63,  695.76, -667.06
 -423.70,  734.07, -546.63
 -530.47,  759.15, -402.96
 -636.20,  756.30, -229.29
 -710.66,  723.56,  -29.00
 -702.65,  708.09,  163.75
 -620.60,  727.79,  292.58
 -543.37,  731.08,  432.69
 -364.93,  764.55,  535.50
 -245.06,  780.37,  579.27
  -57.01,  828.09,  746.59
   42.52,  807.60,  569.24
  120.77,  837.91,  519.03
  146.52,  871.92,  413.73
  183.90,  916.07,  312.64
  320.67,  908.07,  143.89
  573.85,  799.17,   53.91
  742.69,  660.06,   -8.54
  851.14,  528.57, -133.01
  913.30,  362.30, -236.41
  932.46,  185.98, -309.29
  922.48,   10.93, -407.28
  917.16, -155.55, -337.06
  752.10, -432.32, -515.51
  647.46, -578.90, -504.97
  594.00, -668.40, -493.43
  543.48, -726.82, -469.56
  492.43, -775.49, -414.36
  401.15, -852.92, -408.47
  326.73, -905.57, -342.20
  162.84, -942.18, -331.29
  -82.24, -984.49, -271.02
 -308.24, -940.84, -173.21
 -525.15, -855.57,  -74.48
 -706.94, -682.79,  148.14
 -858.32, -540.84,  117.28
 -903.75, -416.30,  175.28
 -956.23, -325.49,  157.19
 -963.94, -257.12,  174.70
 -934.35, -253.21,  284.44
 -879.82, -314.04,  445.97
 -797.57, -274.78,  557.61
 -719.59, -192.06,  687.83
 -409.91, -147.33,  906.38
 -188.62, -138.22,  979.06
   -0.77,  -87.14,  997.66
  228.68,  -86.49, 1096.24
  393.45, -101.35,  893.45
  574.76,  -50.64,  780.22
  709.15,   69.98,  673.84
  830.05,  210.73,  472.69
  943.99,  272.32,  227.91
  979.55,  265.73,  -49.62
  946.33,  187.80, -291.80
  908.10,   40.07, -472.29
  844.50,  -75.29, -577.94
  743.27, -171.16, -686.08
  717.23, -277.71, -661.41
  781.51, -336.09, -423.47
  800.01, -391.48, -465.45
  867.16, -326.88, -342.14
  930.24, -218.75, -278.27
  962.78,  -89.38, -269.75
  958.24,  -68.47, -260.71
  969.64, -170.27, -195.90
  942.93, -281.40, -212.89
  904.16, -418.01, -113.00
  839.27, -549.43,  -35.68
  798.61, -608.80,   43.97
  742.32, -687.20,   47.31
  621.64, -790.36,  138.30
  398.37, -929.21,  -28.20
  226.37, -994.43,  -16.92
   19.93,-1006.43,  -22.73
 -201.42, -982.33,   58.28
 -420.82, -916.57,  117.39
 -628.29, -731.24,  318.61
 -689.25, -522.69,  506.57
 -644.39, -246.63,  753.36
 -327.33,   56.36,  927.78
 -327.33,   56.36,  927.78
   34.35,  357.72,  906.82
  216.72,  649.46,  873.78
  281.89,  754.61,  553.93
  381.58,  844.23,  312.01
  486.77,  861.64,   59.33
  526.60,  816.16, -194.05
  534.81,  749.27, -393.95
  607.59,  604.33, -545.87
  648.61,  441.40, -623.35
  642.98,  368.01, -700.49
  671.36,  338.81, -677.57
  820.70,  337.57, -500.43
  948.74,  370.48,  -83.97
  920.96,  427.55,  442.09
  824.98,  374.25,  410.67
  850.14,  374.81,  402.74
  867.06,  296.81,  431.38
  830.28,  204.64,  530.61
  747.08,  109.30,  655.03
  753.39,   -2.12,  656.99
  858.34, -114.98,  505.53
  866.70, -207.81,  478.88
  783.70, -293.22,  567.87
  686.97, -388.77,  611.42
  614.93, -441.23,  661.03
  638.85, -400.29,  823.18
  656.40, -393.55,  638.99
  766.85, -313.15,  557.72
  835.36, -189.38,  517.84
  886.03,  -81.05,  438.90
  979.12, -146.17,  184.96
 1005.21,  -66.47,    8.79
  988.88,   79.87, -228.73
  863.36,  291.79, -439.33
  751.06,  443.10, -486.71
  647.68,  523.64, -564.58
  512.49,  620.60, -585.93
  335.39,  733.94, -455.71
  149.50,  484.27, -848.95
   97.53,  616.20, -768.75
  142.21,  689.56, -675.66
   48.39,  696.73, -686.70
 -167.82,  750.80, -609.06
 -225.94,  766.35, -603.90
 -275.62,  692.95, -654.52
 -464.15,  598.92, -643.71
 -767.47,  267.56, -563.46
 -897.13,    3.16, -442.05
 -878.37, -114.38, -473.37
 -694.74,  144.36, -541.31
 -439.97,  688.65, -549.05
  -98.15,  943.67, -201.91
  197.32,  941.49,   32.98
  517.67,  816.77,   -4.26
  696.84,  622.25, -290.61
  764.36,  399.21, -531.27
  683.45,  265.31, -733.09
  436.58,  245.00, -860.24
  105.48,  336.64, -928.96
 -215.36,  485.07, -841.03
 -338.52,  640.18, -663.40
 -165.14,  919.21, -243.49
 -133.57,  967.86,   76.89
 -221.15,  880.49,  386.02
 -221.43,  805.93,  534.49
 -129.41,  812.58,  546.03
    3.03,  921.17,  307.23
   41.52,  974.32, -138.62
  -14.92,  910.10, -392.84
 -107.01,  806.94, -560.04
 -249.64,  771.54, -568.71
 -317.96,  828.18, -422.12
 -312.80,  906.48, -248.50
 -224.98,  983.70,   10.81
 -184.23,  981.69,   32.90
  -38.68,  985.97,  133.86
   77.55,  984.18,  137.30
   67.73,  998.92,   43.01
   46.92,  988.61,  -83.77
  118.75,  963.25, -205.12
  190.73,  948.41, -275.40
  310.37,  917.47, -251.52
  419.64,  894.11, -131.94
  401.85,  909.13,  -47.03
  274.72,  946.11,  -74.26
  120.69,  990.55,   26.01
  -28.80,  966.04, -114.01
 -155.86,  945.68, -161.24
 -312.01,  901.65, -210.78
 -435.91,  853.35, -160.77
 -516.17,  823.92,  -66.30
 -551.36,  798.00,  -92.01
 -639.84,  740.97,  -67.01
 -639.50,  733.96, -122.26
 -582.45,  760.33, -234.59
 -536.54,  775.56, -317.43
 -439.51,  810.37, -383.74
 -215.37,  834.65, -396.82
   68.98,  752.69, -666.12
  253.79,  701.01, -655.64
  375.92,  741.67, -570.72
  457.62,  742.40, -515.02
  514.61,  734.71, -449.81
  558.44,  738.60, -434.21
  551.04,  766.60, -337.30
  493.79,  821.09, -310.06
  549.02,  782.81, -298.97
  635.89,  731.58, -233.73
  660.53,  733.42,  -20.80
  770.71,  682.16,  -29.18
  767.32,  618.19,   88.68
  806.76,  564.28,   34.98
  842.54,  509.92,   72.26
  843.05,  443.03,  273.86
  775.52,  370.24,  471.79
  766.47,  268.66,  539.84
  774.58,  148.52,  571.07
  736.70,   18.02,  629.42
  695.13, -116.85,  665.51
  648.43, -297.82,  645.20
  669.99, -372.83,  763.84
  613.72, -534.67,  527.46
  588.86, -653.53,  442.57
  497.86, -781.23,  334.08
  367.54, -888.10,  270.91
  213.73, -932.55,  303.84
  105.27, -916.23,  392.87
   58.32, -887.15,  449.57
   38.27, -860.34,  490.77
   50.53, -850.36,  516.64
   83.78, -865.37,  495.35
  122.19, -865.00,  478.60
  113.03, -872.53,  566.39
  -42.66, -916.01,  371.81
 -156.26, -905.76,  386.42
 -247.84, -889.65,  372.07
 -314.45, -879.41,  363.88
 -399.07, -842.15,  364.04
 -468.99, -820.91,  345.46
 -535.68, -790.10,  329.91
 -594.97, -709.19,  376.69
 -636.17, -584.11,  468.74
 -645.63, -426.08,  629.95
 -563.76, -246.56,  784.52
 -404.14,  -98.60, 1031.99
 -141.92,  -46.56,  965.20
 -141.92,  -46.56,  965.20
  141.16,   48.38,  950.00
  323.13,  143.15,  916.30
  321.56,  184.33,  922.63
  185.28,  271.04,  929.70
   63.04,  421.46,  901.24
   17.36,  537.33,  825.36
  -19.55,  623.52,  782.61
 -106.74,  725.16,  667.59
 -168.89,  778.52,  566.27
 -268.03,  827.19,  470.24
 -302.19,  900.72,  517.89
 -321.46,  895.64,  333.50
 -262.61,  940.89,  280.39
 -230.72,  945.60,  142.71
 -255.18,  969.60,   36.35
 -323.07,  927.16, -227.42
 -316.40,  786.44, -540.62
 -352.55,  549.79, -756.60
 -381.69,  331.92, -871.36
 -467.52,  175.85, -870.62
 -550.41,   -9.28, -820.09
 -614.89, -272.66, -723.32
 -594.66, -441.31, -513.29
 -638.88, -631.21, -475.52
 -656.29, -741.65, -267.87
 -682.87, -749.15, -115.94
 -659.16, -783.04,  -33.87
 -678.13, -763.00,  -24.95
 -741.43, -692.95,    3.26
 -876.46, -504.61,   26.85
 -919.31, -389.70, -123.35
 -957.48, -240.96, -173.32
 -972.68,  -82.14, -229.53
 -947.69,   51.06, -327.47
 -858.35,  211.31, -284.14
 -814.59,  240.00, -498.74
 -685.38,  266.85, -679.19
 -579.33,  213.83, -789.95
 -465.69,  128.99, -878.83
 -446.32,  196.54, -873.87
 -413.32,  391.98, -816.19
 -404.15,  549.94, -731.36
 -364.47,  703.67, -596.41
 -323.65,  818.50, -477.07
 -318.14,  870.85, -378.26
 -535.48,  807.11, -254.37
 -755.97,  560.50, -174.37
 -811.31,  155.87, -576.52
 -681.62, -132.33, -721.82
 -547.48, -240.33, -825.85
 -437.32, -270.35, -867.90
 -325.81, -272.74, -908.19
 -241.46, -280.23, -952.40
 -125.64, -270.94, -970.25
   30.43, -238.56, -993.29
   31.43, -234.05, -989.40
   22.11, -224.88, -977.04
  -16.79, -175.10, -990.22
   -9.12, -170.88, -836.99
  -15.42, -249.53, -991.57
   17.01, -267.05, -972.50
   59.39, -223.45, -972.42
  157.00, -164.51, -978.46
  193.27,  -21.72,-1006.50
  126.44,  -17.32, -975.86
  -16.38,    3.90,-1001.26
 -204.04,   23.99, -993.23
 -245.92,  -63.29, -976.15
 -200.25, -164.57, -979.37
 -357.18, -142.64, -786.13
 -273.38, -149.41, -986.89
 -290.12, -151.80, -961.96
 -352.31, -152.62, -954.42
 -387.36, -137.12, -961.41
 -331.28, -142.65, -969.42
 -340.48, -154.94, -955.92
 -335.71, -111.12, -968.79
