raw_mag_x,raw_mag_y,raw_mag_z
-2469,921,-1434
-2440,944,-1280
-2440,944,-1280
-2440,944,-1280
-2440,944,-1280
-2440,944,-1280
-2440,944,-1280
-2440,944,-1280
-2459,947,-1354
-2459,947,-1354
-2459,947,-1354
-2459,947,-1354
-2459,947,-1354
-2459,947,-1354
-2459,947,-1354
-2522,941,-1366
-2522,941,-1366
-2522,941,-1366
-2522,941,-1366
-2522,941,-1366
-2522,941,-1366
-2522,941,-1366
-2602,952,-1365
-2602,952,-1365
-2602,952,-1365
-2602,952,-1365
-2602,952,-1365
-2602,952,-1365
-2602,952,-1365
-2718,915,-1248
-2718,915,-1248
-2718,915,-1248
-2718,915,-1248
-2718,915,-1248
-2718,915,-1248
-2718,915,-1248
-2829,914,-1101
-2829,914,-1101
-2829,914,-1101
-2829,914,-1101
-2829,914,-1101
-2829,914,-1101
-2829,914,-1101
-3027,926,-963
-3027,926,-963
-3027,926,-963
-3027,926,-963
-3027,926,-963
-3027,926,-963
-3027,926,-963
-3304,921,-835
-3304,921,-835
-3304,921,-835
-3304,921,-835
-3304,921,-835
-3304,921,-835
-3304,921,-835
-3443,857,-535
-3443,857,-535
-3443,857,-535
-3443,857,-535
-3443,857,-535
-3443,857,-535
-3443,857,-535
-3448,823,243
-3448,823,243
-3448,823,243
-3448,823,243
-3448,823,243
-3448,823,243
-3448,823,243
-3713,712,85
-3713,712,85
-3713,712,85
-3713,712,85
-3713,712,85
-3713,712,85
-3713,712,85
-3793,593,372
-3793,593,372
-3793,593,372
-3793,593,372
-3793,593,372
-3793,593,372
-3793,593,372
-3869,332,648
-3869,332,648
-3869,332,648
-3869,332,648
-3869,332,648
-3869,332,648
-3869,332,648
-3873,-69,977
-3873,-69,977
-3873,-69,977
-3873,-69,977
-3873,-69,977
-3873,-69,977
-3873,-69,977
-3867,-635,1318
-3867,-635,1318
-3867,-635,1318
-3867,-635,1318
-3867,-635,1318
-3867,-635,1318
-3867,-635,1318
-3726,-1326,1484
-3726,-1326,1484
-3726,-1326,1484
-3726,-1326,1484
-3726,-1326,1484
-3726,-1326,1484
-3726,-1326,1484
-3587,-2092,1235
-3587,-2092,1235
-3587,-2092,1235
-3587,-2092,1235
-3587,-2092,1235
-3587,-2092,1235
-3587,-2092,1235
-3587,-2092,1235
-3460,-2527,788
-3460,-2527,788
-3460,-2527,788
-3460,-2527,788
-3460,-2527,788
-3460,-2527,788
-3460,-2527,390
-3403,-2731,390
-3403,-2731,390
-3403,-2731,390
-3403,-2731,390
-3403,-2731,390
-3403,-2731,390
-3403,-2731,390
-3492,-2690,191
-3492,-2690,191
-3492,-2690,191
-3492,-2690,191
-3492,-2690,191
-3492,-2690,191
-3492,-2690,191
-3589,-2547,-19
-3589,-2547,-19
-3589,-2547,-19
-3589,-2547,-19
-3589,-2547,-19
-3589,-2547,-19
-3589,-2547,-19
-3556,-2358,518
-3556,-2358,518
-3556,-2358,518
-3556,-2358,518
-3556,-2358,518
-3556,-2358,518
-3556,-2358,518
-3747,-2180,12
-3747,-2180,12
-3747,-2180,12
-3747,-2180,12
-3747,-2180,12
-3747,-2180,12
-3747,-2180,12
-3873,-2082,14
-3873,-2082,14
-3873,-2082,14
-3873,-2082,14
-3873,-2082,14
-3873,-2082,14
-3873,-2082,14
-3950,-1966,56
-3950,-1966,56
-3950,-1966,56
-3950,-1966,56
-3950,-1966,56
-3950,-1966,56
-3950,-1966,56
-3886,-1990,100
-3886,-1990,100
-3886,-1990,100
-3886,-1990,100
-3886,-1990,100
-3886,-1990,100
-3886,-1990,100
-3857,-1999,29
-3857,-1999,29
-3857,-1999,29
-3857,-1999,29
-3857,-1999,29
-3857,-1999,29
-3857,-1999,29
-3795,-2094,16
-3795,-2094,16
-3795,-2094,16
-3795,-2094,16
-3795,-2094,16
-3795,-2094,16
-3795,-2094,16
-3813,-2132,-30
-3813,-2132,-30
-3813,-2132,-30
-3813,-2132,-30
-3813,-2132,-30
-3813,-2132,-30
-3813,-2132,-30
-3813,-2149,41
-3813,-2149,41
-3813,-2149,41
-3813,-2149,41
-3813,-2149,41
-3813,-2149,41
-3813,-2149,41
-3798,-2271,162
-3798,-2271,162
-3798,-2271,162
-3798,-2271,162
-3798,-2271,162
-3798,-2271,162
-3798,-2271,162
-3751,-2347,312
-3751,-2347,312
-3751,-2347,312
-3751,-2347,312
-3751,-2347,312
-3751,-2347,312
-3751,-2347,312
-3824,-2216,598
-3824,-2216,598
-3824,-2216,598
-3824,-2216,598
-3824,-2216,598
-3824,-2216,598
-3824,-2216,598
-3684,-2079,1278
-3684,-2079,1278
-3684,-2079,1278
-3684,-2079,1278
-3684,-2079,1278
-3684,-2079,1278
-3684,-2079,1278
-3808,-1960,1009
-3808,-1960,1009
-3808,-1960,1009
-3808,-1960,1009
-3808,-1960,1009
-3808,-1960,1009
-3808,-1960,1009
-3840,-1710,1159
-3840,-1710,1159
-3840,-1710,1159
-3840,-1710,1159
-3840,-1710,1159
-3840,-1710,1159
-3840,-1710,1159
-3937,-1344,1289
-3937,-1344,1289
-3937,-1344,1289
-3937,-1344,1289
-3937,-1344,1289
-3937,-1344,1289
-3937,-1344,1289
-3919,-1152,1332
-3919,-1152,1332
-3919,-1152,1332
-3919,-1152,1332
-3919,-1152,1332
-3919,-1152,1332
-3919,-1152,1332
-3919,-1152,1332
-3954,-872,1294
-3954,-872,1294
-3954,-872,1294
-3954,-872,1294
-3954,-872,1294
-3954,-872,1294
-3954,-872,1294
-4003,-612,1270
-4003,-612,1270
-4003,-612,1270
-4003,-612,1270
-4003,-612,1270
-4003,-612,1270
-4003,-612,1270
-3983,-386,1089
-3983,-386,1089
-3983,-386,1089
-3983,-386,1089
-3983,-386,1089
-3983,-386,1089
-3983,-386,1089
-3966,-262,1097
-3966,-262,1097
-3966,-262,1097
-3966,-262,1097
-3966,-262,1097
-3966,-262,1097
-3966,-262,1097
-3959,-84,1019
-3959,-84,1019
-3959,-84,1019
-3959,-84,1019
-3959,-84,1019
-3959,-84,1019
-3959,-84,1019
-4003,6,874
-4003,6,874
-4003,6,874
-4003,6,874
-4003,6,874
-4003,6,874
-4003,6,874
-3966,109,843
-3966,109,843
-3966,109,843
-3966,109,843
-3966,109,843
-3966,109,843
-3966,109,843
-3842,224,1225
-3842,224,1225
-3842,224,1225
-3842,224,1225
-3842,224,1225
-3842,224,1225
-3842,224,1225
-3903,212,552
-3903,212,552
-3903,212,552
-3903,212,552
-3903,212,552
-3903,212,552
-3903,212,552
-3996,279,273
-3996,279,273
-3996,279,273
-3996,279,273
-3996,279,273
-3996,279,273
-3996,279,273
-3990,375,-71
-3990,375,-71
-3990,375,-71
-3990,375,-71
-3990,375,-71
-3990,375,-71
-3990,375,-71
-3859,388,-504
-3859,388,-504
-3859,388,-504
-3859,388,-504
-3859,388,-504
-3859,388,-504
-3859,388,-504
-3628,482,-883
-3628,482,-883
-3628,482,-883
-3628,482,-883
-3628,482,-883
-3628,482,-883
-3628,482,-883
-3329,534,-1288
-3329,534,-1288
-3329,534,-1288
-3329,534,-1288
-3329,534,-1288
-3329,534,-1288
-3329,534,-1288
-2949,626,-1501
-2949,626,-1501
-2949,626,-1501
-2949,626,-1501
-2949,626,-1501
-2949,626,-1501
-2949,626,-1501
-2456,738,-1622
-2456,738,-1622
-2456,738,-1622
-2456,738,-1622
-2456,738,-1622
-2456,738,-1622
-2456,738,-1622
-1958,809,-1680
-1958,809,-1680
-1958,809,-1680
-1958,809,-1680
-1958,809,-1680
-1958,809,-1680
-1958,809,-1680
-1429,915,-1640
-1429,915,-1640
-1429,915,-1640
-1429,915,-1640
-1429,915,-1640
-1429,915,-1640
-1429,915,-1640
-1175,1031,-1507
-1175,1031,-1507
-1175,1031,-1507
-1175,1031,-1507
-1175,1031,-1507
-1175,1031,-1507
-1175,1031,-1507
-1175,1031,-1507
-767,1204,-860
-767,1204,-860
-767,1204,-860
-767,1204,-860
-767,1204,-860
-767,1204,-860
-767,1204,-860
-821,1251,-1303
-821,1251,-1303
-821,1251,-1303
-821,1251,-1303
-821,1251,-1303
-821,1251,-1303
-821,1251,-1303
-670,1356,-1131
-670,1356,-1131
-670,1356,-1131
-670,1356,-1131
-670,1356,-1131
-670,1356,-1131
-670,1356,-1131
-392,1408,-957
-392,1408,-957
-392,1408,-957
-392,1408,-957
-392,1408,-957
-392,1408,-957
-392,1408,-957
109,1475,-643
109,1475,-643
109,1475,-643
109,1475,-643
109,1475,-643
109,1475,-643
109,1475,-643
626,1346,-452
626,1346,-452
626,1346,-452
626,1346,-452
626,1346,-452
626,1346,-452
626,1346,-452
1218,1022,-343
1218,1022,-343
1218,1022,-343
1218,1022,-343
1218,1022,-343
1218,1022,-343
1218,1022,-343
1788,497,-394
1788,497,-394
1788,497,-394
1788,497,-394
1788,497,-394
1788,497,-394
1788,497,-394
2302,-147,-245
2302,-147,-245
2302,-147,-245
2302,-147,-245
2302,-147,-245
2302,-147,-245
2302,-147,-245
2521,-932,-169
2521,-932,-169
2521,-932,-169
2521,-932,-169
2521,-932,-169
2521,-932,-169
2521,-932,-169
2603,-1726,-134
2603,-1726,-134
2603,-1726,-134
2603,-1726,-134
2603,-1726,-134
2603,-1726,-134
2603,-1726,-134
2387,-2248,-93
2387,-2248,-93
2387,-2248,-93
2387,-2248,-93
2387,-2248,-93
2387,-2248,-93
2387,-2248,-93
2373,-2668,474
2373,-2668,474
2373,-2668,474
2373,-2668,474
2373,-2668,474
2373,-2668,474
2373,-2668,474
1937,-3138,86
1937,-3138,86
1937,-3138,86
1937,-3138,86
1937,-3138,86
1937,-3138,86
1937,-3138,86
1590,-3475,243
1590,-3475,243
1590,-3475,243
1590,-3475,243
1590,-3475,243
1590,-3475,243
1590,-3475,243
918,-3900,407
918,-3900,407
918,-3900,407
918,-3900,407
918,-3900,407
918,-3900,407
918,-3900,407
1039,-3885,486
1039,-3885,486
1039,-3885,486
1039,-3885,486
1039,-3885,486
1039,-3885,486
1039,-3885,486
910,-3949,572
910,-3949,572
910,-3949,572
910,-3949,572
910,-3949,572
910,-3949,572
910,-3949,572
914,-4044,1234
914,-4044,1234
914,-4044,1234
914,-4044,1234
914,-4044,1234
914,-4044,1234
914,-4044,1234
638,-4072,1729
638,-4072,1729
638,-4072,1729
638,-4072,1729
638,-4072,1729
638,-4072,1729
638,-4072,1729
638,-4072,1729
254,-4080,1906
254,-4080,1906
254,-4080,1906
254,-4080,1906
254,-4080,1906
254,-4080,1906
254,-4080,1906
-195,-4004,2178
-195,-4004,2178
-195,-4004,2178
-195,-4004,2178
-195,-4004,2178
-195,-4004,2178
-195,-4004,2178
-644,-3862,2227
-644,-3862,2227
-644,-3862,2227
-644,-3862,2227
-644,-3862,2227
-644,-3862,2227
-644,-3862,2227
-1104,-3683,2274
-1104,-3683,2274
-1104,-3683,2274
-1104,-3683,2274
-1104,-3683,2274
-1104,-3683,2274
-1104,-3683,2274
-1510,-3354,2788
-1510,-3354,2788
-1510,-3354,2788
-1510,-3354,2788
-1510,-3354,2788
-1510,-3354,2788
-1510,-3354,2788
-2050,-2919,2444
-2050,-2919,2444
-2050,-2919,2444
-2050,-2919,2444
-2050,-2919,2444
-2050,-2919,2444
-2050,-2919,2444
-2425,-2317,2591
-2425,-2317,2591
-2425,-2317,2591
-2425,-2317,2591
-2425,-2317,2591
-2425,-2317,2591
-2425,-2317,2591
-2416,-1744,2777
-2416,-1744,2777
-2416,-1744,2777
-2416,-1744,2777
-2416,-1744,2777
-2416,-1744,2777
-2416,-1744,2777
-2379,-1174,2957
-2379,-1174,2957
-2379,-1174,2957
-2379,-1174,2957
-2379,-1174,2957
-2379,-1174,2957
-2379,-1174,2957
-2015,-712,3188
-2015,-712,3188
-2015,-712,3188
-2015,-712,3188
-2015,-712,3188
-2015,-712,3188
-2015,-712,3188
-1424,-303,3452
-1424,-303,3452
-1424,-303,3452
-1424,-303,3452
-1424,-303,3452
-1424,-303,3452
-1424,-303,3452
-873,180,3466
-873,180,3466
-873,180,3466
-873,180,3466
-873,180,3466
-873,180,3466
-873,180,3466
-264,403,3494
-264,403,3494
-264,403,3494
-264,403,3494
-264,403,3494
-264,403,3494
-264,403,3494
273,420,3478
273,420,3478
273,420,3478
273,420,3478
273,420,3478
273,420,3478
273,420,3478
531,573,3401
531,573,3401
531,573,3401
531,573,3401
531,573,3401
531,573,3401
531,573,3401
740,962,3037
740,962,3037
740,962,3037
740,962,3037
740,962,3037
740,962,3037
740,962,3037
738,1508,2796
738,1508,2796
738,1508,2796
738,1508,2796
738,1508,2796
738,1508,2796
738,1508,2796
212,1779,1558
212,1779,1558
212,1779,1558
212,1779,1558
212,1779,1558
212,1779,1558
212,1779,1558
-477,1934,924
-477,1934,924
-477,1934,924
-477,1934,924
-477,1934,924
-477,1934,924
-477,1934,924
-1192,1963,525
-1192,1963,525
-1192,1963,525
-1192,1963,525
-1192,1963,525
-1192,1963,525
-1192,1963,525
-1192,1963,525
-1905,1752,-12
-1905,1752,-12
-1905,1752,-12
-1905,1752,-12
-1905,1752,-12
-1905,1752,-12
-1905,1752,-12
-2383,1653,-64
-2383,1653,-64
-2383,1653,-64
-2383,1653,-64
-2383,1653,-64
-2383,1653,-64
-2383,1653,-64
-2484,1599,178
-2484,1599,178
-2484,1599,178
-2484,1599,178
-2484,1599,178
-2484,1599,178
-2484,1599,178
-2669,1544,211
-2669,1544,211
-2669,1544,211
-2669,1544,211
-2669,1544,211
-2669,1544,211
-2669,1544,211
-2749,1463,147
-2749,1463,147
-2749,1463,147
-2749,1463,147
-2749,1463,147
-2749,1463,147
-2749,1463,147
-2746,1483,25
-2746,1483,25
-2746,1483,25
-2746,1483,25
-2746,1483,25
-2746,1483,25
-2746,1483,25
-2818,1388,96
-2818,1388,96
-2818,1388,96
-2818,1388,96
-2818,1388,96
-2818,1388,96
-2818,1388,96
-2732,1453,408
-2732,1453,408
-2732,1453,408
-2732,1453,408
-2732,1453,408
-2732,1453,408
-2732,1453,408
-2468,1547,-218
-2468,1547,-218
-2468,1547,-218
-2468,1547,-218
-2468,1547,-218
-2468,1547,-218
-2468,1547,-218
-2490,1519,-291
-2490,1519,-291
-2490,1519,-291
-2490,1519,-291
-2490,1519,-291
-2490,1519,-291
-2490,1519,-291
-2347,1591,-478
-2347,1591,-478
-2347,1591,-478
-2347,1591,-478
-2347,1591,-478
-2347,1591,-478
-2347,1591,-478
-2162,1649,-326
-2162,1649,-326
-2162,1649,-326
-2162,1649,-326
-2162,1649,-326
-2162,1649,-326
-2162,1649,-326
-2015,1708,-223
-2015,1708,-223
-2015,1708,-223
-2015,1708,-223
-2015,1708,-223
-2015,1708,-223
-2015,1708,-223
-1923,1730,-84
-1923,1730,-84
-1923,1730,-84
-1923,1730,-84
-1923,1730,-84
-1923,1730,-84
-1923,1730,-84
-1928,1712,-187
-1928,1712,-187
-1928,1712,-187
-1928,1712,-187
-1928,1712,-187
-1928,1712,-187
-1928,1712,-187
-1957,1689,-251
-1957,1689,-251
-1957,1689,-251
-1957,1689,-251
-1957,1689,-251
-1957,1689,-251
-1957,1689,-251
-1856,1687,-427
-1856,1687,-427
-1856,1687,-427
-1856,1687,-427
-1856,1687,-427
-1856,1687,-427
-1856,1687,-427
-1704,1658,-557
-1704,1658,-557
-1704,1658,-557
-1704,1658,-557
-1704,1658,-557
-1704,1658,-557
-1704,1658,-557
-1620,1622,-703
-1620,1622,-703
-1620,1622,-703
-1620,1622,-703
-1620,1622,-703
-1620,1622,-703
-1620,1622,-703
-1620,1622,-703
-1401,1671,-113
-1401,1671,-113
-1401,1671,-113
-1401,1671,-113
-1401,1671,-113
-1401,1671,-113
-1401,1671,-113
-1328,1662,-494
-1328,1662,-494
-1328,1662,-494
-1328,1662,-494
-1328,1662,-494
-1328,1662,-494
-1328,1662,-494
-932,1746,-328
-932,1746,-328
-932,1746,-328
-932,1746,-328
-932,1746,-328
-932,1746,-328
-932,1746,-328
-683,1759,-198
-683,1759,-198
-683,1759,-198
-683,1759,-198
-683,1759,-198
-683,1759,-198
-683,1759,-198
-532,1822,-53
-532,1822,-53
-532,1822,-53
-532,1822,-53
-532,1822,-53
-532,1822,-53
-532,1822,-53
-592,1838,-51
-592,1838,-51
-592,1838,-51
-592,1838,-51
-592,1838,-51
-592,1838,-51
-592,1838,-51
-558,1904,198
-558,1904,198
-558,1904,198
-558,1904,198
-558,1904,198
-558,1904,198
-558,1904,198
-625,1893,296
-625,1893,296
-625,1893,296
-625,1893,296
-625,1893,296
-625,1893,296
-625,1893,296
-654,1965,507
-654,1965,507
-654,1965,507
-654,1965,507
-654,1965,507
-654,1965,507
-654,1965,507
-550,1918,1149
-550,1918,1149
-550,1918,1149
-550,1918,1149
-550,1918,1149
-550,1918,1149
-550,1918,1149
-569,1892,1546
-569,1892,1546
-569,1892,1546
-569,1892,1546
-569,1892,1546
-569,1892,1546
-569,1892,1546
-852,1806,1667
-852,1806,1667
-852,1806,1667
-852,1806,1667
-852,1806,1667
-852,1806,1667
-852,1806,1667
-1161,1683,2316
-1161,1683,2316
-1161,1683,2316
-1161,1683,2316
-1161,1683,2316
-1161,1683,2316
-1161,1683,2316
-1752,1479,1879
-1752,1479,1879
-1752,1479,1879
-1752,1479,1879
-1752,1479,1879
-1752,1479,1879
-1752,1479,1879
-2144,1415,1667
-2144,1415,1667
-2144,1415,1667
-2144,1415,1667
-2144,1415,1667
-2144,1415,1667
-2144,1415,1667
-2531,1377,1333
-2531,1377,1333
-2531,1377,1333
-2531,1377,1333
-2531,1377,1333
-2531,1377,1333
-2531,1377,1333
-3010,1202,807
-3010,1202,807
-3010,1202,807
-3010,1202,807
-3010,1202,807
-3010,1202,807
-3010,1202,807
-3230,1139,-25
-3230,1139,-25
-3230,1139,-25
-3230,1139,-25
-3230,1139,-25
-3230,1139,-25
-3230,1139,-25
-3123,1034,-758
-3123,1034,-758
-3123,1034,-758
-3123,1034,-758
-3123,1034,-758
-3123,1034,-758
-3123,1034,-758
-2973,806,-1225
-2973,806,-1225
-2973,806,-1225
-2973,806,-1225
-2973,806,-1225
-2973,806,-1225
-2973,806,-1225
-2973,806,-1225
-2805,379,-1590
-2805,379,-1590
-2805,379,-1590
-2805,379,-1590
-2805,379,-1590
-2805,379,-1590
-2805,379,-1590
-2180,-228,-1985
-2180,-228,-1985
-2180,-228,-1985
-2180,-228,-1985
-2180,-228,-1985
-2180,-228,-1985
-2180,-228,-1985
-2105,-976,-2095
-2105,-976,-2095
-2105,-976,-2095
-2105,-976,-2095
-2105,-976,-2095
-2105,-976,-2095
-2105,-976,-2095
-1984,-1749,-1990
-1984,-1749,-1990
-1984,-1749,-1990
-1984,-1749,-1990
-1984,-1749,-1990
-1984,-1749,-1990
-1984,-1749,-1990
-1348,-2068,-1413
-1348,-2068,-1413
-1348,-2068,-1413
-1348,-2068,-1413
-1348,-2068,-1413
-1348,-2068,-1413
-1348,-2068,-1413
-978,-2255,-1859
-978,-2255,-1859
-978,-2255,-1859
-978,-2255,-1859
-978,-2255,-1859
-978,-2255,-1859
-978,-2255,-1859
-862,-2075,-1934
-862,-2075,-1934
-862,-2075,-1934
-862,-2075,-1934
-862,-2075,-1934
-862,-2075,-1934
-862,-2075,-1934
-905,-1792,-2054
-905,-1792,-2054
-905,-1792,-2054
-905,-1792,-2054
-905,-1792,-2054
-905,-1792,-2054
-905,-1792,-2054
-1056,-1407,-2211
-1056,-1407,-2211
-1056,-1407,-2211
-1056,-1407,-2211
-1056,-1407,-2211
-1056,-1407,-2211
-1056,-1407,-2211
-1308,-1052,-2258
-1308,-1052,-2258
-1308,-1052,-2258
-1308,-1052,-2258
-1308,-1052,-2258
-1308,-1052,-2258
-1308,-1052,-2258
-1199,-450,-2161
-1199,-450,-2161
-1199,-450,-2161
-1199,-450,-2161
-1199,-450,-2161
-1199,-450,-2161
-1199,-450,-2161
-1019,-91,-2018
-1019,-91,-2018
-1019,-91,-2018
-1019,-91,-2018
-1019,-91,-2018
-1019,-91,-2018
-1019,-91,-2018
-478,363,-1825
-478,363,-1825
-478,363,-1825
-478,363,-1825
-478,363,-1825
-478,363,-1825
-478,363,-1825
262,623,-1334
262,623,-1334
262,623,-1334
262,623,-1334
262,623,-1334
262,623,-1334
262,623,-1334
1195,721,-705
1195,721,-705
1195,721,-705
1195,721,-705
1195,721,-705
1195,721,-705
1195,721,-705
1773,886,16
1773,886,16
1773,886,16
1773,886,16
1773,886,16
1773,886,16
1773,886,16
2129,970,996
2129,970,996
2129,970,996
2129,970,996
2129,970,996
2129,970,996
2129,970,996
2140,939,979
2140,939,979
2140,939,979
2140,939,979
2140,939,979
2140,939,979
2140,939,979
2200,942,1120
2200,942,1120
2200,942,1120
2200,942,1120
2200,942,1120
2200,942,1120
2200,942,1120
2200,942,1120
2191,949,1704
2191,949,1704
2191,949,1704
2191,949,1704
2191,949,1704
2191,949,1704
2191,949,1704
2109,936,2111
2109,936,2111
2109,936,2111
2109,936,2111
2109,936,2111
2109,936,2111
2109,936,2111
1868,966,2330
1868,966,2330
1868,966,2330
1868,966,2330
1868,966,2330
1868,966,2330
1868,966,2330
1717,1050,2563
1717,1050,2563
1717,1050,2563
1717,1050,2563
1717,1050,2563
1717,1050,2563
1717,1050,2563
1604,992,2745
1604,992,2745
1604,992,2745
1604,992,2745
1604,992,2745
1604,992,2745
1604,992,2745
1355,965,2833
1355,965,2833
1355,965,2833
1355,965,2833
1355,965,2833
1355,965,2833
1355,965,2833
1429,936,2864
1429,936,2864
1429,936,2864
1429,936,2864
1429,936,2864
1429,936,2864
1429,936,2864
963,758,3277
963,758,3277
963,758,3277
963,758,3277
963,758,3277
963,758,3277
963,758,3277
-430,304,3592
-430,304,3592
-430,304,3592
-430,304,3592
-430,304,3592
-430,304,3592
-430,304,3592
-1537,512,3502
-1537,512,3502
-1537,512,3502
-1537,512,3502
-1537,512,3502
-1537,512,3502
-1537,512,3502
-2258,603,2496
-2258,603,2496
-2258,603,2496
-2258,603,2496
-2258,603,2496
-2258,603,2496
-2258,603,2496
-2723,554,2139
-2723,554,2139
-2723,554,2139
-2723,554,2139
-2723,554,2139
-2723,554,2139
-2723,554,2139
-3262,507,1593
-3262,507,1593
-3262,507,1593
-3262,507,1593
-3262,507,1593
-3262,507,1593
-3262,507,1593
-3641,579,811
-3641,579,811
-3641,579,811
-3641,579,811
-3641,579,811
-3641,579,811
-3641,579,811
-3727,529,687
-3727,529,687
-3727,529,687
-3727,529,687
-3727,529,687
-3727,529,687
-3727,529,687
-3888,300,517
-3888,300,517
-3888,300,517
-3888,300,517
-3888,300,517
-3888,300,517
-3888,300,517
-3982,211,-19
-3982,211,-19
-3982,211,-19
-3982,211,-19
-3982,211,-19
-3982,211,-19
-3982,211,-19
-3939,-87,-718
-3939,-87,-718
-3939,-87,-718
-3939,-87,-718
-3939,-87,-718
-3939,-87,-718
-3939,-87,-718
-3793,-337,-1117
-3793,-337,-1117
-3793,-337,-1117
-3793,-337,-1117
-3793,-337,-1117
-3793,-337,-1117
-3793,-337,-1117
-3465,-576,-1558
-3465,-576,-1558
-3465,-576,-1558
-3465,-576,-1558
-3465,-576,-1558
-3465,-576,-1558
-3465,-576,-1558
-3465,-576,-1558
-2870,-636,-1794
-2870,-636,-1794
-2870,-636,-1794
-2870,-636,-1794
-2870,-636,-1794
-2870,-636,-1794
-2870,-636,-1794
-1950,-304,-1579
-1950,-304,-1579
-1950,-304,-1579
-1950,-304,-1579
-1950,-304,-1579
-1950,-304,-1579
-1950,-304,-1579
-994,-45,-1927
-994,-45,-1927
-994,-45,-1927
-994,-45,-1927
-994,-45,-1927
-994,-45,-1927
-994,-45,-1927
-136,655,-1458
-136,655,-1458
-136,655,-1458
-136,655,-1458
-136,655,-1458
-136,655,-1458
-136,655,-1458
237,1173,-818
237,1173,-818
237,1173,-818
237,1173,-818
237,1173,-818
237,1173,-818
237,1173,-818
0,1380,-652
0,1380,-652
0,1380,-652
0,1380,-652
0,1380,-652
0,1380,-652
0,1380,-652
-199,1673,-341
-199,1673,-341
-199,1673,-341
-199,1673,-341
-199,1673,-341
-199,1673,-341
-199,1673,-341
-382,1878,30
-382,1878,30
-382,1878,30
-382,1878,30
-382,1878,30
-382,1878,30
-382,1878,30
-348,1896,295
-348,1896,295
-348,1896,295
-348,1896,295
-348,1896,295
-348,1896,295
-348,1896,295
-199,1878,334
-199,1878,334
-199,1878,334
-199,1878,334
-199,1878,334
-199,1878,334
-199,1878,334
16,1819,306
16,1819,306
16,1819,306
16,1819,306
16,1819,306
16,1819,306
16,1819,306
262,1580,-129
262,1580,-129
262,1580,-129
262,1580,-129
262,1580,-129
262,1580,-129
262,1580,-129
548,1563,-119
548,1563,-119
548,1563,-119
548,1563,-119
548,1563,-119
548,1563,-119
548,1563,-119
565,1626,564
565,1626,564
565,1626,564
565,1626,564
565,1626,564
565,1626,564
565,1626,564
530,1708,585
530,1708,585
530,1708,585
530,1708,585
530,1708,585
530,1708,585
530,1708,585
395,1815,1254
395,1815,1254
395,1815,1254
395,1815,1254
395,1815,1254
395,1815,1254
395,1815,1254
-167,1841,1495
-167,1841,1495
-167,1841,1495
-167,1841,1495
-167,1841,1495
-167,1841,1495
-167,1841,1495
-860,1865,1430
-860,1865,1430
-860,1865,1430
-860,1865,1430
-860,1865,1430
-860,1865,1430
-860,1865,1430
-878,1867,1222
-878,1867,1222
-878,1867,1222
-878,1867,1222
-878,1867,1222
-878,1867,1222
-878,1867,1222
-1046,1878,1148
-1046,1878,1148
-1046,1878,1148
-1046,1878,1148
-1046,1878,1148
-1046,1878,1148
-1046,1878,1148
-1046,1878,1148
-1380,1849,1005
-1380,1849,1005
-1380,1849,1005
-1380,1849,1005
-1380,1849,1005
-1380,1849,1005
-1380,1849,1005
-1586,1831,762
-1586,1831,762
-1586,1831,762
-1586,1831,762
-1586,1831,762
-1586,1831,762
-1586,1831,762
-1855,1791,545
-1855,1791,545
-1855,1791,545
-1855,1791,545
-1855,1791,545
-1855,1791,545
-1855,1791,545
-2185,1701,114
-2185,1701,114
-2185,1701,114
-2185,1701,114
-2185,1701,114
-2185,1701,114
-2185,1701,114
-2752,1380,-318
-2752,1380,-318
-2752,1380,-318
-2752,1380,-318
-2752,1380,-318
-2752,1380,-318
-2752,1380,-318
-2890,1012,-507
-2890,1012,-507
-2890,1012,-507
-2890,1012,-507
-2890,1012,-507
-2890,1012,-507
-2890,1012,-507
-3008,391,-1529
-3008,391,-1529
-3008,391,-1529
-3008,391,-1529
-3008,391,-1529
-3008,391,-1529
-3008,391,-1529
-3138,-416,-1723
-3138,-416,-1723
-3138,-416,-1723
-3138,-416,-1723
-3138,-416,-1723
-3138,-416,-1723
-3138,-416,-1723
-2933,-1070,-1854
-2933,-1070,-1854
-2933,-1070,-1854
-2933,-1070,-1854
-2933,-1070,-1854
-2933,-1070,-1854
-2933,-1070,-1854
-2761,-2010,-1609
-2761,-2010,-1609
-2761,-2010,-1609
-2761,-2010,-1609
-2761,-2010,-1609
-2761,-2010,-1609
-2761,-2010,-1609
-2238,-2776,-1269
-2238,-2776,-1269
-2238,-2776,-1269
-2238,-2776,-1269
-2238,-2776,-1269
-2238,-2776,-1269
-2238,-2776,-1269
-1770,-3226,-1051
-1770,-3226,-1051
-1770,-3226,-1051
-1770,-3226,-1051
-1770,-3226,-1051
-1770,-3226,-1051
-1770,-3226,-1051
-1196,-3584,-734
-1196,-3584,-734
-1196,-3584,-734
-1196,-3584,-734
-1196,-3584,-734
-1196,-3584,-734
-1196,-3584,-734
-685,-3676,-662
-685,-3676,-662
-685,-3676,-662
-685,-3676,-662
-685,-3676,-662
-685,-3676,-662
-685,-3676,-662
-382,-3556,-730
-382,-3556,-730
-382,-3556,-730
-382,-3556,-730
-382,-3556,-730
-382,-3556,-730
-382,-3556,-730
316,-3224,-892
316,-3224,-892
316,-3224,-892
316,-3224,-892
316,-3224,-892
316,-3224,-892
316,-3224,-892
1706,-2906,60
1706,-2906,60
1706,-2906,60
1706,-2906,60
1706,-2906,60
1706,-2906,60
1706,-2906,60
3133,-2582,1561
3133,-2582,1561
3133,-2582,1561
3133,-2582,1561
3133,-2582,1561
3133,-2582,1561
3133,-2582,1561
2950,-2752,2676
2950,-2752,2676
2950,-2752,2676
2950,-2752,2676
2950,-2752,2676
2950,-2752,2676
2950,-2752,2676
1936,-3092,3336
1936,-3092,3336
1936,-3092,3336
1936,-3092,3336
1936,-3092,3336
1936,-3092,3336
1936,-3092,3336
1936,-3092,3336
1013,-3007,3602
1013,-3007,3602
1013,-3007,3602
1013,-3007,3602
1013,-3007,3602
1013,-3007,3602
1013,-3007,3602
814,-2741,3777
814,-2741,3777
814,-2741,3777
814,-2741,3777
814,-2741,3777
814,-2741,3777
814,-2741,3777
976,-2685,3770
976,-2685,3770
976,-2685,3770
976,-2685,3770
976,-2685,3770
976,-2685,3770
976,-2685,3770
1282,-2567,3839
1282,-2567,3839
1282,-2567,3839
1282,-2567,3839
1282,-2567,3839
1282,-2567,3839
1282,-2567,3839
1141,-2465,3883
1141,-2465,3883
1141,-2465,3883
1141,-2465,3883
1141,-2465,3883
1141,-2465,3883
1141,-2465,3883
860,-2202,3966
860,-2202,3966
860,-2202,3966
860,-2202,3966
860,-2202,3966
860,-2202,3966
860,-2202,3966
357,-1822,4114
357,-1822,4114
357,-1822,4114
357,-1822,4114
357,-1822,4114
357,-1822,4114
357,-1822,4114
342,-1308,4107
342,-1308,4107
342,-1308,4107
342,-1308,4107
342,-1308,4107
342,-1308,4107
342,-1308,4107
335,-1023,4502
335,-1023,4502
335,-1023,4502
335,-1023,4502
335,-1023,4502
335,-1023,4502
335,-1023,4502
299,-650,3974
299,-650,3974
299,-650,3974
299,-650,3974
299,-650,3974
299,-650,3974
299,-650,3974
438,-446,3948
438,-446,3948
438,-446,3948
438,-446,3948
438,-446,3948
438,-446,3948
438,-446,3948
226,-112,3834
226,-112,3834
226,-112,3834
226,-112,3834
226,-112,3834
226,-112,3834
226,-112,3834
-152,534,3478
-152,534,3478
-152,534,3478
-152,534,3478
-152,534,3478
-152,534,3478
-152,534,3478
-288,804,3247
-288,804,3247
-288,804,3247
-288,804,3247
-288,804,3247
-288,804,3247
-288,804,3247
-96,1140,3020
-96,1140,3020
-96,1140,3020
-96,1140,3020
-96,1140,3020
-96,1140,3020
-96,1140,3020
-513,1664,2172
-513,1664,2172
-513,1664,2172
-513,1664,2172
-513,1664,2172
-513,1664,2172
-513,1664,2172
-1629,1873,1058
-1629,1873,1058
-1629,1873,1058
-1629,1873,1058
-1629,1873,1058
-1629,1873,1058
-1629,1873,1058
-2360,1736,246
-2360,1736,246
-2360,1736,246
-2360,1736,246
-2360,1736,246
-2360,1736,246
-2360,1736,246
-2586,1637,45
-2586,1637,45
-2586,1637,45
-2586,1637,45
-2586,1637,45
-2586,1637,45
-2586,1637,45
-2376,1623,-219
-2376,1623,-219
-2376,1623,-219
-2376,1623,-219
-2376,1623,-219
-2376,1623,-219
-2376,1623,-219
-2376,1623,-219
-2067,1744,426
-2067,1744,426
-2067,1744,426
-2067,1744,426
-2067,1744,426
-2067,1744,426
-2067,1744,426
-2931,1364,-336
-2931,1364,-336
-2931,1364,-336
-2931,1364,-336
-2931,1364,-336
-2931,1364,-336
-2931,1364,-336
-3027,1281,-452
-3027,1281,-452
-3027,1281,-452
-3027,1281,-452
-3027,1281,-452
-3027,1281,-452
-3027,1281,-452
-3425,824,-831
-3425,824,-831
-3425,824,-831
-3425,824,-831
-3425,824,-831
-3425,824,-831
-3425,824,-831
-3660,36,-1201
-3660,36,-1201
-3660,36,-1201
-3660,36,-1201
-3660,36,-1201
-3660,36,-1201
-3660,36,-1201
-3802,-510,-1183
-3802,-510,-1183
-3802,-510,-1183
-3802,-510,-1183
-3802,-510,-1183
-3802,-510,-1183
-3802,-510,-1183
-3900,-397,-1033
-3900,-397,-1033
-3900,-397,-1033
-3900,-397,-1033
-3900,-397,-1033
-3900,-397,-1033
-3900,-397,-1033
-3788,76,-900
-3788,76,-900
-3788,76,-900
-3788,76,-900
-3788,76,-900
-3788,76,-900
-3788,76,-900
-3670,-90,-1272
-3670,-90,-1272
-3670,-90,-1272
-3670,-90,-1272
-3670,-90,-1272
-3670,-90,-1272
-3670,-90,-1272
-3530,189,-1209
-3530,189,-1209
-3530,189,-1209
-3530,189,-1209
-3530,189,-1209
-3530,189,-1209
-3530,189,-1209
-3642,411,-923
-3642,411,-923
-3642,411,-923
-3642,411,-923
-3642,411,-923
-3642,411,-923
-3642,411,-923
-3709,484,-712
-3709,484,-712
-3709,484,-712
-3709,484,-712
-3709,484,-712
-3709,484,-712
-3709,484,-712
-3615,349,-473
-3615,349,-473
-3615,349,-473
-3615,349,-473
-3615,349,-473
-3615,349,-473
-3615,349,-473
-3595,302,-986
-3595,302,-986
-3595,302,-986
-3595,302,-986
-3595,302,-986
-3595,302,-986
-3595,302,-986
-3620,380,-884
-3620,380,-884
-3620,380,-884
-3620,380,-884
-3620,380,-884
-3620,380,-884
-3620,380,-884
-3792,244,-797
-3792,244,-797
-3792,244,-797
-3792,244,-797
-3792,244,-797
-3792,244,-797
-3792,244,-797
-3991,105,-334
-3991,105,-334
-3991,105,-334
-3991,105,-334
-3991,105,-334
-3991,105,-334
-3991,105,-334
-4107,-202,-96
-4107,-202,-96
-4107,-202,-96
-4107,-202,-96
-4107,-202,-96
-4107,-202,-96
-4107,-202,-96
-4163,-344,172
-4163,-344,172
-4163,-344,172
-4163,-344,172
-4163,-344,172
-4163,-344,172
-4163,-344,172
-4163,-344,172
-4198,-753,-17
-4198,-753,-17
-4198,-753,-17
-4198,-753,-17
-4198,-753,-17
-4198,-753,-17
-4198,-753,-17
-4186,-1183,-163
-4186,-1183,-163
-4186,-1183,-163
-4186,-1183,-163
-4186,-1183,-163
-4186,-1183,-163
-4186,-1183,-163
-3900,-1705,-682
-3900,-1705,-682
-3900,-1705,-682
-3900,-1705,-682
-3900,-1705,-682
-3900,-1705,-682
-3900,-1705,-682
-3541,-1762,-1168
-3541,-1762,-1168
-3541,-1762,-1168
-3541,-1762,-1168
-3541,-1762,-1168
-3541,-1762,-1168
-3541,-1762,-1168
-3655,-1328,-1206
-3655,-1328,-1206
-3655,-1328,-1206
-3655,-1328,-1206
-3655,-1328,-1206
-3655,-1328,-1206
-3655,-1328,-1206
-3600,-941,-761
-3600,-941,-761
-3600,-941,-761
-3600,-941,-761
-3600,-941,-761
-3600,-941,-761
-3600,-941,-761
-3654,-583,-1317
-3654,-583,-1317
-3654,-583,-1317
-3654,-583,-1317
-3654,-583,-1317
-3654,-583,-1317
-3654,-583,-1317
-3466,-206,-1435
-3466,-206,-1435
-3466,-206,-1435
-3466,-206,-1435
-3466,-206,-1435
-3466,-206,-1435
-3466,-206,-1435
-3243,4,-1521
-3243,4,-1521
-3243,4,-1521
-3243,4,-1521
-3243,4,-1521
-3243,4,-1521
-3243,4,-1521
-2995,53,-1600
-2995,53,-1600
-2995,53,-1600
-2995,53,-1600
-2995,53,-1600
-2995,53,-1600
-2995,53,-1600
-2915,75,-1692
-2915,75,-1692
-2915,75,-1692
-2915,75,-1692
-2915,75,-1692
-2915,75,-1692
-2915,75,-1692
-2760,195,-1687
-2760,195,-1687
-2760,195,-1687
-2760,195,-1687
-2760,195,-1687
-2760,195,-1687
-2760,195,-1687
-2548,567,-1588
-2548,567,-1588
-2548,567,-1588
-2548,567,-1588
-2548,567,-1588
-2548,567,-1588
-2548,567,-1588
-2158,990,-1285
-2158,990,-1285
-2158,990,-1285
-2158,990,-1285
-2158,990,-1285
-2158,990,-1285
-2158,990,-1285
-1933,1343,-925
-1933,1343,-925
-1933,1343,-925
-1933,1343,-925
-1933,1343,-925
-1933,1343,-925
-1933,1343,-925
-1782,1548,-590
-1782,1548,-590
-1782,1548,-590
-1782,1548,-590
-1782,1548,-590
-1782,1548,-590
-1782,1548,-590
-2179,1563,-354
-2179,1563,-354
-2179,1563,-354
-2179,1563,-354
-2179,1563,-354
-2179,1563,-354
-2179,1563,-354
-2094,1689,400
-2094,1689,400
-2094,1689,400
-2094,1689,400
-2094,1689,400
-2094,1689,400
-2094,1689,400
-2402,1561,-17
-2402,1561,-17
-2402,1561,-17
-2402,1561,-17
-2402,1561,-17
-2402,1561,-17
-2402,1561,-17
-2402,1561,-17
-2553,1563,129
-2553,1563,129
-2553,1563,129
-2553,1563,129
-2553,1563,129
-2553,1563,129
-2553,1563,129
-2766,1479,85
-2766,1479,85
-2766,1479,85
-2766,1479,85
-2766,1479,85
-2766,1479,85
-2766,1479,85
-3082,1290,41
-3082,1290,41
-3082,1290,41
-3082,1290,41
-3082,1290,41
-3082,1290,41
-3082,1290,41
-3316,1098,-73
-3316,1098,-73
-3316,1098,-73
-3316,1098,-73
-3316,1098,-73
-3316,1098,-73
-3316,1098,-73
-3486,902,-176
-3486,902,-176
-3486,902,-176
-3486,902,-176
-3486,902,-176
-3486,902,-176
-3486,902,-176
-3604,696,-212
-3604,696,-212
-3604,696,-212
-3604,696,-212
-3604,696,-212
-3604,696,-212
-3604,696,-212
-3836,492,-116
-3836,492,-116
-3836,492,-116
-3836,492,-116
-3836,492,-116
-3836,492,-116
-3836,492,-116
-3974,156,-215
-3974,156,-215
-3974,156,-215
-3974,156,-215
-3974,156,-215
-3974,156,-215
-3974,156,-215
-3991,-143,-185
-3991,-143,-185
-3991,-143,-185
-3991,-143,-185
-3991,-143,-185
-3991,-143,-185
-3991,-143,-185
-4090,-423,-250
-4090,-423,-250
-4090,-423,-250
-4090,-423,-250
-4090,-423,-250
-4090,-423,-250
-4090,-423,-250
-4049,-599,314
-4049,-599,314
-4049,-599,314
-4049,-599,314
-4049,-599,314
-4049,-599,314
-4049,-599,314
-4109,-704,-210
-4109,-704,-210
-4109,-704,-210
-4109,-704,-210
-4109,-704,-210
-4109,-704,-210
-4109,-704,-210
-4133,-1120,-205
-4133,-1120,-205
-4133,-1120,-205
-4133,-1120,-205
-4133,-1120,-205
-4133,-1120,-205
-4133,-1120,-205
-4151,-1283,-185
-4151,-1283,-185
-4151,-1283,-185
-4151,-1283,-185
-4151,-1283,-185
-4151,-1283,-185
-4151,-1283,-185
-4062,-1556,-73
-4062,-1556,-73
-4062,-1556,-73
-4062,-1556,-73
-4062,-1556,-73
-4062,-1556,-73
-4062,-1556,-73
-3918,-1795,43
-3918,-1795,43
-3918,-1795,43
-3918,-1795,43
-3918,-1795,43
-3918,-1795,43
-3918,-1795,43
-3792,-2067,285
-3792,-2067,285
-3792,-2067,285
-3792,-2067,285
-3792,-2067,285
-3792,-2067,285
-3792,-2067,285
-3840,-2010,246
-3840,-2010,246
-3840,-2010,246
-3840,-2010,246
-3840,-2010,246
-3840,-2010,246
-3840,-2010,246
-3919,-1786,29
-3919,-1786,29
-3919,-1786,29
-3919,-1786,29
-3919,-1786,29
-3919,-1786,29
-3919,-1786,29
-3993,-1682,121
-3993,-1682,121
-3993,-1682,121
-3993,-1682,121
-3993,-1682,121
-3993,-1682,121
-3993,-1682,121
-4082,-1187,38
-4082,-1187,38
-4082,-1187,38
-4082,-1187,38
-4082,-1187,38
-4082,-1187,38
-4082,-1187,38
-4082,-1187,38
-4123,-437,-42
-4123,-437,-42
-4123,-437,-42
-4123,-437,-42
-4123,-437,-42
-4123,-437,-42
-4123,-437,-42
-3890,46,383
-3890,46,383
-3890,46,383
-3890,46,383
-3890,46,383
-3890,46,383
-3890,46,383
-3904,230,-283
-3904,230,-283
-3904,230,-283
-3904,230,-283
-3904,230,-283
-3904,230,-283
-3904,230,-283
-3688,382,-411
-3688,382,-411
-3688,382,-411
-3688,382,-411
-3688,382,-411
-3688,382,-411
-3688,382,-411
-3764,303,-621
-3764,303,-621
-3764,303,-621
-3764,303,-621
-3764,303,-621
-3764,303,-621
-3764,303,-621
-3754,331,-674
-3754,331,-674
-3754,331,-674
-3754,331,-674
-3754,331,-674
-3754,331,-674
-3754,331,-674
-3699,300,-863
-3699,300,-863
-3699,300,-863
-3699,300,-863
-3699,300,-863
-3699,300,-863
-3699,300,-863
-3605,183,-992
-3605,183,-992
-3605,183,-992
-3605,183,-992
-3605,183,-992
-3605,183,-992
-3605,183,-992
-3537,-86,-1199
-3537,-86,-1199
-3537,-86,-1199
-3537,-86,-1199
-3537,-86,-1199
-3537,-86,-1199
-3537,-86,-1199
-3542,-150,-1229
-3542,-150,-1229
-3542,-150,-1229
-3542,-150,-1229
-3542,-150,-1229
-3542,-150,-1229
-3542,-150,-1229
-3587,-121,-1294
-3587,-121,-1294
-3587,-121,-1294
-3587,-121,-1294
-3587,-121,-1294
-3587,-121,-1294
-3587,-121,-1294
-3566,-8,-1226
-3566,-8,-1226
-3566,-8,-1226
-3566,-8,-1226
-3566,-8,-1226
-3566,-8,-1226
-3566,-8,-1226
-3478,2,-1303
-3478,2,-1303
-3478,2,-1303
-3478,2,-1303
-3478,2,-1303
-3478,2,-1303
-3478,2,-1303
-3399,-80,-854
-3399,-80,-854
-3399,-80,-854
-3399,-80,-854
-3399,-80,-854
-3399,-80,-854
-3399,-80,-854
-3366,-291,-1454
-3366,-291,-1454
-3366,-291,-1454
-3366,-291,-1454
-3366,-291,-1454
-3366,-291,-1454
-3366,-291,-1454
-3325,-455,-1659
-3325,-455,-1659
-3325,-455,-1659
-3325,-455,-1659
-3325,-455,-1659
-3325,-455,-1659
-3325,-455,-1659
-3384,-435,-1531
-3384,-435,-1531
-3384,-435,-1531
-3384,-435,-1531
-3384,-435,-1531
-3384,-435,-1531
-3384,-435,-1531
-3654,-395,-1262
-3654,-395,-1262
-3654,-395,-1262
-3654,-395,-1262
-3654,-395,-1262
-3654,-395,-1262
-3654,-395,-1262
-3637,-481,-1310
-3637,-481,-1310
-3637,-481,-1310
-3637,-481,-1310
-3637,-481,-1310
-3637,-481,-1310
-3637,-481,-1310
-3760,-438,-1179
-3760,-438,-1179
-3760,-438,-1179
-3760,-438,-1179
-3760,-438,-1179
-3760,-438,-1179
-3760,-438,-1179
-3760,-438,-1179
-3835,-459,-1101
-3835,-459,-1101
-3835,-459,-1101
-3835,-459,-1101
-3835,-459,-1101
-3835,-459,-1101
-3835,-459,-1101
-3922,-461,-937
-3922,-461,-937
-3922,-461,-937
-3922,-461,-937
-3922,-461,-937
-3922,-461,-937
-3922,-461,-937
-4072,-444,-518
-4072,-444,-518
-4072,-444,-518
-4072,-444,-518
-4072,-444,-518
-4072,-444,-518
-4072,-444,-518
-4121,-654,-270
-4121,-654,-270
-4121,-654,-270
-4121,-654,-270
-4121,-654,-270
-4121,-654,-270
-4121,-654,-270
-4011,-860,659
-4011,-860,659
-4011,-860,659
-4011,-860,659
-4011,-860,659
-4011,-860,659
-4011,-860,659
-4089,-1137,629
-4089,-1137,629
-4089,-1137,629
-4089,-1137,629
-4089,-1137,629
-4089,-1137,629
-4089,-1137,629
-3908,-1265,1081
-3908,-1265,1081
-3908,-1265,1081
-3908,-1265,1081
-3908,-1265,1081
-3908,-1265,1081
-3908,-1265,1081
-3709,-1405,1486
-3709,-1405,1486
-3709,-1405,1486
-3709,-1405,1486
-3709,-1405,1486
-3709,-1405,1486
-3709,-1405,1486
-3523,-1406,1713
-3523,-1406,1713
-3523,-1406,1713
-3523,-1406,1713
-3523,-1406,1713
-3523,-1406,1713
-3523,-1406,1713
-3198,-1203,2213
-3198,-1203,2213
-3198,-1203,2213
-3198,-1203,2213
-3198,-1203,2213
-3198,-1203,2213
-3198,-1203,2213
-2645,-844,2682
-2645,-844,2682
-2645,-844,2682
-2645,-844,2682
-2645,-844,2682
-2645,-844,2682
-2645,-844,2682
-2406,-297,2836
-2406,-297,2836
-2406,-297,2836
-2406,-297,2836
-2406,-297,2836
-2406,-297,2836
-2406,-297,2836
-2134,519,2705
-2134,519,2705
-2134,519,2705
-2134,519,2705
-2134,519,2705
-2134,519,2705
-2134,519,2705
-2289,1244,1917
-2289,1244,1917
-2289,1244,1917
-2289,1244,1917
-2289,1244,1917
-2289,1244,1917
-2289,1244,1917
-2556,1404,1015
-2556,1404,1015
-2556,1404,1015
-2556,1404,1015
-2556,1404,1015
-2556,1404,1015
-2556,1404,1015
-3316,1157,134
-3316,1157,134
-3316,1157,134
-3316,1157,134
-3316,1157,134
-3316,1157,134
-3316,1157,134
-3255,863,-168
-3255,863,-168
-3255,863,-168
-3255,863,-168
-3255,863,-168
-3255,863,-168
-3255,863,-168
-2759,548,-1479
-2759,548,-1479
-2759,548,-1479
-2759,548,-1479
-2759,548,-1479
-2759,548,-1479
-2759,548,-1479
-1824,564,-1730
-1824,564,-1730
-1824,564,-1730
-1824,564,-1730
-1824,564,-1730
-1824,564,-1730
-1824,564,-1730
-1502,915,-1444
-1502,915,-1444
-1502,915,-1444
-1502,915,-1444
-1502,915,-1444
-1502,915,-1444
-1502,915,-1444
-1502,915,-1444
-1848,1168,-1214
-1848,1168,-1214
-1848,1168,-1214
-1848,1168,-1214
-1848,1168,-1214
-1848,1168,-1214
-1848,1168,-1214
-2645,964,-1138
-2645,964,-1138
-2645,964,-1138
-2645,964,-1138
-2645,964,-1138
-2645,964,-1138
-2645,964,-1138
-3458,592,-636
-3458,592,-636
-3458,592,-636
-3458,592,-636
-3458,592,-636
-3458,592,-636
-3458,592,-636
-3828,230,-411
-3828,230,-411
-3828,230,-411
-3828,230,-411
-3828,230,-411
-3828,230,-411
-3828,230,-411
-4057,-291,-231
-4057,-291,-231
-4057,-291,-231
-4057,-291,-231
-4057,-291,-231
-4057,-291,-231
-4057,-291,-231
-4112,-777,-227
-4112,-777,-227
-4112,-777,-227
-4112,-777,-227
-4112,-777,-227
-4112,-777,-227
-4112,-777,-227
-4074,-1081,-390
-4074,-1081,-390
-4074,-1081,-390
-4074,-1081,-390
-4074,-1081,-390
-4074,-1081,-390
-4074,-1081,-390
-3874,-1392,-638
-3874,-1392,-638
-3874,-1392,-638
-3874,-1392,-638
-3874,-1392,-638
-3874,-1392,-638
-3874,-1392,-638
-3643,-1545,-249
-3643,-1545,-249
-3643,-1545,-249
-3643,-1545,-249
-3643,-1545,-249
-3643,-1545,-249
-3643,-1545,-249
-3616,-1900,-863
-3616,-1900,-863
-3616,-1900,-863
-3616,-1900,-863
-3616,-1900,-863
-3616,-1900,-863
-3616,-1900,-863
-3435,-2041,-1034
-3435,-2041,-1034
-3435,-2041,-1034
-3435,-2041,-1034
-3435,-2041,-1034
-3435,-2041,-1034
-3435,-2041,-1034
-3362,-1958,-1234
-3362,-1958,-1234
-3362,-1958,-1234
-3362,-1958,-1234
-3362,-1958,-1234
-3362,-1958,-1234
-3362,-1958,-1234
-3359,-1751,-1418
-3359,-1751,-1418
-3359,-1751,-1418
-3359,-1751,-1418
-3359,-1751,-1418
-3359,-1751,-1418
-3359,-1751,-1418
-3338,-1495,-1537
-3338,-1495,-1537
-3338,-1495,-1537
-3338,-1495,-1537
-3338,-1495,-1537
-3338,-1495,-1537
-3338,-1495,-1537
-2989,-1018,-1811
-2989,-1018,-1811
-2989,-1018,-1811
-2989,-1018,-1811
-2989,-1018,-1811
-2989,-1018,-1811
-2989,-1018,-1811
-2881,-407,-1867
-2881,-407,-1867
-2881,-407,-1867
-2881,-407,-1867
-2881,-407,-1867
-2881,-407,-1867
-2881,-407,-1867
-2483,35,-1886
-2483,35,-1886
-2483,35,-1886
-2483,35,-1886
-2483,35,-1886
-2483,35,-1886
-2483,35,-1886
-2330,-37,-1933
-2330,-37,-1933
-2330,-37,-1933
-2330,-37,-1933
-2330,-37,-1933
-2330,-37,-1933
-2330,-37,-1933
-1936,-60,-1979
-1936,-60,-1979
-1936,-60,-1979
-1936,-60,-1979
-1936,-60,-1979
-1936,-60,-1979
-1936,-60,-1979
-1936,-60,-1979
-1532,-199,-2038
-1532,-199,-2038
-1532,-199,-2038
-1532,-199,-2038
-1532,-199,-2038
-1532,-199,-2038
-1532,-199,-2038
-1084,-1081,-1567
-1084,-1081,-1567
-1084,-1081,-1567
-1084,-1081,-1567
-1084,-1081,-1567
-1084,-1081,-1567
-1084,-1081,-1567
-529,-1654,-1889
-529,-1654,-1889
-529,-1654,-1889
-529,-1654,-1889
-529,-1654,-1889
-529,-1654,-1889
-529,-1654,-1889
-198,-2065,-1739
-198,-2065,-1739
-198,-2065,-1739
-198,-2065,-1739
-198,-2065,-1739
-198,-2065,-1739
-198,-2065,-1739
-788,-2859,-1394
-788,-2859,-1394
-788,-2859,-1394
-788,-2859,-1394
-788,-2859,-1394
-788,-2859,-1394
-788,-2859,-1394
-978,-2718,-1463
-978,-2718,-1463
-978,-2718,-1463
-978,-2718,-1463
-978,-2718,-1463
-978,-2718,-1463
-978,-2718,-1463
-1280,-2233,-1849
-1280,-2233,-1849
-1280,-2233,-1849
-1280,-2233,-1849
-1280,-2233,-1849
-1280,-2233,-1849
-1280,-2233,-1849
-1623,-1163,-2115
-1623,-1163,-2115
-1623,-1163,-2115
-1623,-1163,-2115
-1623,-1163,-2115
-1623,-1163,-2115
-1623,-1163,-2115
-1269,-449,-2073
-1269,-449,-2073
-1269,-449,-2073
-1269,-449,-2073
-1269,-449,-2073
-1269,-449,-2073
-1269,-449,-2073
-1192,-1196,-2090
-1192,-1196,-2090
-1192,-1196,-2090
-1192,-1196,-2090
-1192,-1196,-2090
-1192,-1196,-2090
-1192,-1196,-2090
-1502,-2073,-1891
-1502,-2073,-1891
-1502,-2073,-1891
-1502,-2073,-1891
-1502,-2073,-1891
-1502,-2073,-1891
-1502,-2073,-1891
-1496,-2372,-1691
-1496,-2372,-1691
-1496,-2372,-1691
-1496,-2372,-1691
-1496,-2372,-1691
-1496,-2372,-1691
-1496,-2372,-1691
-939,-2031,-1828
-939,-2031,-1828
-939,-2031,-1828
-939,-2031,-1828
-939,-2031,-1828
-939,-2031,-1828
-939,-2031,-1828
-254,-1378,-1423
-254,-1378,-1423
-254,-1378,-1423
-254,-1378,-1423
-254,-1378,-1423
-254,-1378,-1423
-254,-1378,-1423
-405,-1190,-1996
-405,-1190,-1996
-405,-1190,-1996
-405,-1190,-1996
-405,-1190,-1996
-405,-1190,-1996
-405,-1190,-1996
-690,-557,-2026
-690,-557,-2026
-690,-557,-2026
-690,-557,-2026
-690,-557,-2026
-690,-557,-2026
-690,-557,-2026
-840,-121,-1931
-840,-121,-1931
-840,-121,-1931
-840,-121,-1931
-840,-121,-1931
-840,-121,-1931
-840,-121,-1931
-843,-359,-1971
-843,-359,-1971
-843,-359,-1971
-843,-359,-1971
-843,-359,-1971
-843,-359,-1971
-843,-359,-1971
-340,-540,-1882
-340,-540,-1882
-340,-540,-1882
-340,-540,-1882
-340,-540,-1882
-340,-540,-1882
-340,-540,-1882
207,-592,-1717
207,-592,-1717
207,-592,-1717
207,-592,-1717
207,-592,-1717
207,-592,-1717
207,-592,-1717
207,-592,-1717
578,-794,-1563
578,-794,-1563
578,-794,-1563
578,-794,-1563
578,-794,-1563
578,-794,-1563
578,-794,-1563
-69,-131,-1701
-69,-131,-1701
-69,-131,-1701
-69,-131,-1701
-69,-131,-1701
-69,-131,-1701
-69,-131,-1701
-412,113,-1751
-412,113,-1751
-412,113,-1751
-412,113,-1751
-412,113,-1751
-412,113,-1751
-412,113,-1751
-888,404,-1774
-888,404,-1774
-888,404,-1774
-888,404,-1774
-888,404,-1774
-888,404,-1774
-888,404,-1774
-1238,410,-1831
-1238,410,-1831
-1238,410,-1831
-1238,410,-1831
-1238,410,-1831
-1238,410,-1831
-1238,410,-1831
-1112,375,-1403
-1112,375,-1403
-1112,375,-1403
-1112,375,-1403
-1112,375,-1403
-1112,375,-1403
-1112,375,-1403
-1080,268,-1818
-1080,268,-1818
-1080,268,-1818
-1080,268,-1818
-1080,268,-1818
-1080,268,-1818
-1080,268,-1818
-566,262,-1795
-566,262,-1795
-566,262,-1795
-566,262,-1795
-566,262,-1795
-566,262,-1795
-566,262,-1795
40,235,-1590
40,235,-1590
40,235,-1590
40,235,-1590
40,235,-1590
40,235,-1590
40,235,-1590
156,295,-1601
156,295,-1601
156,295,-1601
156,295,-1601
156,295,-1601
156,295,-1601
156,295,-1601
-84,278,-1698
-84,278,-1698
-84,278,-1698
-84,278,-1698
-84,278,-1698
-84,278,-1698
-84,278,-1698
-648,41,-1865
-648,41,-1865
-648,41,-1865
-648,41,-1865
-648,41,-1865
-648,41,-1865
-648,41,-1865
-1375,-78,-2046
-1375,-78,-2046
-1375,-78,-2046
-1375,-78,-2046
-1375,-78,-2046
-1375,-78,-2046
-1375,-78,-2046
-1805,68,-1961
-1805,68,-1961
-1805,68,-1961
-1805,68,-1961
-1805,68,-1961
-1805,68,-1961
-1805,68,-1961
-2114,153,-1959
-2114,153,-1959
-2114,153,-1959
-2114,153,-1959
-2114,153,-1959
-2114,153,-1959
-2114,153,-1959
-2085,66,-1968
-2085,66,-1968
-2085,66,-1968
-2085,66,-1968
-2085,66,-1968
-2085,66,-1968
-2085,66,-1968
-1527,-249,-2075
-1527,-249,-2075
-1527,-249,-2075
-1527,-249,-2075
-1527,-249,-2075
-1527,-249,-2075
-1527,-249,-2075
-438,-320,-1435
-438,-320,-1435
-438,-320,-1435
-438,-320,-1435
-438,-320,-1435
-438,-320,-1435
-438,-320,-1435
594,-300,-1514
594,-300,-1514
594,-300,-1514
594,-300,-1514
594,-300,-1514
594,-300,-1514
594,-300,-1514
1063,-264,-1303
1063,-264,-1303
1063,-264,-1303
1063,-264,-1303
1063,-264,-1303
1063,-264,-1303
1063,-264,-1303
610,-213,-1533
610,-213,-1533
610,-213,-1533
610,-213,-1533
610,-213,-1533
610,-213,-1533
610,-213,-1533
610,-213,-1533
-644,51,-1815
-644,51,-1815
-644,51,-1815
-644,51,-1815
-644,51,-1815
-644,51,-1815
-644,51,-1815
-2091,690,-1620
-2091,690,-1620
-2091,690,-1620
-2091,690,-1620
-2091,690,-1620
-2091,690,-1620
-2091,690,-1620
-2735,889,-1262
-2735,889,-1262
-2735,889,-1262
-2735,889,-1262
-2735,889,-1262
-2735,889,-1262
-2735,889,-1262
-3164,827,-962
-3164,827,-962
-3164,827,-962
-3164,827,-962
-3164,827,-962
-3164,827,-962
-3164,827,-962
-3344,769,-944
-3344,769,-944
-3344,769,-944
-3344,769,-944
-3344,769,-944
-3344,769,-944
-3344,769,-944
-3081,454,-1433
-3081,454,-1433
-3081,454,-1433
-3081,454,-1433
-3081,454,-1433
-3081,454,-1433
-3081,454,-1433
-2179,298,-1854
-2179,298,-1854
-2179,298,-1854
-2179,298,-1854
-2179,298,-1854
-2179,298,-1854
-2179,298,-1854
-1254,222,-1893
-1254,222,-1893
-1254,222,-1893
-1254,222,-1893
-1254,222,-1893
-1254,222,-1893
-1254,222,-1893
-647,204,-1424
-647,204,-1424
-647,204,-1424
-647,204,-1424
-647,204,-1424
-647,204,-1424
-647,204,-1424
-462,-28,-1813
-462,-28,-1813
-462,-28,-1813
-462,-28,-1813
-462,-28,-1813
-462,-28,-1813
-462,-28,-1813
-688,-207,-1935
-688,-207,-1935
-688,-207,-1935
-688,-207,-1935
-688,-207,-1935
-688,-207,-1935
-688,-207,-1935
-1500,-226,-2025
-1500,-226,-2025
-1500,-226,-2025
-1500,-226,-2025
-1500,-226,-2025
-1500,-226,-2025
-1500,-226,-2025
-2676,-278,-1889
-2676,-278,-1889
-2676,-278,-1889
-2676,-278,-1889
-2676,-278,-1889
-2676,-278,-1889
-2676,-278,-1889
-3651,-475,-1235
-3651,-475,-1235
-3651,-475,-1235
-3651,-475,-1235
-3651,-475,-1235
-3651,-475,-1235
-3651,-475,-1235
-4156,-577,-455
-4156,-577,-455
-4156,-577,-455
-4156,-577,-455
-4156,-577,-455
-4156,-577,-455
-4156,-577,-455
-4225,-669,79
-4225,-669,79
-4225,-669,79
-4225,-669,79
-4225,-669,79
-4225,-669,79
-4225,-669,79
-4207,-553,143
-4207,-553,143
-4207,-553,143
-4207,-553,143
-4207,-553,143
-4207,-553,143
-4207,-553,143
-4206,-431,115
-4206,-431,115
-4206,-431,115
-4206,-431,115
-4206,-431,115
-4206,-431,115
-4206,-431,115
-4193,-412,129
-4193,-412,129
-4193,-412,129
-4193,-412,129
-4193,-412,129
-4193,-412,129
-4193,-412,129
-4193,-412,129
-4234,-598,137
-4234,-598,137
-4234,-598,137
-4234,-598,137
-4234,-598,137
-4234,-598,137
-4234,-598,137
-4084,-566,252
-4084,-566,252
-4084,-566,252
-4084,-566,252
-4084,-566,252
-4084,-566,252
-4084,-566,252
-4053,-523,-789
-4053,-523,-789
-4053,-523,-789
-4053,-523,-789
-4053,-523,-789
-4053,-523,-789
-4053,-523,-789
-3812,-642,-1147
-3812,-642,-1147
-3812,-642,-1147
-3812,-642,-1147
-3812,-642,-1147
-3812,-642,-1147
-3812,-642,-1147
-3470,-779,-1532
-3470,-779,-1532
-3470,-779,-1532
-3470,-779,-1532
-3470,-779,-1532
-3470,-779,-1532
-3470,-779,-1532
-2866,-1304,-1794
-2866,-1304,-1794
-2866,-1304,-1794
-2866,-1304,-1794
-2866,-1304,-1794
-2866,-1304,-1794
-2866,-1304,-1794
-1468,-1357,-2062
-1468,-1357,-2062
-1468,-1357,-2062
-1468,-1357,-2062
-1468,-1357,-2062
-1468,-1357,-2062
-1468,-1357,-2062
903,-1894,-1309
903,-1894,-1309
903,-1894,-1309
903,-1894,-1309
903,-1894,-1309
903,-1894,-1309
903,-1894,-1309
1296,-2039,-1128
1296,-2039,-1128
1296,-2039,-1128
1296,-2039,-1128
1296,-2039,-1128
1296,-2039,-1128
1296,-2039,-1128
540,-2201,-1470
540,-2201,-1470
540,-2201,-1470
540,-2201,-1470
540,-2201,-1470
540,-2201,-1470
540,-2201,-1470
-750,-2375,-1694
-750,-2375,-1694
-750,-2375,-1694
-750,-2375,-1694
-750,-2375,-1694
-750,-2375,-1694
-750,-2375,-1694
-2434,-2351,-1449
-2434,-2351,-1449
-2434,-2351,-1449
-2434,-2351,-1449
-2434,-2351,-1449
-2434,-2351,-1449
-2434,-2351,-1449
-3316,-2106,-392
-3316,-2106,-392
-3316,-2106,-392
-3316,-2106,-392
-3316,-2106,-392
-3316,-2106,-392
-3316,-2106,-392
-3796,-2129,-108
-3796,-2129,-108
-3796,-2129,-108
-3796,-2129,-108
-3796,-2129,-108
-3796,-2129,-108
-3796,-2129,-108
-3700,-2293,705
-3700,-2293,705
-3700,-2293,705
-3700,-2293,705
-3700,-2293,705
-3700,-2293,705
-3700,-2293,705
-3410,-2562,962
-3410,-2562,962
-3410,-2562,962
-3410,-2562,962
-3410,-2562,962
-3410,-2562,962
-3410,-2562,962
-3202,-2981,417
-3202,-2981,417
-3202,-2981,417
-3202,-2981,417
-3202,-2981,417
-3202,-2981,417
-3202,-2981,417
-2770,-3140,-429
-2770,-3140,-429
-2770,-3140,-429
-2770,-3140,-429
-2770,-3140,-429
-2770,-3140,-429
-2770,-3140,-429
-2229,-3048,-975
-2229,-3048,-975
-2229,-3048,-975
-2229,-3048,-975
-2229,-3048,-975
-2229,-3048,-975
-2229,-3048,-975
-1782,-2589,-1552
-1782,-2589,-1552
-1782,-2589,-1552
-1782,-2589,-1552
-1782,-2589,-1552
-1782,-2589,-1552
-1782,-2589,-1552
-1502,-2331,-1679
-1502,-2331,-1679
-1502,-2331,-1679
-1502,-2331,-1679
-1502,-2331,-1679
-1502,-2331,-1679
-1502,-2331,-1679
-1502,-2331,-1679
-1321,-2167,-1747
-1321,-2167,-1747
-1321,-2167,-1747
-1321,-2167,-1747
-1321,-2167,-1747
-1321,-2167,-1747
-1321,-2167,-1747
-985,-2040,-1817
-985,-2040,-1817
-985,-2040,-1817
-985,-2040,-1817
-985,-2040,-1817
-985,-2040,-1817
-985,-2040,-1817
-320,-1992,-1710
-320,-1992,-1710
-320,-1992,-1710
-320,-1992,-1710
-320,-1992,-1710
-320,-1992,-1710
-320,-1992,-1710
817,-2066,-881
817,-2066,-881
817,-2066,-881
817,-2066,-881
817,-2066,-881
817,-2066,-881
817,-2066,-881
1024,-2296,-1125
1024,-2296,-1125
1024,-2296,-1125
1024,-2296,-1125
1024,-2296,-1125
1024,-2296,-1125
1024,-2296,-1125
700,-2487,-1243
700,-2487,-1243
700,-2487,-1243
700,-2487,-1243
700,-2487,-1243
700,-2487,-1243
700,-2487,-1243
180,-2583,-1341
180,-2583,-1341
180,-2583,-1341
180,-2583,-1341
180,-2583,-1341
180,-2583,-1341
180,-2583,-1341
-604,-2569,-1499
-604,-2569,-1499
-604,-2569,-1499
-604,-2569,-1499
-604,-2569,-1499
-604,-2569,-1499
-604,-2569,-1499
-1466,-2377,-1719
-1466,-2377,-1719
-1466,-2377,-1719
-1466,-2377,-1719
-1466,-2377,-1719
-1466,-2377,-1719
-1466,-2377,-1719
-3030,-2016,-1337
-3030,-2016,-1337
-3030,-2016,-1337
-3030,-2016,-1337
-3030,-2016,-1337
-3030,-2016,-1337
-3030,-2016,-1337
-3967,-1586,-537
-3967,-1586,-537
-3967,-1586,-537
-3967,-1586,-537
-3967,-1586,-537
-3967,-1586,-537
-3967,-1586,-537
-4086,-1326,-221
-4086,-1326,-221
-4086,-1326,-221
-4086,-1326,-221
-4086,-1326,-221
-4086,-1326,-221
-4086,-1326,-221
-4092,-803,-566
-4092,-803,-566
-4092,-803,-566
-4092,-803,-566
-4092,-803,-566
-4092,-803,-566
-4092,-803,-566
-3877,-5,-905
-3877,-5,-905
-3877,-5,-905
-3877,-5,-905
-3877,-5,-905
-3877,-5,-905
-3877,-5,-905
-3553,370,-971
-3553,370,-971
-3553,370,-971
-3553,370,-971
-3553,370,-971
-3553,370,-971
-3553,370,-971
-2966,822,-683
-2966,822,-683
-2966,822,-683
-2966,822,-683
-2966,822,-683
-2966,822,-683
-2966,822,-683
-2329,973,-1441
-2329,973,-1441
-2329,973,-1441
-2329,973,-1441
-2329,973,-1441
-2329,973,-1441
-2329,973,-1441
-1678,1198,-1381
-1678,1198,-1381
-1678,1198,-1381
-1678,1198,-1381
-1678,1198,-1381
-1678,1198,-1381
-1678,1198,-1381
-1493,1353,-1236
-1493,1353,-1236
-1493,1353,-1236
-1493,1353,-1236
-1493,1353,-1236
-1493,1353,-1236
-1493,1353,-1236
-1660,1120,-1475
-1660,1120,-1475
-1660,1120,-1475
-1660,1120,-1475
-1660,1120,-1475
-1660,1120,-1475
-1660,1120,-1475
-1899,815,-1740
-1899,815,-1740
-1899,815,-1740
-1899,815,-1740
-1899,815,-1740
-1899,815,-1740
-1899,815,-1740
-1899,815,-1740
-2022,666,-1825
-2022,666,-1825
-2022,666,-1825
-2022,666,-1825
-2022,666,-1825
-2022,666,-1825
-2022,666,-1825
-2156,590,-1864
-2156,590,-1864
-2156,590,-1864
-2156,590,-1864
-2156,590,-1864
-2156,590,-1864
-2156,590,-1864
-2333,407,-1922
-2333,407,-1922
-2333,407,-1922
-2333,407,-1922
-2333,407,-1922
-2333,407,-1922
-2333,407,-1922
-2596,-76,-2014
-2596,-76,-2014
-2596,-76,-2014
-2596,-76,-2014
-2596,-76,-2014
-2596,-76,-2014
-2596,-76,-2014
-2959,-391,-1966
-2959,-391,-1966
-2959,-391,-1966
-2959,-391,-1966
-2959,-391,-1966
-2959,-391,-1966
-2959,-391,-1966
-2934,-372,-1999
-2934,-372,-1999
-2934,-372,-1999
-2934,-372,-1999
-2934,-372,-1999
-2934,-372,-1999
-2934,-372,-1999
-2686,-376,-1517
-2686,-376,-1517
-2686,-376,-1517
-2686,-376,-1517
-2686,-376,-1517
-2686,-376,-1517
-2686,-376,-1517
-2761,-322,-1961
-2761,-322,-1961
-2761,-322,-1961
-2761,-322,-1961
-2761,-322,-1961
-2761,-322,-1961
-2761,-322,-1961
-3097,236,-1705
