phase,x,y,theta,alpha,ref_x,ref_y,ref_theta,ref_alpha
0,0.0,0.0,0.0,89.30669086958694,0,0,0.0,11.2
0,0.0,0.0,0.0,89.30366314594198,0,0,0.0,11.2
0,0.0,0.0,0.0,89.30538509749681,0,0,0.0,11.2
0,0.0,0.0,0.0,89.30606836442144,0,0,0.0,11.2
0,0.0,0.0,0.0,89.30775198627212,0,0,0.0,11.2
0,0.0,0.0,0.0,89.30994431633152,0,0,0.0,11.2
0,0.0,0.0,0.0,89.31276944498562,0,0,0.0,11.2
0,0.0,0.0,0.0,89.31135378959378,0,0,0.0,11.2
0,0.0,0.0,0.0,89.31200948956764,0,0,0.0,11.2
0,0.0,0.0,0.0,89.31114962389873,0,0,0.0,11.2
0,0.0,0.0,0.0,89.3134336871625,0,0,0.0,11.2
0,0.0,0.0,0.0,89.31419093435522,0,0,0.0,11.2
0,0.0,0.0,0.0,89.31540012368997,0,0,0.0,11.2
0,0.0,0.0,0.0,89.31757301832334,0,0,0.0,11.2
0,0.0,0.0,0.0,89.31768578760679,0,0,0.0,11.2
0,0.0,0.0,0.0,89.3168091961572,0,0,0.0,11.2
0,0.0,0.0,0.0,89.32049019237229,0,0,0.0,11.2
0,0.0,0.0,0.0,89.321514745533,0,0,0.0,11.2
0,0.0,0.0,0.0,89.32205583087288,0,0,0.0,11.2
0,0.0,0.0,0.0,89.3226752877201,0,0,0.0,11.2
0,0.0,0.0,0.0,89.32472961026883,0,0,0.0,11.2
0,0.0,0.0,0.0,89.32670615699422,0,0,0.0,11.2
0,0.0,0.0,0.0,89.32822996287666,0,0,0.0,11.2
0,0.0,0.0,0.0,89.32938376000891,0,0,0.0,11.2
0,0.0,0.0,0.0,89.32944738761165,0,0,0.0,11.2
0,0.0,0.0,0.0,89.33048224021594,0,0,0.0,11.2
0,0.0,0.0,0.0,89.33055153946799,0,0,0.0,11.2
0,0.0,0.0,0.0,89.33117590665442,0,0,0.0,11.2
0,0.0,0.0,0.0,89.33126177325369,0,0,0.0,11.2
0,0.0,0.0,0.0,89.33393485496534,0,0,0.0,11.2
0,0.0,0.0,0.0,89.33306827622222,0,0,0.0,11.2
0,0.0,0.0,0.0,89.3322673298015,0,0,0.0,11.2
0,0.0,0.0,0.0,89.33446535003601,0,0,0.0,11.2
0,0.0,0.0,0.0,89.33496219024391,0,0,0.0,11.2
0,0.0,0.0,0.0,89.3365573516799,0,0,0.0,11.2
0,0.0,0.0,0.0,89.33661778976062,0,0,0.0,11.2
0,0.0,0.0,0.0,89.33660954894586,0,0,0.0,11.2
0,0.0,0.0,0.0,89.33661072094569,0,0,0.0,11.2
0,0.0,0.0,0.0,89.33661153032493,0,0,0.0,11.2
0,0.0,0.0,0.0,89.33757819679498,0,0,0.0,11.2
0,0.0,0.0,0.0,89.3374053715492,0,0,0.0,11.2
0,0.0,0.0,0.0,89.33713806800404,0,0,0.0,11.2
0,0.0,0.0,0.0,89.33707720594039,0,0,0.0,11.2
0,0.0,0.0,0.0,89.33707762430116,0,0,0.0,11.2
0,0.0,0.0,0.0,89.33700148440833,0,0,0.0,11.2
0,0.0,0.0,0.0,89.33691000346509,0,0,0.0,11.2
0,0.0,0.0,0.0,89.3389583775755,0,0,0.0,11.2
0,0.0,0.0,0.0,89.33999787763148,0,0,0.0,11.2
0,0.0,0.0,0.0,89.33949160437557,0,0,0.0,11.2
0,0.0,0.0,0.0,89.34157810707786,0,0,0.0,11.2
0,0.0,0.0,0.0,89.34201607126676,0,0,0.0,11.2
0,0.0,0.0,0.0,89.34155081333158,0,0,0.0,11.2
0,0.0,0.0,0.0,89.34356034968434,0,0,0.0,11.2
0,0.0,0.0,0.0,89.34656490811442,0,0,0.0,11.2
0,0.0,0.0,0.0,89.3469650659525,0,0,0.0,11.2
0,0.0,0.0,0.0,89.34633903231865,0,0,0.0,11.2
0,0.0,0.0,0.0,89.34614930524559,0,0,0.0,11.2
0,0.0,0.0,0.0,89.34544551512768,0,0,0.0,11.2
0,0.0,0.0,0.0,89.34787675093797,0,0,0.0,11.2
0,0.0,0.0,0.0,89.34774349410434,0,0,0.0,11.2
0,0.0,0.0,0.0,89.34825794870937,0,0,0.0,11.2
0,0.0,0.0,0.0,89.34980221948352,0,0,0.0,11.2
0,0.0,0.0,0.0,89.35031240364339,0,0,0.0,11.2
0,0.0,0.0,0.0,89.34920915878503,0,0,0.0,11.2
0,0.0,0.0,0.0,89.34918210352694,0,0,0.0,11.2
0,0.0,0.0,0.0,89.34906727043415,0,0,0.0,11.2
0,0.0,0.0,0.0,89.35163515174112,0,0,0.0,11.2
0,0.0,0.0,0.0,89.35263570466215,0,0,0.0,11.2
0,0.0,0.0,0.0,89.35255032457745,0,0,0.0,11.2
0,0.0,0.0,0.0,89.35349736140934,0,0,0.0,11.2
0,0.0,0.0,0.0,89.3517637443457,0,0,0.0,11.2
0,0.0,0.0,0.0,89.3520458660753,0,0,0.0,11.2
0,0.0,0.0,0.0,89.3523249936269,0,0,0.0,11.2
0,0.0,0.0,0.0,89.35215477783237,0,0,0.0,11.2
0,0.0,0.0,0.0,89.35253922215534,0,0,0.0,11.2
0,0.0,0.0,0.0,89.35301088588383,0,0,0.0,11.2
0,0.0,0.0,0.0,89.35293768105302,0,0,0.0,11.2
0,0.0,0.0,0.0,89.35338422318789,0,0,0.0,11.2
0,0.0,0.0,0.0,89.35746691864007,0,0,0.0,11.2
0,0.0,0.0,0.0,89.35947121901154,0,0,0.0,11.2
0,0.0,0.0,0.0,89.36045302768989,0,0,0.0,11.2
0,0.0,0.0,0.0,89.35936674140154,0,0,0.0,11.2
0,0.0,0.0,0.0,89.36070578375298,0,0,0.0,11.2
0,0.0,0.0,0.0,89.37681508280872,0,0,0.0,11.2
0,0.0,0.0,0.0,89.37965735222119,0,0,0.0,11.2
0,0.0,0.0,0.0,89.31446510770209,0,0,0.0,11.2
0,0.0,0.0,0.0,89.28086109359313,0,0,0.0,11.2
0,0.0,0.0,0.0,89.09203696328872,0,0,0.0,11.2
0,0.0,0.0,0.0,88.81766701189976,0,0,0.0,11.2
0,0.0,0.0,0.0,88.41516395982097,0,0,0.0,11.2
0,0.0,0.0,0.0,87.97293118836984,0,0,0.0,11.2
0,0.0,0.0,0.0,87.40074191274635,0,0,0.0,11.2
0,0.0,0.0,0.0,86.57592353275663,0,0,0.0,11.2
0,0.0,0.0,0.0,85.44500201607211,0,0,0.0,11.2
0,0.0,0.0,0.0,84.17682719276795,0,0,0.0,11.2
0,0.0,0.0,0.0,82.78175514817248,0,0,0.0,11.2
0,0.0,0.0,0.0,81.06436119870926,0,0,0.0,11.2
0,0.0,0.0,0.0,79.1354002671878,0,0,0.0,11.2
0,0.0,0.0,0.0,77.13598209787176,0,0,0.0,11.2
0,0.0,0.0,0.0,75.10414373240518,0,0,0.0,11.2
0,0.0,0.0,0.0,73.00745431556331,0,0,0.0,11.2
0,0.0,0.0,0.0,70.82266993289979,0,0,0.0,11.2
0,0.0,0.0,0.0,68.51515019725761,0,0,0.0,11.2
0,0.0,0.0,0.0,65.95390829868658,0,0,0.0,11.2
0,0.0,0.0,0.0,63.208409345132694,0,0,0.0,11.2
0,0.0,0.0,0.0,60.45774587804445,0,0,0.0,11.2
0,0.0,0.0,0.0,57.80976527622842,0,0,0.0,11.2
0,0.0,0.0,0.0,55.19161207500475,0,0,0.0,11.2
0,0.0,0.0,0.0,52.60478818769985,0,0,0.0,11.2
0,0.0,0.0,0.0,50.13648599230639,0,0,0.0,11.2
0,0.0,0.0,0.0,47.67792649370248,0,0,0.0,11.2
0,0.0,0.0,0.0,45.24907772038059,0,0,0.0,11.2
0,0.0,0.0,0.0,42.88796345987982,0,0,0.0,11.2
0,0.0,0.0,0.0,40.578849582407294,0,0,0.0,11.2
0,0.0,0.0,0.0,38.364974065535236,0,0,0.0,11.2
0,0.0,0.0,0.0,36.22212648753289,0,0,0.0,11.2
0,0.0,0.0,0.0,34.110284984249766,0,0,0.0,11.2
0,0.0,0.0,0.0,32.027158949157574,0,0,0.0,11.2
1,0.0,0.0,0.0,29.957580780983008,0,0,0.0,11.2
2,0.0,0.0,0.0,27.925619864713816,0,0,0.0,11.2
3,0.0,0.0,0.0,25.968410116371775,0,0,0.0,11.2
3,0.0,0.0,0.0,24.08649847380827,0,0,0.0,11.2
3,0.0,0.0,0.0,22.31598493079496,0,0,0.0,11.2
3,-0.12417350465849462,-0.00014826039653970113,0.13681970203709334,20.74098968759829,0,0,0.0,11.2
3,-0.6208618586811513,-0.0025204165960706067,0.41045910611128,19.440965859155796,0,0,0.0,11.2
3,-2.235022301803183,-0.019866520304862245,0.82091821222256,18.496097292225677,0,0,0.0,11.2
3,-2.8558154783792493,-0.029503061414396736,0.9577379142596534,18.193473449325477,0,0,0.0,11.2
3,-6.208098631890007,-0.0815403834058829,0.8209182122225599,18.450642233911314,0,0,0.0,11.2
3,-9.436281446311614,-0.1277960664802871,0.8209182122225599,19.40143239660802,0,0,0.0,11.2
3,-12.16790382972744,-0.1604125632491469,0.5472788081483733,20.642000717836353,0,0,0.0,11.2
3,-15.147934823818545,-0.18887814005407702,0.5472788081483733,21.806048920578586,0,0,0.0,11.2
3,-17.755489204315385,-0.21067216979039793,0.4104591061112804,22.74099242313584,0,0,0.0,11.2
3,-20.61145809711736,-0.22090209826207083,1.9381505090168305e-15,23.30213769725182,0,0,0.0,11.2
3,-22.22571365767779,-0.2189747131070547,-0.1368197020370909,23.622272161655324,0,0,0.0,11.2
3,-22.598232047421,-0.21764037207446194,-0.27363940407418574,23.413064135223088,0,0,0.0,11.2
3,-23.591594593998575,-0.21052393729289126,-0.5472788081483715,22.90339232833949,0,0,0.0,11.2
3,-23.591594593998575,-0.21052393729289126,-0.5472788081483715,22.209358022931163,0,0,0.0,11.2
3,-23.591594593998575,-0.21052393729289126,-0.5472788081483715,21.900132312112703,0,0,0.0,11.2
3,-23.591594593998575,-0.21052393729289126,-0.5472788081483715,21.474360661481768,0,0,0.0,11.2
3,-23.591594593998575,-0.21052393729289126,-0.5472788081483715,21.299054778789998,0,0,0.0,11.2
3,-23.591594593998575,-0.21052393729289126,-0.5472788081483715,21.144718026283336,0,0,0.0,11.2
3,-23.591594593998575,-0.21052393729289126,-0.5472788081483715,21.1027924583924,0,0,0.0,11.2
3,-23.591594593998575,-0.21052393729289126,-0.5472788081483715,21.13504256939397,0,0,0.0,11.2
3,-23.46742533778444,-0.21156174823271606,-0.4104591061112786,21.272143047046516,0,0,0.0,11.2
3,-23.343256081570306,-0.21259955917254086,-0.5472788081483715,21.38210932459268,0,0,0.0,11.2
3,-22.9707483129279,-0.21571299199201524,-0.4104591061112767,21.443822255179516,0,0,0.0,11.2
3,-22.225725694934656,-0.221050323150724,-0.4104591061112767,21.55647743844272,0,0,0.0,11.2
3,-21.480703076941413,-0.22638765430943278,-0.4104591061112767,21.36837316406335,0,0,0.0,11.2
3,-19.990657840954924,-0.23706231662685032,-0.4104591061112767,21.016123362219112,0,0,0.0,11.2
3,-18.376457510171164,-0.2505538588445728,-0.5472788081483695,20.412935685718057,0,0,0.0,11.2
3,-15.396426516080059,-0.2790194356495027,-0.5472788081483695,19.430416120589484,0,0,0.0,11.2
3,-12.664804132664234,-0.3116359324183625,-0.8209182122225561,18.371621950833244,0,0,0.0,11.2
3,-9.684943073198134,-0.35433348602550463,-0.8209182122225561,16.956532079912964,0,0,0.0,11.2
3,-6.084342649056952,-0.41022542446080446,-0.9577379142596498,15.474822709231125,0,0,0.0,11.2
3,-1.242155871763634,-0.4853904451151735,-0.8209182122225565,13.765569875824625,0,0,0.0,11.2
3,2.4826704525689913,-0.5387623871241012,-0.8209182122225565,12.03824604988089,0,0,0.0,11.2
3,6.083394078083849,-0.5860561051729565,-0.6840985101854632,10.292498412057016,0,0,0.0,11.2
3,9.684295663779515,-0.6161525652211318,-0.2736394040741837,8.648133288988916,0,0,0.0,11.2
3,13.65783648361255,-0.6256412170729285,2.981770013872047e-15,7.03546149240065,0,0,0.0,11.2
3,16.389656182386283,-0.6256412170729285,2.003137804190965e-15,5.582927975147191,0,0,0.0,11.2
3,18.50060576158069,-0.6281616438141034,-0.13681970203709085,4.796469061172962,0,0,0.0,11.2
3,20.36319771029674,-0.6348333489770673,-0.27363940407418363,4.742110292233947,0,0,0.0,11.2
3,20.98405461244803,-0.6385398377549066,-0.41045910611127645,5.051530492144273,0,0,0.0,11.2
3,21.108223868662165,-0.6395776486947314,-0.5472788081483693,5.8420431873616145,0,0,0.0,11.2
3,21.23239029260698,-0.6409119669008742,-0.6840985101854621,6.658239108804898,0,0,0.0,11.2
3,21.356553176245423,-0.6425427847646278,-0.8209182122225549,7.394106127779741,0,0,0.0,11.2
3,21.604882483828682,-0.6455079208345241,-0.5472788081483673,8.079727078974615,0,0,0.0,11.2
3,21.729051740042816,-0.6465457317743489,-0.41045910611127445,8.463417423206401,0,0,0.0,11.2
3,22.101565881333592,-0.6487696250410525,-0.2736394040741797,8.777258709907404,0,0,0.0,11.2
3,23.09494353347245,-0.6535139419490512,-0.2736394040741797,8.937345893578032,0,0,0.0,11.2
3,23.96415310953994,-0.6566274043584344,-0.13681970203708682,8.6485023120105,0,0,0.0,11.2
3,25.081714651466392,-0.6579617479272917,6.013236194641962e-15,8.260255471412862,0,0,0.0,11.2
3,26.323446157664215,-0.6609269516309781,-0.2736394040741816,7.835870052728461,0,0,0.0,11.2
3,27.192645820676024,-0.6661160359199532,-0.41045910611127445,7.280657227289719,0,0,0.0,11.2
3,29.055184663888053,-0.6816832000173253,-0.5472788081483673,6.603353713544064,0,0,0.0,11.2
3,30.04852832858509,-0.6911717256189686,-0.5472788081483673,5.88650481436829,0,0,0.0,11.2
3,31.041871993282125,-0.7006602512206118,-0.5472788081483673,5.387882473959926,0,0,0.0,11.2
3,31.6627182743528,-0.7058493059197358,-0.41045910611127445,5.339761324741706,0,0,0.0,11.2
3,31.78688965478306,-0.7065906036753037,-0.2736394040741817,5.441273434413508,0,0,0.0,11.2
3,31.78688965478306,-0.7065906036753037,-0.2736394040741817,5.658209437291477,0,0,0.0,11.2
3,31.78688965478306,-0.7065906036753037,-0.2736394040741817,5.755891837198439,0,0,0.0,11.2
3,31.78688965478306,-0.7065906036753037,-0.2736394040741817,5.74960615296622,0,0,0.0,11.2
3,31.78688965478306,-0.7065906036753037,-0.2736394040741817,5.674686223059833,0,0,0.0,11.2
3,31.78688965478306,-0.7065906036753037,-0.2736394040741817,5.56019283557794,0,0,0.0,11.2
3,31.78688965478306,-0.7065906036753037,-0.2736394040741817,5.348866645641122,0,0,0.0,11.2
3,31.78688965478306,-0.7065906036753037,-0.2736394040741817,5.089144372453889,0,0,0.0,11.2
3,31.78688965478306,-0.7065906036753037,-0.2736394040741817,4.762141129669559,0,0,0.0,11.2
3,31.78688965478306,-0.7065906036753037,-0.2736394040741817,4.48714048627296,0,0,0.0,11.2
3,31.53854524174835,-0.705404524448304,-0.2736394040741817,4.1973944548763304,0,0,0.0,11.2
3,31.414372445167277,-0.7049597441041064,-0.13681970203708882,3.853428813580168,0,0,0.0,11.2
3,31.04185263926922,-0.705404524448304,0.2736394040741917,3.5579795116539477,0,0,0.0,11.2
3,30.296847722927744,-0.7125208915962375,0.820918212222565,3.3881676240119565,0,0,0.0,11.2
3,29.3035984656695,-0.729125274843596,1.0945576162967507,3.485982807623276,0,0,0.0,11.2
3,27.813860522314027,-0.7611470400657956,1.3681970203709384,3.8983022252958786,0,0,0.0,11.2
3,25.95173588471201,-0.803397638963271,1.2313773183338454,4.532427603223246,0,0,0.0,11.2
3,22.972115560090497,-0.8603261413688826,0.9577379142596597,5.4295397555793885,0,0,0.0,11.2
3,20.11637466453556,-0.8978348809393744,0.5472788081483813,6.557189706333581,0,0,0.0,11.2
3,18.998851358608345,-0.9071751793977976,0.4104591061112884,7.866749111716819,0,0,0.0,11.2
3,12.914384326096345,-0.9144398974023626,-0.27363940407417775,9.348769661408165,0,0,0.0,11.2
3,9.810099815339886,-0.8959074535131663,-0.41045910611127157,10.808380502815513,0,0,0.0,11.2
3,6.7058153045834255,-0.8773750096239699,-0.27363940407417775,12.305858777376725,0,0,0.0,11.2
3,3.8498301260316374,-0.8739650269851217,0.13681970203710223,13.800720781882672,0,0,0.0,11.2
3,0.24881902518060706,-0.8868636569668519,0.27363940407419557,14.82722977341841,0,0,0.0,11.2
3,-1.613772923535443,-0.8935353621298158,0.13681970203710223,15.83421776671892,0,0,0.0,11.2
3,-3.228019279089353,-0.8993175066043845,0.27363940407419557,16.069578609109087,0,0,0.0,11.2
3,-3.8488761812406453,-0.9030239953822238,0.41045910611128916,16.013610620774614,0,0,0.0,11.2
3,-5.362242207549958,-0.9030239953822238,0.41045910611128894,15.703135121769826,0,0,0.0,11.2
3,-5.734756348840733,-0.9052478886489274,0.27363940407419557,15.17983110451262,0,0,0.0,11.2
3,-5.858929145421803,-0.905692668993125,0.13681970203710223,14.532891850019226,0,0,0.0,11.2
3,-5.983102650080298,-0.9058409293896647,8.895613874718273e-15,13.955440219466242,0,0,0.0,11.2
3,-6.107276154738792,-0.9059891897862044,0.13681970203710223,13.301584991591335,0,0,0.0,11.2
3,-6.231449659397287,-0.906137450182744,8.895613874718273e-15,12.782019457568738,0,0,0.0,11.2
3,-6.8523171826897595,-0.9068787521654426,0.13681970203710223,12.378363185989013,0,0,0.0,11.2
3,-8.094038067746402,-0.9128091426642698,0.41045910611128894,12.149111073672586,0,0,0.0,11.2
3,-9.10294875195261,-0.9128091426642698,0.4104591061112884,12.360372751577897,0,0,0.0,11.2
3,-10.344653115274683,-0.9217046945954513,0.4104591061112884,12.79928491659485,0,0,0.0,11.2
3,-12.579674236705221,-0.943053856909159,0.6840985101854751,13.456977230781467,0,0,0.0,11.2
3,-14.317981041852796,-0.963809829124642,0.6840985101854751,14.326651242114336,0,0,0.0,11.2
3,-15.932144553135371,-0.9811559658044973,0.5472788081483813,15.390702197476406,0,0,0.0,11.2
3,-17.42218837300173,-0.9918306179768532,0.2736394040741937,16.613591625729324,0,0,0.0,11.2
3,-18.91226618043912,-0.995388862421277,6.062932361539829e-15,16.988926358911577,0,0,0.0,11.2
3,-20.27817473168256,-0.9937579980593403,-0.13681970203708874,17.246167035081704,0,0,0.0,11.2
3,-20.650688164908026,-0.99153410901975,-0.5472788081483693,17.190762964523838,0,0,0.0,11.2
3,-20.650688164908026,-0.99153410901975,-0.5472788081483693,16.71551494088407,0,0,0.0,11.2
3,-20.650688164908026,-0.99153410901975,-0.5472788081483693,16.381903748696367,0,0,0.0,11.2
3,-20.650688164908026,-0.99153410901975,-0.5472788081483693,16.232256742972705,0,0,0.0,11.2
3,-20.650688164908026,-0.99153410901975,-0.5472788081483693,16.166746962594907,0,0,0.0,11.2
3,-20.650688164908026,-0.99153410901975,-0.5472788081483693,16.280041114536633,0,0,0.0,11.2
3,-20.650688164908026,-0.99153410901975,-0.5472788081483693,16.214360538113784,0,0,0.0,11.2
3,-20.650688164908026,-0.99153410901975,-0.5472788081483693,16.168944321507258,0,0,0.0,11.2
3,-20.650688164908026,-0.99153410901975,-0.5472788081483693,16.321457535020684,0,0,0.0,11.2
3,-20.650688164908026,-0.99153410901975,-0.5472788081483693,16.428328429462884,0,0,0.0,11.2
3,-20.650688164908026,-0.99153410901975,-0.5472788081483693,16.73859576798143,0,0,0.0,11.2
3,-20.650688164908026,-0.99153410901975,-0.5472788081483693,16.855605511002896,0,0,0.0,11.2
3,-20.52652174096321,-0.9928684272258927,-0.6840985101854621,17.121360044171446,0,0,0.0,11.2
3,-20.402358857324767,-0.9944992450896464,-0.8209182122225549,17.34387985488098,0,0,0.0,11.2
3,-20.278195973686323,-0.9961300629534,-0.6840985101854621,17.60556064736153,0,0,0.0,11.2
3,-19.905688913097116,-0.9992434898549354,-0.2736394040741816,17.833022262586244,0,0,0.0,11.2
3,-19.284824930191764,-1.0014673915759233,-0.13681970203708876,18.053601976358415,0,0,0.0,11.2
3,-18.539783902240796,-1.0014673915759233,0.13681970203709692,17.909511223506165,0,0,0.0,11.2
3,-16.80135814138601,-0.9973161024454286,0.13681970203709692,17.691158973411678,0,0,0.0,11.2
3,-15.18710258082558,-0.9953887172904125,3.1060104311167155e-15,17.056428592559932,0,0,0.0,11.2
3,-12.9519858696695,-1.0007260839570482,-0.2736394040741835,16.227885319664477,0,0,0.0,11.2
3,-9.599422324366637,-1.0287469260708666,-0.684098510185464,15.148065375534928,0,0,0.0,11.2
3,-8.730282138897532,-1.040162651117142,-0.8209182122225568,14.034284600925204,0,0,0.0,11.2
3,-4.136604747482234,-1.1224426355486499,-1.2313773183338368,12.640934760056592,0,0,0.0,11.2
3,-0.16396645632250983,-1.2078340906294809,-1.2313773183338368,11.303717461836603,0,0,0.0,11.2
3,2.8156538682990035,-1.2647625930350923,-0.9577379142596502,9.911598618757669,0,0,0.0,11.2
3,5.547268463418333,-1.2973789968090466,-0.41045910611127634,8.481966144119308,0,0,0.0,11.2
3,8.030724395059922,-1.3033093873078738,0.13681970203709698,7.20113304384686,0,0,0.0,11.2
3,10.762536304974581,-1.2967859329599536,0.13681970203709698,6.236518294894734,0,0,0.0,11.2
3,12.252615528564396,-1.2932276851338151,0.13681970203709698,5.913603104121184,0,0,0.0,11.2
3,12.997655140359305,-1.291448561220746,0.13681970203709698,6.097137722864301,0,0,0.0,11.2
3,13.742691919851781,-1.2932276783703942,-0.41045910611127634,6.555142051418299,0,0,0.0,11.2
3,14.115199688494187,-1.2963411111898686,-0.5472788081483692,7.12263485194245,0,0,0.0,11.2
3,14.363528996077443,-1.299306247259765,-0.8209182122225558,7.673510927856356,0,0,0.0,11.2
3,14.611850751032952,-1.3028643767270267,-0.8209182122225558,8.30938349759167,0,0,0.0,11.2
3,14.984349314830345,-1.3068673237367479,-0.4104591061112754,8.930812412499556,0,0,0.0,11.2
3,15.232693491841673,-1.3080534018365133,-0.13681970203708874,9.194594918676108,0,0,0.0,11.2
3,15.970459429667462,-1.3080534018365133,-0.13681970203708776,9.358685236976536,0,0,0.0,11.2
3,16.216381408942727,-1.3080534018365133,-0.1368197020370868,9.325294367206444,0,0,0.0,11.2
3,18.20315748347864,-1.3080534018365133,0.13681970203709887,8.927433888710636,0,0,0.0,11.2
3,19.320719025405094,-1.306719058267656,6.038084278090895e-15,8.464380877101206,0,0,0.0,11.2
3,20.81079683284248,-1.3102773027120798,-0.2736394040741816,7.8111777004854535,0,0,0.0,11.2
3,22.176682017575324,-1.3184315780233262,-0.41045910611127634,7.077555031648049,0,0,0.0,11.2
3,23.666696098529016,-1.3326643528991313,-0.684098510185464,6.312218801168036,0,0,0.0,11.2
3,24.66001427289906,-1.3445249084508357,-0.684098510185464,5.4913131575175615,0,0,0.0,11.2
3,25.405002903676593,-1.353420325114614,-0.684098510185464,5.12954739442095,0,0,0.0,11.2
3,25.777502175511035,-1.357423279733042,-0.5472788081483692,5.1543529967767405,0,0,0.0,11.2
3,25.777502175511035,-1.357423279733042,-0.5472788081483692,5.2606444572224955,0,0,0.0,11.2
3,25.777502175511035,-1.357423279733042,-0.5472788081483692,5.273138829708771,0,0,0.0,11.2
3,25.777502175511035,-1.357423279733042,-0.5472788081483692,5.251515835878628,0,0,0.0,11.2
3,25.777502175511035,-1.357423279733042,-0.5472788081483692,5.140223586359096,0,0,0.0,11.2
3,25.777502175511035,-1.357423279733042,-0.5472788081483692,4.982667188875165,0,0,0.0,11.2
3,25.6533329192969,-1.3563854687932173,-0.41045910611127634,4.822365086707606,0,0,0.0,11.2
3,25.529161538866642,-1.3556441710376494,-0.2736394040741835,4.624583944765807,0,0,0.0,11.2
3,25.40498874228557,-1.3551993906934519,-0.1368197020370907,4.400411456502751,0,0,0.0,11.2
3,25.280815237627078,-1.3550511302969122,2.1369351766083005e-15,4.043299653636214,0,0,0.0,11.2
3,24.908297555957255,-1.3563854687932173,0.4104591061112826,3.896798656456534,0,0,0.0,11.2
3,24.16329051548041,-1.3635018562311199,0.6840985101854684,3.6945833646755153,0,0,0.0,11.2
3,23.294150330011306,-1.3749175812773953,0.8209182122225611,3.7477508592198516,0,0,0.0,11.2
3,22.052588758438496,-1.3956730603365932,1.0945576162967487,4.077053429748874,0,0,0.0,11.2
3,19.81777792960744,-1.4330329226431493,0.8209182122225613,4.639494967808496,0,0,0.0,11.2
3,18.32784739987439,-1.4543816994467205,0.8209182122225613,5.424693708881754,0,0,0.0,11.2
3,15.22369270156279,-1.4877395911943967,0.4104591061112817,6.552261344371463,0,0,0.0,11.2
3,11.37434332430795,-1.5015277556562165,1.2921003393445536e-15,7.728145928969893,0,0,0.0,11.2
3,8.394176380191151,-1.5015277556562165,1.2921003393445536e-15,9.062770104955979,0,0,0.0,11.2
3,5.165662190731284,-1.5015277556562165,1.2921003393445536e-15,10.495831282471682,0,0,0.0,11.2
3,1.0679365370009615,-1.5064203487420267,0.13681970203709484,11.930519620653332,0,0,0.0,11.2
3,-1.7880377843636488,-1.5166502966585713,0.27363940407418824,13.490363265184621,0,0,0.0,11.2
3,-4.562542165930722,-1.5166502966585713,0.27363940407418796,14.836946307316921,0,0,0.0,11.2
3,-6.30095305717372,-1.5249528512475694,0.27363940407418796,15.702596670877908,0,0,0.0,11.2
3,-9.529430426625002,-1.5403718811985658,0.27363940407418796,16.17616096151983,0,0,0.0,11.2
3,-10.895331189016773,-1.5452644649847393,0.13681970203709512,16.07900664789344,0,0,0.0,11.2
3,-11.764545721626236,-1.5463022877605173,2.2860236773019026e-15,15.894438099992005,0,0,0.0,11.2
3,-12.26124021231237,-1.5463022877605173,2.2860236773019026e-15,15.548114339687398,0,0,0.0,11.2
3,-12.757934702998503,-1.5463022877605173,2.2860236773019026e-15,15.05893039879463,0,0,0.0,11.2
3,-13.130455216973987,-1.5467470689501364,0.13681970203709512,14.563848626624868,0,0,0.0,11.2
3,-13.751319199879337,-1.5489709706711243,0.2736394040741889,14.246056962047627,0,0,0.0,11.2
3,-13.999663612914052,-1.550157049898124,0.2736394040741889,14.122080552953982,0,0,0.0,11.2
3,-15.241385678087623,-1.5560874460331227,0.2736394040741889,14.072483518687408,0,0,0.0,11.2
3,-16.110585341099434,-1.5612765303220977,0.4104591061112828,14.19999681534366,0,0,0.0,11.2
3,-17.352289704421505,-1.570172082253279,0.4104591061112828,14.482677161139158,0,0,0.0,11.2
3,-18.221489367433314,-1.575361166542254,0.2736394040741899,14.83001484418689,0,0,0.0,11.2
3,-19.214874572391572,-1.5777333295052032,4.2241741863187335e-15,15.15226202571035,0,0,0.0,11.2
3,-20.084089105001034,-1.578771152280981,0.13681970203709706,15.354451884705664,0,0,0.0,11.2
3,-21.07747525406091,-1.5811433174984066,0.13681970203709706,15.540455159550145,0,0,0.0,11.2
3,-21.32582179132588,-1.581736358802763,0.13681970203709706,15.71349064820049,0,0,0.0,11.2
3,-22.070861403120787,-1.5835154827158322,0.13681970203709706,15.774925235587837,0,0,0.0,11.2
3,-22.19503490777928,-1.583663743112372,4.2241741863187335e-15,15.563808394601363,0,0,0.0,11.2
3,-22.319208412437774,-1.5835154827158322,-0.1368197020370886,15.362296133705428,0,0,0.0,11.2
3,-22.319208412437774,-1.5835154827158322,-0.1368197020370886,15.226382580191665,0,0,0.0,11.2
3,-22.319208412437774,-1.5835154827158322,-0.1368197020370886,15.128195449353578,0,0,0.0,11.2
3,-22.319208412437774,-1.5835154827158322,-0.1368197020370886,15.184622369781515,0,0,0.0,11.2
3,-22.319208412437774,-1.5835154827158322,-0.1368197020370886,15.269811856710302,0,0,0.0,11.2
3,-22.319208412437774,-1.5835154827158322,-0.1368197020370886,15.493073723332223,0,0,0.0,11.2
3,-22.319208412437774,-1.5835154827158322,-0.1368197020370886,15.760427437845967,0,0,0.0,11.2
3,-22.319208412437774,-1.5835154827158322,-0.1368197020370886,16.141492989861607,0,0,0.0,11.2
3,-22.319208412437774,-1.5835154827158322,-0.1368197020370886,16.4354025325476,0,0,0.0,11.2
3,-22.319208412437774,-1.5835154827158322,-0.1368197020370886,16.743307475395415,0,0,0.0,11.2
3,-22.195035615856703,-1.5839602630600298,-0.27363940407418147,17.094999958301514,0,0,0.0,11.2
3,-22.070864235426445,-1.5847015608155977,-0.41045910611127423,17.541061954409113,0,0,0.0,11.2
3,-22.070864235426445,-1.5847015608155977,-0.41045910611127423,18.092873659283846,0,0,0.0,11.2
3,-22.070864235426445,-1.5847015608155977,-0.41045910611127423,18.65370754444847,0,0,0.0,11.2
3,-21.450007333275153,-1.588408049593437,-0.27363940407418147,19.063576067245194,0,0,0.0,11.2
3,-20.580797757207662,-1.59152151200282,-0.1368197020370886,19.136463274386664,0,0,0.0,11.2
3,-18.594044341117037,-1.6010101368009437,-0.41045910611127423,18.91054809468371,0,0,0.0,11.2
3,-16.48316698547674,-1.6186529227779654,-0.5472788081483682,18.29032531824125,0,0,0.0,11.2
3,-13.75147190755989,-1.6447463681824843,-0.5472788081483682,17.280304394672697,0,0,0.0,11.2
3,-10.398978461049929,-1.6807729597483378,-0.6840985101854609,15.932330452396373,0,0,0.0,11.2
3,-5.680717132792226,-1.7371105986189335,-0.6840985101854609,14.399787211550136,0,0,0.0,11.2
3,-1.707444435312055,-1.7845528208257508,-0.6840985101854609,12.577813038524488,0,0,0.0,11.2
3,2.3899307247565793,-1.8383698103296207,-0.8209182122225546,10.691331236213857,0,0,0.11693016227159657,11.2
3,6.48730588482521,-1.8921867998334905,-0.6840985101854611,8.830493332263512,0,0,0.4677206490863863,11.2
3,11.205764527942842,-1.9259897686679537,-0.13681970203708677,7.036671584241734,0,0,1.0523714604443695,11.2
3,14.310096243760002,-1.9222832657996405,0.27363940407419274,5.498155815646432,0,0,1.870882596345545,11.2
3,16.91764566788445,-1.9004892774888928,0.6840985101854742,4.501646449004419,0,0,2.9232540567899137,11.2
3,18.904044114758243,-1.862537231106704,1.505016722408035,4.207134380398297,0,0,4.209485841777478,11.2
3,20.393149139257964,-1.8091756869895335,2.5995743387047816,4.538849015355557,0,0,5.729577951308233,11.2
3,21.88029231061651,-1.7167248866846034,4.515050167224087,4.8677875636432475,0,0,7.483530385382182,11.2
3,22.869570731223966,-1.6267083183803261,5.883247187595018,5.038714782832965,0,0,9.471343143999325,11.2
3,24.349414625778376,-1.4527575443369296,7.525083612040139,4.852845203915429,0,0,11.69301622715966,11.2
3,25.578398028562372,-1.2754572813427172,8.89328063241107,4.531893398679302,0,0,14.14854963486319,11.2
3,27.04706596332562,-1.0240386634192864,10.535117056856192,4.180939613685972,0,0,16.83794336710991,11.2
3,28.26323658049314,-0.7737381976077636,12.724232289449686,3.7463780321953446,0,0,19.76119742389983,11.2
3,29.705606874811522,-0.40063829874284185,16.281544542414114,3.33048677581552,0,0,22.91831180523294,11.2
3,30.060970256911954,-0.2889709035714703,18.607479477044702,3.0537754191539768,0,0,26.192356348837645,11.2
3,30.52431326251745,-0.11045821540326758,23.532988750380063,3.0391249832990703,0,0,29.46640089244235,11.2
3,30.301970885059767,-0.22085993226029438,29.279416235937983,3.1989638366025233,0,0,32.740445436047054,11.2
3,29.56022177502126,-0.6736276838349867,33.52082699908788,3.487745623334207,0,0,36.01448997965175,11.2
3,28.44466835563125,-1.4614704615520475,36.941319550015216,4.172398891880458,0,0,39.28853452325646,11.2
3,26.514886334801567,-3.0238210913080064,41.04591061112801,5.846034953799658,0,0,42.56257906686116,11.2
3,24.951410795363486,-4.44193565091681,43.371845545758596,7.558326998050265,0,0,45.836623610465864,11.2
3,23.446776226931064,-5.922334070962524,45.69778048038918,8.891669636291947,0,0,49.11066815407057,11.2
3,22.505713703698223,-6.912285469299046,47.2027972027972,10.061963450751414,0,0,52.384712697675276,11.2
3,20.544724919374218,-9.155828945048663,50.48647005168744,11.238461889692577,0,0,55.65875724127998,11.2
3,19.39967012131823,-10.624594556720545,53.63332319854058,12.38618077253674,0,0,58.9328017848847,11.2
3,18.20781351719341,-12.366379239839594,57.60109455761631,13.576478134425585,0,0,62.20684632848939,11.2
3,17.377407333608012,-13.750469376287656,60.474308300395265,14.444122324764521,0,0,65.48089087209411,11.2
3,16.91288198953166,-14.628403199547941,63.757981149285506,15.330447472820463,0,0,68.72439481255417,11.2
3,16.446504631314067,-15.643846161151941,66.90483429613865,15.886280077920588,0,0,71.76199153524928,11.2
3,16.180711112547904,-16.339670091328315,71.28306476132565,16.423448954327032,0,0,74.56572793340123,11.2
3,16.142131469353096,-16.457695962288827,72.51444207965949,16.615238121494464,0,0,77.13560400700996,11.2
3,16.174164063599342,-16.337766927671524,77.57677105503194,16.39553169459281,0,0,79.47161975607551,11.2
3,16.29101852335826,-15.728074087911576,80.72362420188509,16.008977979349908,0,0,81.57377518059788,11.2
3,16.41162785482664,-14.867342347138115,83.32319854058986,15.30577749607334,0,0,83.44207028057703,11.2
3,16.50340582558745,-14.003002678229361,84.5545758589237,14.319884077277395,0,0,85.07650505601299,11.2
3,16.57865659727993,-13.137060954402136,85.51231377318335,13.859903773259965,0,0,86.47707950690577,11.2
3,16.623540065325706,-12.517821009717805,86.19641228336882,13.815958370343957,0,0,87.64379363325534,11.2
3,16.639422725494413,-12.269982396619161,86.470051687443,13.943744199576862,0,0,88.57664743506173,11.2
3,16.64692014046944,-12.146035351438519,86.6068713894801,14.156262328895535,0,0,89.27564091232492,11.2
3,16.696240188554594,-11.153886577355184,87.70142900577686,14.475576172560432,0,0,89.74077406504493,11.2
3,16.717437189314623,-10.533384101973137,88.38552751596232,14.579638444697903,0,0,89.97204689322173,11.2
3,16.729059704823705,-10.036827500475649,88.9328063241107,14.480787453020332,0,0,90.0,11.2
3,16.737599247684994,-9.291841078562896,89.75372453633327,14.410610965339012,0,0,90.0,11.2
3,16.733062542673633,-8.174300693855058,90.71146245059292,14.29194106836772,0,0,90.0,11.2
3,16.723129536409942,-7.553513370380876,91.1219215567042,14.204884026759238,0,0,90.0,11.2
3,16.706762913028232,-6.8086521303037095,91.39556096077837,14.06071170246597,0,0,90.0,11.2
3,16.692382937113024,-6.187950714725636,91.25874125874128,13.85312204130194,0,0,90.0,11.2
3,16.673880787675508,-4.69800477649597,90.16418364244454,13.498513812546152,0,0,90.0,11.2
3,16.679218102399215,-3.4562906416847516,89.34326543022199,13.156430363021503,0,0,90.0,11.2
3,16.707445547482536,-1.718095717928112,88.79598662207361,12.979122838058016,0,0,90.0,11.2
3,16.753253314851154,0.1439412685052135,88.38552751596234,12.419106983887778,0,0,90.0,11.2
3,16.80066018388839,1.757501716205199,88.24870781392525,11.550496344432261,0,0,90.0,11.2
3,16.849638913575955,3.495240677855115,88.52234721799944,10.610689655565658,0,0,90.0,11.2
3,16.890317833839934,5.2331937382811144,88.79598662207363,9.937040098617134,0,0,90.0,11.2
3,16.90979823090222,6.350584156475764,89.2064457281849,9.293259387981907,0,0,90.0,11.2
3,16.917122145254954,8.709826213996127,90.43782304651874,8.751616569727856,0,0,90.0,11.2
3,16.901703511546543,9.951461989583677,90.98510185466712,8.233836882800658,0,0,90.0,11.2
3,16.883824066287115,11.068881295799166,90.84828215263002,7.699637432480972,0,0,90.0,11.2
3,16.876351892428268,11.813882728463687,90.30100334448164,7.697758386256302,0,0,90.0,11.2
3,16.876114676591886,12.310575274296761,89.75372453633327,8.018111294036304,0,0,90.0,11.2
3,16.877775179871545,12.558916732304787,89.48008513225908,8.080932753356745,0,0,90.0,11.2
3,16.880621715801098,12.807247427688775,89.20644572818489,8.04704389291783,0,0,90.0,11.2
3,16.882193234423184,12.931411076030553,89.34326543022199,7.987726095995972,0,0,90.0,11.2
3,16.886907790289442,13.303902021055857,89.2064457281849,8.265219657664964,0,0,90.0,11.2
3,16.888479308911528,13.428065669397634,89.343265430222,8.43837392156285,0,0,90.0,11.2
3,16.888479308911528,13.428065669397634,89.343265430222,8.52165080317844,0,0,90.0,11.2
3,16.888479308911528,13.428065669397634,89.343265430222,8.545062446807142,0,0,90.0,11.2
3,16.889754326218995,13.552232716439857,89.4800851322591,8.523062016200926,0,0,90.0,11.2
3,16.889754326218995,13.552232716439857,89.4800851322591,8.51333104568204,0,0,90.0,11.2
3,16.889754326218995,13.552232716439857,89.4800851322591,8.45388883220546,0,0,90.0,11.2
3,16.889754326218995,13.552232716439857,89.4800851322591,8.34436933342876,0,0,90.0,11.2
3,16.889754326218995,13.552232716439857,89.4800851322591,8.212369668393626,0,0,90.0,11.2
3,16.889754326218995,13.552232716439857,89.4800851322591,8.086619716623163,0,0,90.0,11.2
3,16.889754326218995,13.552232716439857,89.4800851322591,7.908206059521072,0,0,90.0,11.2
3,16.889754326218995,13.552232716439857,89.4800851322591,7.7188452862181425,0,0,90.0,11.2
3,16.889754326218995,13.552232716439857,89.4800851322591,7.533028330322603,0,0,90.0,11.2
3,16.889754326218995,13.552232716439857,89.4800851322591,7.32142209203026,0,0,90.0,11.2
3,16.889754326218995,13.552232716439857,89.4800851322591,7.080692215997069,0,0,90.0,11.2
3,16.889754326218995,13.552232716439857,89.4800851322591,6.824120844506313,0,0,90.0,11.2
3,16.888775817496693,13.428062978737788,89.61690483429621,6.499746086989643,0,0,90.0,11.2
3,16.88711531263891,13.179721284708961,89.61690483429621,6.222898592097489,0,0,90.0,11.2
3,16.886433318081554,13.055549564402993,89.75372453633331,5.941356644137537,0,0,90.0,11.2
3,16.885484452571728,12.558856452108266,90.02736394040748,5.893273049658949,0,0,90.0,11.2
3,16.890021200699696,11.441305446355335,90.43782304651879,5.905501448193683,0,0,90.0,11.2
3,16.89998412758407,10.447967370635409,90.71146245059298,6.149304473043192,0,0,90.0,11.2
3,16.918575411651965,9.082184373876629,90.84828215263008,6.739019028493783,0,0,90.0,11.2
3,16.948374487084344,7.219818863517594,90.98510185466716,7.440888227507305,0,0,90.0,11.2
3,16.99534108899329,4.488402929443595,90.98510185466716,8.38612770262392,0,0,90.0,11.2
3,17.02745324589059,2.129327691847605,90.57464274855589,9.371468914838385,0,0,90.0,11.2
3,17.04453266923852,-0.10573013587639313,90.3010033444817,10.53417051293213,0,0,90.0,11.2
3,17.051649155151477,-2.5891900327335313,90.02736394040751,11.662069500972047,0,0,90.0,11.2
3,17.045955962092513,-5.569348706501843,89.75372453633332,12.863330334384003,0,0,90.0,11.2
3,17.045955962092513,-5.569348706501843,89.75372453633332,14.0901979572725,0,0,90.0,11.2
3,17.041715720554414,-6.9352516497705565,89.89054423837041,14.835751992072897,0,0,90.0,11.2
3,17.04038137678266,-8.797855069341843,90.02736394040751,15.314299412264013,0,0,90.0,11.2
3,17.044918124910627,-9.915406075094774,90.4378230465188,15.090677662460836,0,0,90.0,11.2
3,17.04601523783126,-10.03957482149885,90.5746427485559,14.630870541383578,0,0,90.0,11.2
3,17.047408856631726,-10.163740594024771,90.711462450593,13.95164811445922,0,0,90.0,11.2
3,17.047408856631726,-10.163740594024771,90.711462450593,13.286914026440716,0,0,90.0,11.2
3,17.048802475432193,-10.287906366550693,90.5746427485559,12.665938370109346,0,0,90.0,11.2
3,17.051293209520452,-10.536241121494886,90.5746427485559,12.342114345586054,0,0,90.0,11.2
3,17.051293209520452,-10.536241121494886,90.5746427485559,12.134085628272176,0,0,90.0,11.2
3,17.055207252965385,-11.281269743977457,90.02736394040753,12.068265343735472,0,0,90.0,11.2
3,17.054258387455558,-11.777962856272165,89.75372453633334,12.068791509218206,0,0,90.0,11.2
3,17.051560051931315,-12.64717382017049,89.89054423837045,12.136486514626322,0,0,90.0,11.2
3,17.049662319108087,-13.640560988862513,89.89054423837045,12.666454953080036,0,0,90.0,11.2
3,17.04776458628486,-14.633948157554535,89.89054423837045,13.18205224572877,0,0,90.0,11.2
3,17.048357627566688,-15.875683062523926,90.16418364244463,13.698949261266227,0,0,90.0,11.2
3,17.055563020933104,-16.993220048421662,90.57464274855592,14.249826848211285,0,0,90.0,11.2
3,17.062531114935442,-17.614048911051242,90.711462450593,14.864102031226075,0,0,90.0,11.2
3,17.080914723746766,-18.855647867576405,90.98510185466719,15.49721852855278,0,0,90.0,11.2
3,17.090847748890894,-19.476436371029433,90.84828215263012,15.836227371542464,0,0,90.0,11.2
3,17.0939314844248,-19.72476423416978,90.57464274855592,15.636117094643765,0,0,90.0,11.2
3,17.0939314844248,-19.72476423416978,90.57464274855592,15.53556500313291,0,0,90.0,11.2
3,17.095028597345433,-19.848932980573853,90.43782304651883,15.359181398443797,0,0,90.0,11.2
3,17.095028597345433,-19.848932980573853,90.43782304651883,15.308548498567838,0,0,90.0,11.2
3,17.095028597345433,-19.848932980573853,90.43782304651883,15.412596768629701,0,0,90.0,11.2
3,17.095028597345433,-19.848932980573853,90.43782304651883,15.59695680808686,0,0,90.0,11.2
3,17.095028597345433,-19.848932980573853,90.43782304651883,15.883601652886865,0,0,90.0,11.2
3,17.095028597345433,-19.848932980573853,90.43782304651883,16.04734119519092,0,0,90.0,11.2
3,17.09422799656074,-19.724761968341916,90.30100334448173,16.16292472927098,0,0,90.0,11.2
3,17.09372391247726,-19.60058939834533,90.16418364244463,16.471742465795117,0,0,90.0,11.2
3,17.09372391247726,-19.60058939834533,90.16418364244463,16.807572264687387,0,0,90.0,11.2
3,17.09372391247726,-19.60058939834533,90.16418364244463,17.1485930197023,0,0,90.0,11.2
3,17.093012263209623,-19.35224317263451,90.16418364244463,17.57980554189391,0,0,90.0,11.2
3,17.093012263209623,-19.35224317263451,90.16418364244463,17.906996138343835,0,0,90.0,11.2
3,17.093812867950916,-18.23468324512502,89.75372453633334,17.968953685679345,0,0,90.0,11.2
3,17.102115384349208,-16.99297595508491,89.48008513225915,17.68759028049383,0,0,90.0,11.2
3,17.12204113585609,-15.254661087397002,89.20644572818496,17.08228920794595,0,0,90.0,11.2
3,17.166398676028937,-12.523204133668902,88.93280632411077,16.243626209832605,0,0,90.0,11.2
3,17.212653267109157,-10.040162462703043,88.93280632411077,15.12637410448048,0,0,90.0,11.2
3,17.262436598673062,-7.184603743988342,89.06962602614787,13.990696611574299,0,0,90.0,11.2
3,17.3091368730577,-4.0806152034856185,89.20644572818496,12.706561900906266,0,0,90.0,11.2
3,17.331909160494135,-2.0939696404137056,89.48008513225915,11.510729209355329,0,0,90.0,11.2
3,17.352191052822572,2.62456649406249,90.02736394040753,10.220703009202568,0,0,90.0,11.2
3,17.351004969131704,5.1080386642617865,90.02736394040753,9.012105958368899,0,0,90.0,11.2
3,17.35574929668084,7.591504225735375,89.75372453633334,8.087773387540794,0,0,90.0,11.2
3,17.374014832757087,10.323260263823625,89.48008513225915,7.572489080786386,0,0,90.0,11.2
3,17.390590057754178,11.937431875372406,89.34326543022206,7.012422346774468,0,0,90.0,11.2
3,17.404822750928524,13.179086532345204,89.34326543022206,6.686402782128933,0,0,90.0,11.2
3,17.42210945577147,14.544886664104737,89.20644572818496,6.9176514622986,0,0,90.0,11.2
3,17.42210945577147,14.544886664104737,89.20644572818496,7.08449393395057,0,0,90.0,11.2
3,17.433584589727037,15.662387963362873,89.61690483429624,7.516101214548418,0,0,90.0,11.2
3,17.436994562513824,16.283246564892668,89.75372453633334,7.960449786615572,0,0,90.0,11.2
3,17.438417860778564,17.028286233334754,90.02736394040753,8.370087182608858,0,0,90.0,11.2
3,17.438417860778564,17.028286233334754,90.02736394040753,8.763320720799804,0,0,90.0,11.2
3,17.440315591798218,18.021672457924186,89.75372453633334,8.926187112920065,0,0,90.0,11.2
3,17.44301392732246,18.89088342182246,89.89054423837042,8.68253515405153,0,0,90.0,11.2
3,17.44725416886056,20.256786365091262,89.75372453633332,8.385522380030235,0,0,90.0,11.2
3,17.45887769181817,21.995176571147447,89.48008513225913,7.989633429876656,0,0,90.0,11.2
3,17.47616436380295,23.360974106829094,89.06962602614786,7.44177595470541,0,0,90.0,11.2
3,17.47616436380295,23.360974106829094,89.06962602614786,6.825632711687418,0,0,90.0,11.2
3,17.49030800451777,24.47844481784137,89.48008513225913,6.139446902342895,0,0,90.0,11.2
3,17.496950017636404,25.471810649873454,89.75372453633332,5.606516989898731,0,0,90.0,11.2
3,17.501723979537907,26.341012692015187,89.61690483429624,5.483484163673552,0,0,90.0,11.2
3,17.50279145059873,26.589357407163764,89.89054423837042,5.641739716698102,0,0,90.0,11.2
3,17.502880406850178,26.71353096846852,90.02736394040753,6.054263267448605,0,0,90.0,11.2
3,17.502880406850178,26.71353096846852,90.02736394040753,6.506569002019978,0,0,90.0,11.2
3,17.502880406850178,26.71353096846852,90.02736394040753,6.859188046438985,0,0,90.0,11.2
3,17.502880406850178,26.71353096846852,90.02736394040753,7.167301676102488,0,0,90.0,11.2
3,17.502880406850178,26.71353096846852,90.02736394040753,7.398049385225607,0,0,90.0,11.2
3,17.502880406850178,26.71353096846852,90.02736394040753,7.658961411782315,0,0,90.0,11.2
3,17.502880406850178,26.71353096846852,90.02736394040753,7.862398000108027,0,0,90.0,11.2
3,17.502880406850178,26.71353096846852,90.02736394040753,8.061748644704968,0,0,90.0,11.2
3,17.502880406850178,26.71353096846852,90.02736394040753,8.195399297092141,0,0,90.0,11.2
3,17.502880406850178,26.71353096846852,90.02736394040753,8.315144448342105,0,0,90.0,11.2
3,17.502880406850178,26.71353096846852,90.02736394040753,8.394716513779295,0,0,90.0,11.2
3,17.502880406850178,26.71353096846852,90.02736394040753,8.450947048861503,0,0,90.0,11.2
3,17.502880406850178,26.71353096846852,90.02736394040753,8.468432998181008,0,0,90.0,11.2
3,17.502880406850178,26.71353096846852,90.02736394040753,8.458894884155532,0,0,90.0,11.2
3,17.502880406850178,26.71353096846852,90.02736394040753,8.416353046120491,0,0,90.0,11.2
3,17.502880406850178,26.71353096846852,90.02736394040753,8.34563617497478,0,0,90.0,11.2
3,17.502880406850178,26.71353096846852,90.02736394040753,8.241748440403894,0,0,90.0,11.2
3,17.502880406850178,26.71353096846852,90.02736394040753,8.101167852584098,0,0,90.0,11.2
3,17.502880406850178,26.71353096846852,90.02736394040753,7.926501503194007,0,0,90.0,11.2
3,17.502880406850178,26.71353096846852,90.02736394040753,7.71677845949408,0,0,90.0,11.2
3,17.502880406850178,26.71353096846852,90.02736394040753,7.513205434077741,0,0,90.0,11.2
3,17.502880406850178,26.71353096846852,90.02736394040753,7.278743906261116,0,0,90.0,11.2
3,17.502880406850178,26.71353096846852,90.02736394040753,7.010646737158415,0,0,90.0,11.2
3,17.502880406850178,26.71353096846852,90.02736394040753,6.714627129638643,0,0,90.0,11.2
3,17.502880406850178,26.71353096846852,90.02736394040753,6.3892826832471235,0,0,90.0,11.2
3,17.502880406850178,26.71353096846852,90.02736394040753,6.036057006711879,0,0,90.0,11.2
3,17.502880406850178,26.71353096846852,90.02736394040753,5.685605623105388,0,0,90.0,11.2
3,17.502880406850178,26.71353096846852,90.02736394040753,5.417770867562069,0,0,90.0,11.2
3,17.502880406850178,26.71353096846852,90.02736394040753,5.13533672010683,0,0,90.0,11.2
3,17.503918229389257,26.092663870022864,90.16418364244461,4.990671819780887,0,0,90.0,11.2
3,17.507446817973616,25.223455880046817,90.3010033444817,4.955361979290349,0,0,90.0,11.2
3,17.515037672794918,24.230096845502846,90.57464274855586,5.22333937194985,0,0,90.0,11.2
3,17.524793004398152,23.36093643782145,90.71146245059296,5.628306281325562,0,0,90.0,11.2
3,17.5689136655454,20.38109894216101,90.98510185466714,6.27850598957763,0,0,90.0,11.2
3,17.607726059476448,18.27050469490997,91.12192155670424,7.165055483026989,0,0,90.0,11.2
3,17.655670781391272,15.663300036540878,90.98510185466714,8.299420770569812,0,0,90.0,11.2
3,17.70130384645586,12.310929962062335,90.57464274855586,9.492023868247745,0,0,90.0,11.2
3,17.722178697214442,9.579192617066376,90.30100334448167,10.75874020459363,0,0,90.0,11.2
3,17.726952671819923,6.723209392806163,89.89054423837038,12.027252214512112,0,0,90.0,11.2
3,17.708538853771824,3.3705793171504315,89.4800851322591,13.315365807950732,0,0,90.0,11.2
3,17.701689292715717,2.50139115323599,89.61690483429621,14.630146351309145,0,0,90.0,11.2
3,17.683275439667064,-0.8512452950249205,89.7537245363333,15.622655425728558,0,0,90.0,11.2
3,17.676870607215086,-2.3413150020597566,89.7537245363333,16.073086348231406,0,0,90.0,11.2
3,17.67746364680604,-3.583046366642434,90.30100334448167,16.057417151118983,0,0,90.0,11.2
3,17.68075497931183,-3.9555518978043436,90.71146245059295,15.576909827941831,0,0,90.0,11.2
3,17.68075497931183,-3.9555518978043436,90.71146245059295,14.951282236446147,0,0,90.0,11.2
3,17.682148598112295,-4.0797176703302656,90.57464274855585,14.181181417504515,0,0,90.0,11.2
3,17.682148598112295,-4.0797176703302656,90.57464274855585,13.561950314550758,0,0,90.0,11.2
3,17.682148598112295,-4.0797176703302656,90.57464274855585,13.080760339550883,0,0,90.0,11.2
3,17.686151594426963,-4.700571551384558,90.16418364244457,12.724524722271692,0,0,90.0,11.2
3,17.685202731622507,-5.197263247527016,89.6169048342962,12.468732177845293,0,0,90.0,11.2
3,17.678442153533197,-5.942273601759855,89.343265430222,12.218574288609323,0,0,90.0,11.2
3,17.66942804941412,-6.93562074073696,89.6169048342962,11.9536789863648,0,0,90.0,11.2
3,17.666581461000753,-8.425695829164328,90.16418364244457,11.704365614087648,0,0,90.0,11.2
3,17.673104885341623,-9.66741374030686,90.43782304651876,12.132183449034219,0,0,90.0,11.2
3,17.69122189531129,-11.281565714999335,90.84828215263003,12.742858072338201,0,0,90.0,11.2
3,17.70115492045542,-11.902354218452363,90.98510185466714,13.489208213150269,0,0,90.0,11.2
3,17.775961610646164,-15.502604485569321,91.39556096077841,14.382900009051514,0,0,90.0,11.2
3,17.80869485740958,-16.99232696572368,91.12192155670422,15.396342888841449,0,0,90.0,11.2
3,17.830755125085627,-18.48224146555495,90.57464274855585,16.34077473495828,0,0,90.0,11.2
3,17.837278530827167,-19.723955836359213,90.02736394040747,16.700533936134157,0,0,90.0,11.2
3,17.834076126775308,-20.468987857592296,89.48008513225909,17.232701992429355,0,0,90.0,11.2
3,17.8283830549162,-20.965649248360258,89.20644572818492,17.136840814062644,0,0,90.0,11.2
3,17.826811536294112,-21.089812896702036,89.34326543022202,16.785313322957798,0,0,90.0,11.2
3,17.826811536294112,-21.089812896702036,89.34326543022202,16.64923412790985,0,0,90.0,11.2
3,17.825536518986645,-21.21397994374426,89.48008513225912,16.670197248019512,0,0,90.0,11.2
3,17.825536518986645,-21.21397994374426,89.48008513225912,16.760372137381648,0,0,90.0,11.2
3,17.825536518986645,-21.21397994374426,89.48008513225912,16.85108513534134,0,0,90.0,11.2
3,17.825536518986645,-21.21397994374426,89.48008513225912,16.778132747053284,0,0,90.0,11.2
3,17.825536518986645,-21.21397994374426,89.48008513225912,16.909547327096362,0,0,90.0,11.2
3,17.825536518986645,-21.21397994374426,89.48008513225912,17.15136881173126,0,0,90.0,11.2
3,17.825536518986645,-21.21397994374426,89.48008513225912,17.481173210206823,0,0,90.0,11.2
3,17.825536518986645,-21.21397994374426,89.48008513225912,17.82003397446349,0,0,90.0,11.2
3,17.826811536294112,-21.089812896702036,89.34326543022202,18.08534693230309,0,0,90.0,11.2
3,17.829658074928982,-20.841481965307473,89.34326543022202,18.430014412299368,0,0,90.0,11.2
3,17.838197690833592,-20.0964891711238,89.34326543022202,18.47986841309147,0,0,90.0,11.2
3,17.847122811985873,-19.22731984182825,89.48008513225912,18.375620069362093,0,0,90.0,11.2
3,17.860643981014864,-17.737297717264422,89.48008513225912,17.90675342712368,0,0,90.0,11.2
3,17.87641867821535,-15.99893857193995,89.48008513225912,17.24393460427853,0,0,90.0,11.2
3,17.896700431758834,-13.763905385094212,89.48008513225912,16.398710801134122,0,0,90.0,11.2
3,17.925996297988313,-10.535524115205911,89.48008513225912,15.374876268561655,0,0,90.0,11.2
3,17.959799220560786,-6.810468803796343,89.48008513225912,14.146263848324379,0,0,90.0,11.2
3,17.986841558618764,-3.830424554668682,89.48008513225912,12.93994018919418,0,0,90.0,11.2
3,18.01616695669054,-0.9745824726975774,89.34326543022202,11.672121990416061,0,0,90.0,11.2
3,18.0574413118602,2.0052958068449405,89.06962602614783,10.366299371909019,0,0,90.0,11.2
3,18.115349652097148,5.854241597068311,89.20644572818493,9.117203523735695,0,0,90.0,11.2
3,18.143815011392693,8.33754855090821,89.48008513225912,7.891542199708335,0,0,90.0,11.2
3,18.154578607338006,9.703415665630944,89.61690483429622,6.866996386385941,0,0,90.0,11.2
3,18.18162091969524,12.683457082562311,89.34326543022202,6.27189567487391,0,0,90.0,11.2
3,18.195646110077394,14.049294600026752,89.48008513225913,6.063119882351973,0,0,90.0,11.2
3,18.195646110077394,14.049294600026752,89.48008513225913,6.314319978301733,0,0,90.0,11.2
3,18.202021196614737,14.670129835237825,89.34326543022205,6.692537561155226,0,0,90.0,11.2
3,18.204274722644506,14.918466619982105,89.61690483429624,7.287096247970795,0,0,90.0,11.2
3,18.204956717201863,15.042638340288073,89.75372453633334,8.10322403206907,0,0,90.0,11.2
3,18.205431149956777,15.290984896435436,90.02736394040753,8.851111400523966,0,0,90.0,11.2
3,18.20480845643333,15.663505155502854,90.16418364244463,9.56431455862729,0,0,90.0,11.2
3,18.204452631664235,16.408546098484504,89.89054423837042,9.979820690261056,0,0,90.0,11.2
3,18.20715096718848,17.277757062382808,89.75372453633334,9.776904970505885,0,0,90.0,11.2
3,18.212488327565126,18.51948181824517,89.75372453633334,9.30263142300856,0,0,90.0,11.2
3,18.229122944225512,20.6303633468632,89.34326543022206,8.781301515447234,0,0,90.0,11.2
3,18.24955268631263,22.244490775306208,89.20644572818496,7.926816918845103,0,0,90.0,11.2
3,18.27312546564392,24.106945500432747,89.34326543022205,6.998213574275754,0,0,90.0,11.2
3,18.28970069064101,25.72111711198157,89.48008513225913,5.96904017862162,0,0,90.0,11.2
3,18.28970069064101,25.72111711198157,89.48008513225913,5.18399451649431,0,0,90.0,11.2
3,18.308825950253034,27.583622817614838,89.34326543022202,4.55492779282433,0,0,90.0,11.2
3,18.308825950253034,27.583622817614838,89.34326543022202,4.659448016002026,0,0,90.0,11.2
3,18.3101009675605,27.707789864657062,89.48008513225913,5.082240553150315,0,0,90.0,11.2
3,18.3101009675605,27.707789864657062,89.48008513225913,5.484073573425151,0,0,90.0,11.2
3,18.3101009675605,27.707789864657062,89.48008513225913,5.751942097683641,0,0,90.0,11.2
3,18.3101009675605,27.707789864657062,89.48008513225913,6.005827510592879,0,0,90.0,11.2
3,18.3101009675605,27.707789864657062,89.48008513225913,6.1429390380631075,0,0,90.0,11.2
3,18.3101009675605,27.707789864657062,89.48008513225913,6.2413906214443795,0,0,90.0,11.2
3,18.3101009675605,27.707789864657062,89.48008513225913,6.249064956466908,0,0,90.0,11.2
3,18.3101009675605,27.707789864657062,89.48008513225913,6.218849488597501,0,0,90.0,11.2
3,18.3101009675605,27.707789864657062,89.48008513225913,6.11955810870653,0,0,90.0,11.2
3,18.3101009675605,27.707789864657062,89.48008513225913,5.9783994152449305,0,0,90.0,11.2
3,18.3101009675605,27.707789864657062,89.48008513225913,5.770218886579752,0,0,90.0,11.2
3,18.3091224588382,27.583620126955005,89.61690483429622,5.502305958146964,0,0,90.0,11.2
3,18.30796603152593,27.211101850501684,90.02736394040748,5.175776095083482,0,0,90.0,11.2
3,18.30796603152593,27.211101850501684,90.02736394040748,5.011418757717493,0,0,90.0,11.2
3,18.30796603152593,27.211101850501684,90.02736394040748,4.76579119550493,0,0,90.0,11.2
3,18.308588725049376,26.8385815914343,90.16418364244458,4.426905700091077,0,0,90.0,11.2
3,18.311198094785723,26.341894426977277,90.43782304651876,4.084273697892191,0,0,90.0,11.2
3,18.311198094785723,26.341894426977277,90.43782304651876,4.1384773081445445,0,0,90.0,11.2
3,18.32365175339119,25.10022183232738,90.71146245059295,4.503135566539666,0,0,90.0,11.2
3,18.352383737859757,22.98946629188203,90.84828215263003,5.104689821363938,0,0,90.0,11.2
3,18.386156023349788,20.878785380141693,90.98510185466714,6.003501302638051,0,0,90.0,11.2
3,18.400062258551564,20.009681475307442,90.84828215263003,7.062304080648204,0,0,90.0,11.2
3,18.459216344222142,15.664008303802234,90.71146245059295,8.329769318661068,0,0,90.0,11.2
3,18.499631289435534,12.063200900550768,90.57464274855586,9.647521966116077,0,0,90.0,11.2
3,18.518045072483044,9.207273047700987,90.16418364244457,11.020244944070779,0,0,90.0,11.2
3,18.51934976330306,6.475456256768323,89.89054423837038,12.385761495289247,0,0,90.0,11.2
3,18.508941897709548,3.122785396017841,89.7537245363333,13.80132334758761,0,0,90.0,11.2
3,18.508941897709548,3.122785396017841,89.7537245363333,15.21024071763168,0,0,90.0,11.2
3,18.508941897709548,3.122785396017841,89.7537245363333,16.048015302080888,0,0,90.0,11.2
3,18.507785468199156,2.750266411490009,89.89054423837038,16.111343194546926,0,0,90.0,11.2
3,18.508378509480984,1.508531506520618,90.16418364244457,15.801687490967556,0,0,90.0,11.2
3,18.508378509480984,1.508531506520618,90.16418364244457,15.017508586205448,0,0,90.0,11.2
3,18.508378509480984,1.508531506520618,90.16418364244457,14.299154242702999,0,0,90.0,11.2
3,18.508378509480984,1.508531506520618,90.16418364244457,13.74865548918015,0,0,90.0,11.2
3,18.508378509480984,1.508531506520618,90.16418364244457,13.336288031370897,0,0,90.0,11.2
3,18.508378509480984,1.508531506520618,90.16418364244457,13.030813465614441,0,0,90.0,11.2
3,18.508378509480984,1.508531506520618,90.16418364244457,12.589181460290572,0,0,90.0,11.2
3,18.508378509480984,1.508531506520618,90.16418364244457,12.121227084958026,0,0,90.0,11.2
3,18.508378509480984,1.508531506520618,90.16418364244457,11.713005404004678,0,0,90.0,11.2
3,18.508378509480984,1.508531506520618,90.16418364244457,11.354972906070975,0,0,90.0,11.2
3,18.508882593564465,1.384358936524033,90.30100334448167,11.026840335022321,0,0,90.0,11.2
3,18.508882593564465,1.384358936524033,90.30100334448167,10.713720598450044,0,0,90.0,11.2
3,18.5101872796726,1.1360151182727025,90.30100334448167,10.405145707132187,0,0,90.0,11.2
3,18.5101872796726,1.1360151182727025,90.30100334448167,10.12507844568119,0,0,90.0,11.2
3,18.51371586825696,0.2668071282966741,90.16418364244458,10.18186367103625,0,0,90.0,11.2
3,18.517985763862782,-1.2232702259682435,90.16418364244458,10.64923725381501,0,0,90.0,11.2
3,18.521544010200966,-2.465001354522339,90.16418364244458,11.319974680111336,0,0,90.0,11.2
3,18.530113439620127,-4.5759350444641305,90.30100334448167,12.082373861263097,0,0,90.0,11.2
3,18.530113439620127,-4.5759350444641305,90.30100334448167,12.887580797444368,0,0,90.0,11.2
3,18.540521249821147,-6.190158203479283,90.43782304651876,13.730073272020975,0,0,90.0,11.2
3,18.55000982736559,-7.4318581767552,90.43782304651876,14.626657157822574,0,0,90.0,11.2
3,18.55949840491003,-8.673558150031118,90.43782304651876,15.130304961131092,0,0,90.0,11.2
3,18.562789743671924,-9.046064389243343,90.57464274855586,15.285540209362185,0,0,90.0,11.2
3,18.56519154146073,-9.418576717875915,90.16418364244458,14.984706344409934,0,0,90.0,11.2
3,18.56519154146073,-9.418576717875915,90.16418364244458,14.76148167935346,0,0,90.0,11.2
3,18.56519154146073,-9.418576717875915,90.16418364244458,14.613772141758801,0,0,90.0,11.2
3,18.56519154146073,-9.418576717875915,90.16418364244458,14.43957834957389,0,0,90.0,11.2
3,18.56519154146073,-9.418576717875915,90.16418364244458,14.392841094244396,0,0,90.0,11.2
3,18.56519154146073,-9.418576717875915,90.16418364244458,14.463782260915515,0,0,90.0,11.2
3,18.56519154146073,-9.418576717875915,90.16418364244458,14.653118201956755,0,0,90.0,11.2
3,18.56519154146073,-9.418576717875915,90.16418364244458,14.72926775325507,0,0,90.0,11.2
3,18.56519154146073,-9.418576717875915,90.16418364244458,14.829703728171927,0,0,90.0,11.2
3,18.564983976952917,-9.294403298186776,90.02736394040748,15.018443842910264,0,0,90.0,11.2
3,18.564983976952917,-9.294403298186776,90.02736394040748,15.31355237280397,0,0,90.0,11.2
3,18.564983976952917,-9.294403298186776,90.02736394040748,15.597193097015815,0,0,90.0,11.2
3,18.564983976952917,-9.294403298186776,90.02736394040748,15.952926308766846,0,0,90.0,11.2
3,18.565072933204366,-9.170229736882023,89.8905442383704,16.327911424270113,0,0,90.0,11.2
3,18.565072933204366,-9.170229736882023,89.8905442383704,16.746086513416213,0,0,90.0,11.2
3,18.565547366410172,-8.921882944709013,89.8905442383704,17.194928005264124,0,0,90.0,11.2
3,18.569817250653454,-7.928504084114719,89.61690483429621,17.24325978195322,0,0,90.0,11.2
3,18.578119774942362,-6.686795613970594,89.61690483429621,17.192035889903636,0,0,90.0,11.2
3,18.59475442322148,-4.5759100730355335,89.48008513225912,16.769354927993287,0,0,90.0,11.2
3,18.59475442322148,-4.5759100730355335,89.48008513225912,15.946770793663033,0,0,90.0,11.2
3,18.61897975206338,-2.2167361792333216,89.34326543022202,14.821235190408677,0,0,90.0,11.2
3,18.655124680371358,0.6390277326275213,89.20644572818492,13.693805983582706,0,0,90.0,11.2
3,18.709296998657535,4.239654439610671,89.06962602614782,12.437753097317804,0,0,90.0,11.2
3,18.74105318523909,6.3503666471523825,89.2064457281849,11.228695125914443,0,0,90.0,11.2
3,18.79608571110083,10.3235414625974,89.2064457281849,9.997418198016929,0,0,90.0,11.2
3,18.827397606325928,13.055179111821246,89.48008513225909,8.816862212880412,0,0,90.0,11.2
3,18.848984148961488,16.283618065925484,89.75372453633327,7.671433177597399,0,0,90.0,11.2
3,18.848984148961488,16.283618065925484,89.75372453633327,6.872969056652407,0,0,90.0,11.2
3,18.85921406732185,18.146193870514878,89.61690483429618,6.325738987980364,0,0,90.0,11.2
3,18.866716007452784,19.51208279388052,89.75372453633328,6.404698302011661,0,0,90.0,11.2
3,18.869414342977027,20.381293757778792,89.89054423837037,6.710817694342875,0,0,90.0,11.2
3,18.871341725494343,21.002158731991848,89.75372453633328,7.321677213977822,0,0,90.0,11.2
3,18.871341725494343,21.002158731991848,89.75372453633328,7.932940338172013,0,0,90.0,11.2
3,18.87475169828113,21.62301733352165,89.6169048342962,8.511965850459038,0,0,90.0,11.2
3,18.879525660182633,22.492219375663403,89.7537245363333,9.060828819204392,0,0,90.0,11.2
3,18.88566361119885,23.609764858417076,89.61690483429621,9.567102072413132,0,0,90.0,11.2
3,18.892513172254958,24.478953022331503,89.48008513225912,9.336213442085826,0,0,90.0,11.2
3,18.892513172254958,24.478953022331503,89.48008513225912,9.011627884436459,0,0,90.0,11.2
3,18.892513172254958,26.49677439074393,89.48008513225913,8.308151644373957,0,0,90.0,11.2
3,18.91673850109686,28.85594828454611,89.34326543022202,7.528425770297708,0,0,90.0,11.2
3,18.943513864553697,31.463456272432566,89.48008513225912,6.681360527288901,0,0,90.0,11.2
3,18.956234477943614,33.07766286255937,89.61690483429621,5.720628470380293,0,0,90.0,11.2
3,18.956234477943614,35.49904850465426,89.6169048342962,4.706449978019463,0,0,90.0,11.2
3,18.96047471142194,36.86494885164978,90.02736394040747,4.172437165260494,0,0,90.0,11.2
3,18.961275317684994,37.98251090339251,89.89054423837038,4.03482161630894,0,0,90.0,11.2
3,18.962431747195385,38.35502988792034,89.7537245363333,4.294102624448624,0,0,90.0,11.2
3,18.962431747195385,38.35502988792034,89.7537245363333,4.693359917737009,0,0,90.0,11.2
3,18.962431747195385,38.35502988792034,89.7537245363333,5.233566187138364,0,0,90.0,11.2
3,18.962431747195385,38.35502988792034,89.7537245363333,5.51585537069296,0,0,90.0,11.2
3,18.962431747195385,38.35502988792034,89.7537245363333,5.589449732404326,0,0,90.0,11.2
3,18.962431747195385,38.35502988792034,89.7537245363333,5.828194432203665,0,0,90.0,11.2
3,18.962431747195385,38.35502988792034,89.7537245363333,6.084370728512945,0,0,90.0,11.2
3,18.962431747195385,38.35502988792034,89.7537245363333,6.163433184321912,0,0,90.0,11.2
3,18.962431747195385,38.35502988792034,89.7537245363333,6.354336356180823,0,0,90.0,11.2
3,18.962431747195385,38.35502988792034,89.7537245363333,6.534685330265654,0,0,90.0,11.2
3,18.962431747195385,38.35502988792034,89.7537245363333,6.55796154532375,0,0,90.0,11.2
3,18.962431747195385,38.35502988792034,89.7537245363333,6.6850738314823674,0,0,90.0,11.2
3,18.962431747195385,38.35502988792034,89.7537245363333,6.70852812378525,0,0,90.0,11.2
3,18.962431747195385,38.35502988792034,89.7537245363333,6.782833693895831,0,0,90.0,11.2
3,18.962431747195385,38.35502988792034,89.7537245363333,6.833116293726631,0,0,90.0,11.2
3,18.962431747195385,38.35502988792034,89.7537245363333,6.816751940510688,0,0,90.0,11.2
3,18.962431747195385,38.35502988792034,89.7537245363333,6.7957113967479446,0,0,90.0,11.2
3,18.962431747195385,38.35502988792034,89.7537245363333,6.731296121454109,0,0,90.0,11.2
3,18.962431747195385,38.35502988792034,89.7537245363333,6.7093970986252165,0,0,90.0,11.2
3,18.962431747195385,38.35502988792034,89.7537245363333,6.610053683022901,0,0,90.0,11.2
3,18.962431747195385,38.35502988792034,89.7537245363333,6.514279488407065,0,0,90.0,11.2
3,18.962431747195385,38.35502988792034,89.7537245363333,6.4020001925012915,0,0,90.0,11.2
3,18.962431747195385,38.35502988792034,89.7537245363333,6.261625324866427,0,0,90.0,11.2
3,18.962431747195385,38.35502988792034,89.7537245363333,6.103018241231643,0,0,90.0,11.2
3,18.962431747195385,38.35502988792034,89.7537245363333,5.9367943520934245,0,0,90.0,11.2
3,18.962431747195385,38.35502988792034,89.7537245363333,5.778370351413912,0,0,90.0,11.2
3,18.96204627069192,38.23085689307773,89.89054423837038,5.607082694044449,0,0,90.0,11.2
3,18.961957314440472,38.106683331772985,90.02736394040747,5.414039759587894,0,0,90.0,11.2
3,18.961868358189022,37.98250977046823,89.89054423837037,5.222147775798824,0,0,90.0,11.2
3,18.961868358189022,37.98250977046823,89.89054423837037,5.180058955426401,0,0,90.0,11.2
3,18.959940975671707,37.36164479625514,89.75372453633327,5.348538624725876,0,0,90.0,11.2
3,18.95804324465205,36.36825857166572,90.02736394040745,5.730729258832486,0,0,90.0,11.2
3,18.95804324465205,34.35043720325329,90.02736394040743,6.22135049023917,0,0,90.0,11.2
3,18.95949619620676,33.481223265429364,90.16418364244453,6.881591890140436,0,0,90.0,11.2
3,18.977909979254225,30.625295412579646,90.5746427485558,7.756836348010938,0,0,90.0,11.2
3,18.999496127991613,28.887000370597274,90.84828215262998,8.64355232329782,0,0,90.0,11.2
3,19.033268413481643,26.776319458856936,90.98510185466708,9.600064755119137,0,0,90.0,11.2
3,19.071013909029325,24.41732314573553,90.84828215263,10.58523482180385,0,0,90.0,11.2
3,19.0895163222328,22.9273559668935,90.57464274855582,11.566262326240352,0,0,90.0,11.2
3,19.103778790200938,21.31316226364061,90.43782304651873,12.117998426004343,0,0,90.0,11.2
3,19.110331870830226,19.698921921997506,90.02736394040745,12.524418199263414,0,0,90.0,11.2
3,19.110065002075874,19.326401238083246,89.89054423837035,12.85278093452718,0,0,90.0,11.2
3,19.106595713544703,18.20884428449975,89.75372453633327,13.007306999284909,0,0,90.0,11.2
3,19.10543928403431,17.836325299971918,89.89054423837035,12.689490627988631,0,0,90.0,11.2
3,19.105053807530847,17.712152305129298,89.75372453633325,12.256233028523424,0,0,90.0,11.2
3,19.105053807530847,17.712152305129298,89.75372453633325,11.801997286517164,0,0,90.0,11.2
3,19.105053807530847,17.712152305129298,89.75372453633325,11.24109198220162,0,0,90.0,11.2
3,19.10478693928375,17.339632329292808,90.16418364244453,10.680456235054965,0,0,90.0,11.2
3,19.10870099388827,16.59460158260727,90.43782304651873,10.122586696928874,0,0,90.0,11.2
3,19.11059870939716,16.346261587952085,90.43782304651873,10.153995285325188,0,0,90.0,11.2
3,19.11059870939716,16.346261587952085,90.43782304651873,10.283955642272733,0,0,90.0,11.2
3,19.12198500245049,14.856221620020982,90.43782304651873,10.469772406090023,0,0,90.0,11.2
3,19.131859018736122,13.738702902384324,90.57464274855582,10.844590525816399,0,0,90.0,11.2
3,19.143927260863006,12.372846691939516,90.43782304651873,11.398462819877116,0,0,90.0,11.2
3,19.155313553916336,10.882806724008413,90.43782304651873,12.048337772932266,0,0,90.0,11.2
3,19.167322565686746,9.020241540529446,90.30100334448163,12.725320087716604,0,0,90.0,11.2
3,19.170880808643226,7.778511592100875,90.02736394040743,13.451009519432127,0,0,90.0,11.2
3,19.16990228987727,6.412602417748602,89.89054423837032,14.249606958094585,0,0,90.0,11.2
3,19.167203954353027,5.543391453850329,89.75372453633324,14.991001831584745,0,0,90.0,11.2
3,19.167203954353027,5.543391453850329,89.75372453633324,14.93737804703297,0,0,90.0,11.2
3,19.166818477849564,5.419218459007709,89.89054423837034,14.769173749338732,0,0,90.0,11.2
3,19.166818477849564,5.419218459007709,89.89054423837034,14.337473385979322,0,0,90.0,11.2
3,19.166818477849564,5.419218459007709,89.89054423837034,14.09221803212764,0,0,90.0,11.2
3,19.166818477849564,5.419218459007709,89.89054423837034,14.0048523807972,0,0,90.0,11.2
3,19.166818477849564,5.419218459007709,89.89054423837034,14.058202690030036,0,0,90.0,11.2
3,19.166818477849564,5.419218459007709,89.89054423837034,14.08278252475736,0,0,90.0,11.2
3,19.166818477849564,5.419218459007709,89.89054423837034,13.915032550116717,0,0,90.0,11.2
3,19.166818477849564,5.419218459007709,89.89054423837034,13.890978891975095,0,0,90.0,11.2
3,19.166818477849564,5.419218459007709,89.89054423837034,13.989926548256127,0,0,90.0,11.2
3,19.166818477849564,5.419218459007709,89.89054423837034,14.099387274904727,0,0,90.0,11.2
3,19.166818477849564,5.419218459007709,89.89054423837034,14.185063098816732,0,0,90.0,11.2
3,19.166818477849564,5.419218459007709,89.89054423837034,14.251811254162648,0,0,90.0,11.2
3,19.166818477849564,5.419218459007709,89.89054423837034,14.452261115668696,0,0,90.0,11.2
3,19.166818477849564,5.419218459007709,89.89054423837034,14.515677715908149,0,0,90.0,11.2
3,19.167885948910385,5.667563174156286,89.61690483429615,14.716692709017499,0,0,90.0,11.2
3,19.167885948910385,5.667563174156286,89.61690483429615,14.842603571887578,0,0,90.0,11.2
3,19.168567943467743,5.791734894462255,89.75372453633325,15.033608293161333,0,0,90.0,11.2
3,19.169724372978134,6.164253878990115,89.89054423837035,15.208941903371791,0,0,90.0,11.2
3,19.169724372978134,6.164253878990115,89.89054423837035,15.21196701144944,0,0,90.0,11.2
3,19.170347066738287,7.033468808123322,90.02736394040745,15.016238717667475,0,0,90.0,11.2
3,19.17061393549264,7.405989492037555,89.89054423837035,14.559538586022404,0,0,90.0,11.2
3,19.184935793974493,10.013590661992044,89.48008513225906,14.09970154342085,0,0,90.0,11.2
3,19.20201500955182,11.50357483429598,89.20644572818487,13.340105336228149,0,0,90.0,11.2
3,19.234275038768434,13.490088982461902,88.93280632411069,12.517414169935112,0,0,90.0,11.2
3,19.234275038768434,13.490088982461902,88.93280632411069,11.580392896778225,0,0,90.0,11.2
3,19.279729384978953,16.09733824737532,89.06962602614779,10.578788129165927,0,0,90.0,11.2
3,19.30015908823369,17.7114626077264,89.48008513225908,9.597406351283391,0,0,90.0,11.2
3,19.307631364354695,19.44987065727026,90.02736394040745,8.62822011275584,0,0,90.0,11.2
3,19.302649824215624,21.188292585070197,90.30100334448163,8.012937599447845,0,0,90.0,11.2
3,19.298113067464303,22.305845715039414,90.16418364244454,7.499797618066951,0,0,90.0,11.2
3,19.297075244925225,22.926712813485068,90.02736394040745,7.443907601693418,0,0,90.0,11.2
