command,delta_left,delta_right
0,0,0
0,0,0
0,0,0
0,0,0
0,0,0
0,0,0
0,0,0
0,0,0
0,0,0
0,0,0
0,0,0
0,0,0
0,0,0
0,0,0
0,0,0
0,0,0
0,0,0
0,0,0
0,0,0
0,0,0
0,0,0
0,0,0
0,0,0
0,0,0
0,0,0
0,0,0
0,0,0
0,0,0
0,0,0
0,0,0
0,0,0
0,0,0
0,0,0
0,0,0
0,0,0
0,0,0
0,0,0
0,0,0
0,0,0
0,0,0
0,0,0
0,0,0
0,0,0
0,0,0
0,0,0
0,0,0
0,0,0
0,0,0
0,0,0
0,0,0
0,0,0
0,0,0
0,0,0
0,0,0
0,0,0
0,0,0
0,0,0
0,0,0
0,0,0
0,0,0
0,0,0
0,0,0
0,0,0
0,0,0
0,0,0
0,0,0
0,0,0
0,0,0
0,0,0
0,0,0
0,0,0
0,0,0
0,0,0
0,0,0
0,0,0
0,0,0
0,0,0
0,0,0
0,0,0
0,0,0
0,0,0
0,0,0
0,0,0
0,0,0
0,0,0
0,0,0
0,0,0
0,0,0
0,0,0
0,0,0
0,0,0
0,0,0
0,0,0
0,0,0
0,0,0
0,0,0
0,0,0
0,0,0
0,0,0
0,0,0
0,0,0
100,0,1
100,5,4
100,6,6
100,8,8
100,4,5
100,10,9
100,11,11
100,11,10
100,11,11
100,10,11
100,12,11
100,6,6
100,11,12
100,12,12
100,12,11
100,11,12
100,12,12
100,6,6
100,12,12
100,12,12
100,11,11
100,12,12
100,11,11
100,7,6
100,12,13
100,12,12
100,12,12
100,11,11
100,12,12
100,11,11
100,6,6
100,13,12
100,12,12
100,11,12
100,12,12
100,11,11
100,12,12
100,6,6
100,12,12
100,12,12
100,12,12
100,12,12
100,11,12
100,12,12
100,7,6
100,12,13
100,12,12
100,12,12
100,12,11
100,12,12
100,6,6
100,13,13
100,12,12
100,13,12
100,12,13
100,11,11
100,12,12
100,7,7
100,12,12
100,13,13
100,12,12
100,12,12
100,12,12
100,12,12
100,7,7
100,12,12
100,13,13
100,12,12
100,12,12
100,12,12
100,12,12
100,7,7
100,12,12
100,13,13
100,12,12
100,12,12
100,12,12
100,6,6
100,13,13
100,12,13
100,13,12
100,11,12
100,12,12
100,12,11
100,6,7
100,12,12
100,11,12
100,10,12
100,11,12
100,10,11
100,10,12
100,6,7
100,11,12
100,11,12
100,12,11
100,10,12
100,11,11
100,6,6
100,12,12
100,12,12
120,13,12
120,13,13
120,13,14
120,14,14
120,8,8
120,15,15
120,15,15
120,15,15
120,15,15
120,15,15
120,8,8
120,15,16
120,16,15
120,16,16
120,15,15
120,15,15
120,15,15
120,8,8
120,16,16
120,15,16
120,16,15
120,14,15
120,15,15
120,8,8
120,16,16
120,16,15
120,15,16
120,16,15
120,15,15
120,15,15
120,8,9
120,16,16
120,16,16
120,15,15
120,15,15
120,15,15
120,8,9
120,15,16
120,15,16
120,15,16
120,14,16
120,14,15
120,13,16
120,8,9
120,15,16
120,14,17
120,14,16
120,15,15
120,14,16
120,8,8
120,16,17
120,16,16
120,15,16
120,15,16
120,15,16
120,15,16
120,9,9
120,16,17
120,15,16
120,15,16
120,16,16
120,15,16
120,8,8
120,16,16
120,16,16
120,16,16
120,15,16
120,16,16
120,15,16
120,8,8
120,16,17
120,15,17
120,16,16
120,15,16
120,15,16
120,8,8
120,16,17
120,16,16
120,16,16
120,15,15
120,15,15
120,16,15
120,8,8
120,16,16
120,16,16
120,16,15
120,14,15
120,15,16
120,8,8
120,16,16
120,16,17
120,16,15
120,15,16
120,16,15
120,16,16
120,8,8
120,16,17
120,16,16
120,15,16
120,15,16
140,16,16
140,8,9
140,18,18
140,18,19
140,18,18
140,17,19
140,18,19
140,18,18
140,11,11
140,19,19
140,18,20
140,19,19
140,18,19
140,18,19
140,9,10
140,19,20
140,18,20
140,18,19
140,17,20
140,17,19
140,9,10
140,18,20
140,19,21
140,17,19
140,18,20
140,17,19
140,18,20
140,10,10
140,18,21
140,19,20
140,18,19
140,19,19
140,18,20
140,10,10
140,20,21
140,19,20
140,19,20
140,19,19
140,19,19
140,10,10
140,20,19
140,20,20
140,19,19
140,19,19
140,20,19
140,19,19
140,10,10
140,20,20
140,19,20
140,19,19
140,19,18
140,19,20
140,10,10
140,20,20
140,19,19
140,19,20
140,19,19
140,19,19
140,9,11
140,20,20
140,19,20
140,19,20
140,19,20
140,18,20
140,9,10
140,20,20
140,20,21
140,18,20
140,19,20
140,19,19
140,18,20
140,11,11
140,19,20
140,19,20
140,19,20
140,19,20
140,18,19
140,10,11
140,20,21
140,19,20
140,19,20
140,19,20
140,18,20
140,10,10
140,19,21
140,20,20
140,18,19
140,18,20
140,17,19
140,9,10
140,19,21
140,18,20
140,18,20
140,19,20
140,18,20
140,19,20
140,10,10
140,19,22
140,20,20
140,19,20
0,18,20
0,12,11
0,5,4
0,7,4
0,3,1
0,1,0
0,0,0
0,0,0
0,0,0
0,0,0
0,0,0
0,0,0
0,0,0
0,0,0
0,0,0
0,0,0
0,0,0
0,0,0
0,0,0
0,0,0
0,0,0
0,0,0
0,0,0
0,0,0
0,0,0
0,0,0
0,0,0
0,0,0
0,0,0
0,0,0
0,0,0
0,0,0
0,0,0
0,0,0
0,0,0
0,0,0
0,0,0
0,0,0
0,0,0
0,0,0
0,0,0
0,0,0
0,0,0
0,0,0
0,0,0
0,0,0
0,0,0
0,0,0
0,0,0
0,0,0
0,0,0
0,0,0
0,0,0
0,0,0
0,0,0
0,0,0
0,0,0
0,0,0
0,0,0
0,0,0
0,0,0
0,0,0
0,0,0
0,0,0
0,0,0
0,0,0
0,0,0
0,0,0
0,0,0
0,0,0
0,0,0
0,0,0
0,0,0
0,0,0
0,0,0
0,0,0
0,0,0
0,0,0
0,0,0
0,0,0
0,0,0
0,0,0
0,0,0
0,0,0
0,0,0
0,0,0
0,0,0
0,0,0
0,0,0
0,0,0
0,0,0
0,0,0
0,0,0
0,0,0
0,0,0
0,0,0
0,0,0
0,0,0
0,0,0
0,0,0
-100,0,0
-100,-2,-2
-100,-4,-5
-100,-5,-5
-100,-6,-7
-100,-7,-8
-100,-8,-9
-100,-4,-5
-100,-8,-10
-100,-9,-10
-100,-9,-11
-100,-9,-10
-100,-9,-10
-100,-9,-11
-100,-5,-5
-100,-10,-11
-100,-9,-12
-100,-10,-11
-100,-9,-10
-100,-10,-11
-100,-4,-6
-100,-10,-11
-100,-10,-12
-100,-10,-11
-100,-10,-11
-100,-9,-11
-100,-10,-12
-100,-5,-5
-100,-10,-12
-100,-9,-12
-100,-9,-11
-100,-9,-11
-100,-9,-11
-100,-9,-11
-100,-4,-6
-100,-9,-11
-100,-9,-12
-100,-9,-12
-100,-9,-12
-100,-9,-11
-100,-10,-12
-100,-5,-6
-100,-11,-12
-100,-11,-12
-100,-10,-12
-100,-11,-12
-100,-10,-12
-100,-12,-11
-100,-6,-6
-100,-12,-12
-100,-11,-12
-100,-11,-12
-100,-12,-11
-100,-10,-12
-100,-6,-6
-100,-12,-12
-100,-12,-12
-100,-11,-12
-100,-12,-11
-100,-11,-11
-100,-12,-12
-100,-6,-6
-100,-12,-12
-100,-12,-12
-100,-12,-12
-100,-12,-12
-100,-12,-11
-100,-11,-12
-100,-6,-6
-100,-13,-13
-100,-12,-12
-100,-12,-12
-100,-12,-12
-100,-12,-11
-100,-6,-7
-100,-12,-12
-100,-13,-12
-100,-12,-13
-100,-12,-12
-100,-12,-11
-100,-11,-12
-100,-7,-6
-100,-12,-13
-100,-12,-12
-100,-13,-12
-100,-12,-12
-100,-11,-12
-100,-13,-12
-100,-6,-7
-100,-13,-12
-100,-12,-12
-100,-13,-12
-100,-12,-12
-100,-12,-12
-100,-12,-12
-100,-6,-6
-100,-14,-12
-100,-13,-12
-100,-13,-12
-100,-12,-12
-140,-13,-12
-140,-7,-7
-140,-16,-15
-140,-18,-17
-140,-17,-17
-140,-17,-18
-140,-18,-18
-140,-9,-9
-140,-18,-19
-140,-19,-19
-140,-19,-19
-140,-19,-18
-140,-18,-18
-140,-19,-19
-140,-10,-9
-140,-19,-20
-140,-20,-20
-140,-18,-19
-140,-19,-18
-140,-19,-19
-140,-10,-10
-140,-20,-20
-140,-19,-19
-140,-19,-19
-140,-18,-18
-140,-18,-19
-140,-10,-9
-140,-18,-19
-140,-19,-19
-140,-19,-18
-140,-18,-18
-140,-18,-18
-140,-18,-18
-140,-10,-10
-140,-20,-19
-140,-18,-18
-140,-19,-18
-140,-19,-18
-140,-20,-18
-140,-10,-10
-140,-20,-19
-140,-20,-18
-140,-19,-18
-140,-20,-18
-140,-19,-18
-140,-10,-10
-140,-21,-18
-140,-20,-19
-140,-20,-19
-140,-20,-18
-140,-20,-18
-140,-10,-9
-140,-20,-20
-140,-21,-19
-140,-20,-19
-140,-20,-18
-140,-20,-18
-140,-20,-19
-140,-11,-11
-140,-21,-19
-140,-20,-19
-140,-21,-18
-140,-19,-18
-140,-21,-17
-140,-10,-10
-140,-21,-19
-140,-21,-18
-140,-20,-18
-140,-20,-18
-140,-20,-19
-140,-11,-9
-140,-20,-20
-140,-21,-19
-140,-21,-19
-140,-19,-19
-140,-20,-18
-140,-10,-10
-140,-21,-20
-140,-20,-19
-140,-21,-20
-140,-19,-18
-140,-20,-19
-140,-20,-19
-140,-11,-10
-140,-21,-20
-140,-21,-19
-140,-20,-19
-140,-20,-18
-140,-20,-19
-140,-11,-10
-140,-20,-20
-140,-20,-19
-140,-19,-19
-140,-20,-18
-140,-19,-19
-140,-10,-10
-140,-20,-20
-140,-21,-20
-140,-20,-20
-140,-19,-19
0,-19,-18
0,-7,-7
0,-10,-12
0,-4,-8
0,-1,-5
0,0,-3
0,0,-1
0,0,0
0,0,0
0,0,0
0,0,0
0,0,0
0,0,0
0,0,0
0,0,0
0,0,0
0,0,0
0,0,0
0,0,0
0,0,0
0,0,0
0,0,0
0,0,0
0,0,0
0,0,0
0,0,0
0,0,0
0,0,0
0,0,0
0,0,0
0,0,0
0,0,0
0,0,0
0,0,0
0,0,0
0,0,0
0,0,0
0,0,0
0,0,0
0,0,0
0,0,0
0,0,0
0,0,0
0,0,0
0,0,0
0,0,0
0,0,0
0,0,0
0,0,0
0,0,0
0,0,0
0,0,0
0,0,0
0,0,0
0,0,0
0,0,0
0,0,0
0,0,0
0,0,0
0,0,0
0,0,0
0,0,0
0,0,0
0,0,0
0,0,0
0,0,0
0,0,0
0,0,0
0,0,0
0,0,0
0,0,0
0,0,0
0,0,0
0,0,0
0,0,0
0,0,0
0,0,0
0,0,0
0,0,0
0,0,0
0,0,0
0,0,0
0,0,0
0,0,0
0,0,0
0,0,0
0,0,0
0,0,0
0,0,0
0,0,0
0,0,0
0,0,0
0,0,0
0,0,0
0,0,0
0,0,0
0,0,0
0,0,0
0,0,0
0,0,0
0,0,0
0,0,0
0,0,0
0,0,0
0,0,0
0,0,0
0,0,0
0,0,0
0,0,0
0,0,0
0,0,0
0,0,0
0,0,0
0,0,0
0,0,0
0,0,0
0,0,0
0,0,0
0,0,0
0,0,0
0,0,0
0,0,0
0,0,0
0,0,0
0,0,0
0,0,0
0,0,0
0,0,0
0,0,0
0,0,0
0,0,0
0,0,0
0,0,0
0,0,0
0,0,0
0,0,0
0,0,0
0,0,0
0,0,0
0,0,0
0,0,0
0,0,0
0,0,0
0,0,0
0,0,0
0,0,0
0,0,0
0,0,0
0,0,0
0,0,0
0,0,0
0,0,0
0,0,0
0,0,0
0,0,0
0,0,0
0,0,0
0,0,0
0,0,0
0,0,0
0,0,0
0,0,0
0,0,0
0,0,0
0,0,0
0,0,0
0,0,0
0,0,0
0,0,0
0,0,0
0,0,0
0,0,0
0,0,0
0,0,0
0,0,0
0,0,0
0,0,0
0,0,0
0,0,0
0,0,0
0,0,0
0,0,0
0,0,0
0,0,0
0,0,0
0,0,0
0,0,0
0,0,0
0,0,0
0,0,0
0,0,0
0,0,0
0,0,0
0,0,0
0,0,0
0,0,0
0,0,0
0,0,0
0,0,0
0,0,0
0,0,0
0,0,0
0,0,0
0,0,0
0,0,0
0,0,0
0,0,0
0,0,0
0,0,0
0,0,0
0,0,0
0,0,0
0,0,0
0,0,0
0,0,0
0,0,0
0,0,0
0,0,0
0,0,0
0,0,0
0,0,0
0,0,0
0,0,0
0,0,0
0,0,0
0,0,0
