active,angle,s0,s1,s2,s3,s4,line_position
False,90.633,0,0,0,0,0,0
False,90.632,0,0,0,0,0,0
False,90.632,0,0,0,0,0,0
False,90.63,0,0,0,0,0,0
False,90.632,0,0,0,0,0,0
False,90.631,0,0,0,0,0,0
False,90.631,0,0,0,0,0,0
False,90.632,0,0,0,0,0,0
False,90.631,0,0,0,0,0,0
False,90.629,0,0,0,0,0,0
False,90.629,0,0,0,0,0,0
False,90.629,0,0,0,0,0,0
False,90.629,0,0,0,0,0,0
False,90.627,0,0,0,0,0,0
False,90.626,0,0,0,0,0,0
False,90.625,0,0,0,0,0,0
False,90.624,0,0,0,0,0,0
False,90.625,0,0,0,0,0,0
False,90.627,0,0,0,0,0,0
False,90.625,0,0,0,0,0,0
False,90.626,0,0,0,0,0,0
False,90.626,0,0,0,0,0,0
False,90.627,0,0,0,0,0,0
False,90.627,0,0,0,0,0,0
False,90.626,0,0,0,0,0,0
False,90.627,0,0,0,0,0,0
False,90.626,0,0,0,0,0,0
False,90.626,0,0,0,0,0,0
False,90.627,0,0,0,0,0,0
False,90.626,0,0,0,0,0,0
False,90.625,0,0,0,0,0,0
False,90.625,0,0,0,0,0,0
False,90.624,0,0,0,0,0,0
False,90.624,0,0,0,0,0,0
False,90.623,0,0,0,0,0,0
False,90.623,0,0,0,0,0,0
False,90.621,0,0,0,0,0,0
False,90.621,0,0,0,0,0,0
False,90.62,0,0,0,0,0,0
False,90.619,0,0,0,0,0,0
False,90.619,0,0,0,0,0,0
False,90.618,0,0,0,0,0,0
False,90.618,0,0,0,0,0,0
False,90.619,0,0,0,0,0,0
False,90.619,0,0,0,0,0,0
False,90.62,0,0,0,0,0,0
False,90.62,0,0,0,0,0,0
False,90.62,0,0,0,0,0,0
False,90.621,0,0,0,0,0,0
False,90.619,0,0,0,0,0,0
False,90.62,0,0,0,0,0,0
False,90.62,0,0,0,0,0,0
False,90.62,0,0,0,0,0,0
False,90.62,0,0,0,0,0,0
False,90.619,0,0,0,0,0,0
False,90.619,0,0,0,0,0,0
False,90.616,0,0,0,0,0,0
False,90.615,0,0,0,0,0,0
False,90.616,0,0,0,0,0,0
False,90.614,0,0,0,0,0,0
False,90.614,0,0,0,0,0,0
False,90.614,0,0,0,0,0,0
False,90.616,0,0,0,0,0,0
False,90.615,0,0,0,0,0,0
False,90.613,0,0,0,0,0,0
False,90.612,0,0,0,0,0,0
False,90.614,0,0,0,0,0,0
False,90.614,0,0,0,0,0,0
False,90.616,0,0,0,0,0,0
False,90.616,0,0,0,0,0,0
False,90.617,0,0,0,0,0,0
False,90.618,0,0,0,0,0,0
False,90.617,0,0,0,0,0,0
False,90.616,0,0,0,0,0,0
False,90.611,0,0,0,0,0,0
False,90.624,0,0,0,0,0,0
False,90.606,0,0,0,0,0,0
False,90.617,0,0,0,0,0,0
False,90.606,0,0,0,0,0,0
False,90.603,0,0,0,0,0,0
False,90.291,824,0,0,0,0,-2.0
False,90.228,1408,0,176,0,0,-1.7777777777777777
False,89.517,1560,0,324,0,0,-1.6560509554140128
False,88.487,1792,64,528,0,0,-1.530201342281879
False,87.298,1972,240,736,0,0,-1.4192672998643148
False,85.862,2080,416,908,0,0,-1.3443008225616924
False,84.015,2208,688,1152,0,0,-1.2608695652173911
False,82.215,2292,860,1388,172,0,-1.1188455008488967
False,80.401,2320,956,1536,352,0,-1.015491866769946
False,78.565,2320,1136,1724,600,0,-0.8955017301038062
False,76.688,2356,1320,1844,780,0,-0.8336507936507935
False,74.863,2352,1468,1928,928,0,-0.7855002995805873
False,73.014,2352,1680,2048,1148,0,-0.724405091311566
False,71.194,2348,1860,2168,1352,0,-0.6733954451345755
False,69.441,2352,1928,2232,1452,0,-0.6504269211451532
False,67.727,2352,2016,2324,1608,0,-0.6159036144578314
False,66.088,2352,2104,2352,1724,0,-0.5958743553680264
False,64.515,2352,2160,2352,1784,0,-0.5874190564292322
False,62.971,2352,2228,2352,1908,0,-0.5683257918552037
False,61.432,2352,2260,2352,1980,0,-0.5572450805008945
False,59.908,2352,2288,2352,2040,0,-0.5482728077945084
False,58.37,2352,2288,2352,2072,0,-0.5428067078552515
False,56.786,2352,2292,2384,2096,164,-0.5399149740198395
False,55.21,2352,2288,2380,2132,392,-0.5374472573839664
False,53.699,2352,2292,2384,2136,556,-0.540057636887608
False,52.251,2352,2288,2380,2100,744,-0.5540364583333333
False,50.817,2348,2288,2380,2092,840,-0.558803061934586
False,49.363,2352,2292,2384,2104,848,-0.556794425087108
False,47.892,2344,2284,2380,2064,940,-0.5700301204819278
False,46.368,2352,2292,2384,2040,1012,-0.5840637450199202
False,44.844,2352,2292,2384,2036,1036,-0.586991869918699
False,43.381,2352,2288,2380,1976,1072,-0.6100254885301614
False,41.95,2348,2256,2376,1940,1104,-0.622557726465364
False,40.485,2352,2260,2384,1916,1144,-0.6365313653136533
False,38.956,2344,2252,2376,1876,1164,-0.6526717557251909
False,37.368,2352,2232,2352,1848,1176,-0.6705882352941178
False,35.723,2352,2252,2352,1844,1200,-0.678
False,34.02,2352,2260,2352,1848,1240,-0.684319833852544
False,32.274,2352,2260,2384,1852,1336,-0.6963470319634703
False,30.481,2352,2260,2380,1876,1428,-0.7072243346007603
True,28.681,2352,2260,2380,1916,1492,0
True,26.902,2352,2292,2380,1940,1588,-0.7197549770290965
True,25.125,2352,2292,2380,1976,1620,-0.7063492063492064
True,23.463,2344,2284,2380,2000,1648,-0.693708609271523
True,21.891,2352,2292,2384,2036,1684,-0.683848797250859
True,20.464,2348,2288,2380,2036,1716,-0.6928702010968921
True,19.208,2344,2284,2376,2032,1744,-0.7048543689320389
True,18.176,2352,2288,2380,2032,1776,-0.7227926078028748
True,17.309,2352,2292,2384,2040,1816,-0.7339246119733924
True,16.602,2348,2280,2380,2032,1808,-0.7345132743362832
True,15.997,2352,2288,2380,2000,1840,-0.7903614457831325
True,15.466,2344,2284,2372,1968,1840,-0.8233830845771144
True,14.998,2352,2288,2380,1968,1840,-0.8255528255528256
True,14.562,2352,2288,2380,1944,1844,-0.8564231738035263
True,14.144,2352,2292,2384,1940,1812,-0.8325581395348838
True,13.722,2352,2292,2384,1908,1748,-0.8189300411522634
True,13.288,2348,2288,2380,1912,1716,-0.7945736434108526
True,12.835,2352,2288,2380,1936,1712,-0.7741935483870968
True,12.388,2348,2288,2380,1944,1712,-0.7651515151515151
True,11.968,2352,2292,2384,1980,1724,-0.7424242424242425
True,11.613,2352,2288,2380,1976,1744,-0.7564356435643566
True,11.321,2352,2288,2380,1976,1752,-0.7605633802816901
True,11.067,2352,2288,2380,1976,1752,-0.7605633802816901
True,10.839,2352,2292,2384,1976,1780,-0.7749469214437366
True,10.625,2352,2288,2380,1976,1784,-0.7784946236559139
True,10.453,2344,2284,2376,2004,1776,-0.7436974789915968
True,10.319,2352,2292,2384,2008,1784,-0.7473684210526316
True,10.231,2348,2284,2376,2036,1780,-0.7193347193347194
True,10.183,2352,2292,2384,2036,1776,-0.7183673469387754
True,10.18,2352,2292,2384,2040,1784,-0.7184265010351967
True,10.215,2348,2288,2380,2032,1808,-0.73568281938326
True,10.277,2352,2292,2384,2040,1812,-0.7318681318681318
True,10.367,2344,2284,2376,2032,1808,-0.7339246119733924
True,10.472,2352,2288,2380,2032,1808,-0.7384615384615385
True,10.593,2352,2288,2380,2040,1808,-0.7308533916849017
True,10.721,2344,2280,2372,2032,1776,-0.7193347193347194
True,10.835,2352,2292,2384,2040,1780,-0.7166324435318275
True,10.931,2352,2288,2380,2040,1776,-0.7157464212678937
True,11.004,2352,2288,2380,2032,1776,-0.7227926078028748
True,11.041,2348,2288,2380,2036,1776,-0.7166324435318275
True,11.062,2352,2292,2384,2040,1816,-0.7339246119733924
True,11.081,2348,2288,2380,2032,1808,-0.73568281938326
True,11.096,2352,2292,2380,2040,1816,-0.7355555555555554
True,11.116,2352,2288,2380,2040,1816,-0.734966592427617
True,11.145,2352,2292,2380,2040,1808,-0.7314410480349347
True,11.19,2352,2288,2380,2040,1816,-0.734966592427617
True,11.234,2352,2292,2380,2040,1784,-0.7199170124481329
True,11.275,2352,2292,2384,2040,1812,-0.7318681318681318
True,11.323,2352,2288,2380,2040,1816,-0.734966592427617
True,11.384,2344,2284,2376,2064,1808,-0.7037037037037037
True,11.43,2352,2292,2384,2072,1816,-0.7037037037037037
True,11.454,2344,2284,2376,2064,1808,-0.7037037037037037
True,11.462,2352,2292,2380,2064,1840,-0.724537037037037
True,11.469,2352,2288,2380,2072,1812,-0.7028199566160521
True,11.473,2352,2292,2384,2064,1840,-0.722863741339492
True,11.476,2352,2292,2384,2072,1840,-0.7149425287356324
True,11.481,2344,2284,2380,2064,1840,-0.7172897196261682
True,11.481,2348,2288,2380,2068,1840,-0.7169373549883992
True,11.469,2352,2288,2380,2068,1844,-0.72196261682243
True,11.443,2352,2292,2380,2064,1840,-0.724537037037037
True,11.412,2352,2292,2380,2072,1840,-0.7165898617511521
True,11.368,2352,2292,2380,2072,1848,-0.7206572769953051
True,11.307,2352,2292,2384,2064,1840,-0.722863741339492
True,11.242,2352,2288,2380,2100,1844,-0.6903669724770641
True,11.18,2352,2292,2384,2104,1848,-0.6873563218390805
True,11.143,2352,2292,2384,2104,1840,-0.6839729119638827
True,11.117,2352,2288,2380,2100,1844,-0.6903669724770641
True,11.11,2344,2316,2376,2096,1840,-0.6930022573363431
True,11.11,2352,2288,2380,2100,1876,-0.7054455445544554
True,11.124,2352,2292,2384,2104,1880,-0.7022332506203474
True,11.151,2352,2284,2380,2096,1872,-0.7068965517241379
True,11.178,2352,2292,2380,2104,1876,-0.7019704433497537
True,11.204,2352,2288,2380,2096,1872,-0.7076167076167076
True,11.226,2352,2292,2380,2100,1872,-0.7041564792176039
True,11.25,2344,2284,2376,2096,1872,-0.7022332506203474
True,11.268,2352,2288,2380,2100,1872,-0.7034313725490196
True,11.281,2352,2288,2380,2100,1872,-0.7034313725490196
True,11.298,2348,2284,2380,2096,1868,-0.7017114914425427
True,11.321,2352,2288,2380,2100,1872,-0.7034313725490196
True,11.351,2352,2292,2380,2104,1876,-0.7019704433497537
True,11.377,2352,2288,2380,2096,1872,-0.7076167076167076
True,11.393,2352,2292,2380,2104,1876,-0.7019704433497537
True,11.402,2352,2292,2384,2104,1880,-0.7022332506203474
True,11.406,2348,2288,2380,2100,1872,-0.7002457002457002
True,11.422,2352,2292,2384,2104,1880,-0.7022332506203474
True,11.447,2344,2284,2372,2092,1900,-0.7238605898123325
True,11.467,2352,2292,2384,2104,1872,-0.6982968369829684
True,11.477,2352,2292,2384,2104,1912,-0.719676549865229
True,11.477,2348,2284,2376,2128,1904,-0.6868421052631579
True,11.473,2352,2288,2380,2100,1908,-0.7231182795698925
True,11.46,2352,2284,2384,2128,1904,-0.6866840731070495
True,11.433,2348,2288,2380,2124,1932,-0.7053824362606234
True,11.396,2352,2292,2384,2136,1944,-0.7002881844380403
True,11.359,2352,2288,2380,2128,1936,-0.7065527065527065
True,11.329,2348,2288,2380,2132,1932,-0.6957746478873239
True,11.296,2344,2284,2376,2128,1936,-0.7002881844380403
True,11.27,2352,2288,2380,2132,1936,-0.7017045454545454
True,11.259,2352,2288,2380,2132,1940,-0.704022988505747
True,11.267,2352,2292,2380,2128,1936,-0.7073863636363635
True,11.295,2352,2292,2380,2100,1940,-0.7448680351906158
True,11.358,2352,2292,2380,2104,1940,-0.7397660818713452
True,11.491,2352,2288,2380,2096,1936,-0.7463556851311953
True,11.662,2352,2288,2380,2100,1940,-0.7441176470588234
True,11.855,2352,2288,2380,2100,1940,-0.7441176470588234
True,12.06,2348,2288,2380,2068,1936,-0.7791044776119403
True,12.295,2352,2288,2380,2100,1940,-0.7441176470588234
True,12.555,2344,2284,2376,2064,1936,-0.782477341389728
True,12.817,2352,2292,2384,2072,1944,-0.782477341389728
True,13.083,2352,2292,2380,2072,1944,-0.7848484848484849
True,13.352,2352,2284,2380,2064,1936,-0.7874251497005987
True,13.623,2352,2288,2380,2040,1940,-0.8246153846153846
True,13.899,2352,2288,2380,2064,1936,-0.7880597014925371
True,14.182,2352,2288,2380,2032,1904,-0.8022284122562675
True,14.472,2352,2292,2384,2040,1912,-0.7971830985915492
True,14.763,2352,2260,2384,2036,1908,-0.7942857142857143
True,15.044,2352,2292,2384,2040,1904,-0.790633608815427
True,15.325,2348,2284,2384,2036,1908,-0.7943661971830985
True,15.612,2348,2288,2380,2036,1904,-0.7938718662952647
True,15.932,2352,2292,2384,2040,1912,-0.7971830985915492
True,16.311,2352,2292,2380,2032,1904,-0.8027777777777779
True,16.786,2352,2288,2380,2040,1912,-0.7988668555240794
True,17.366,2352,2292,2384,2040,1880,-0.7726098191214472
True,18.071,2352,2288,2380,2000,1872,-0.8146214099216711
True,18.889,2352,2292,2384,2008,1848,-0.7858880778588809
True,19.802,2352,2292,2384,1980,1852,-0.82
True,20.805,2352,2292,2384,1972,1844,-0.8226600985221675
True,21.916,2352,2292,2380,1944,1848,-0.8604060913705583
True,23.177,2344,2284,2376,1908,1844,-0.8958333333333334
True,24.617,2352,2260,2380,1852,1812,-0.9323308270676692
True,26.274,2352,2260,2380,1788,1820,-0.9253012048192772
True,28.119,2344,2220,2380,1688,1784,-0.8360323886639678
True,30.119,2356,2172,2356,1596,1732,-0.8172043010752689
True,32.304,2352,2100,2352,1500,1660,-0.8051948051948051
True,34.663,2352,1948,2320,1380,1572,-0.7964071856287426
True,37.203,2288,1768,2288,1224,1484,-0.7339699863574353
True,39.919,2204,1616,2236,1140,1364,-0.7538461538461538
True,42.777,2000,1380,2120,968,1128,-0.7822931785195938
True,45.784,1696,1108,1968,764,700,-0.8538011695906432
True,48.89,1404,904,1792,592,304,-0.7226697353279632
True,52.021,808,620,1528,272,0,-0.6084262701363072
True,55.127,24,244,1208,0,0,-0.19783197831978322
True,58.193,0,0,944,0,0,0.0
True,61.198,0,0,412,0,0,0.0
True,64.003,0,0,0,0,0,0
True,66.511,0,0,0,0,0,0
True,68.752,0,0,0,0,0,0
False,70.745,0,0,0,0,0,0
False,72.545,0,0,0,0,0,0
False,74.222,0,0,0,0,0,0
False,75.834,0,0,0,0,0,0
False,77.434,0,0,0,0,0,0
False,79.029,0,0,0,0,0,0
False,80.579,0,0,0,0,0,0
False,82.03,0,0,0,0,0,0
False,83.327,0,0,0,0,0,0
False,84.46,0,0,0,0,0,0
False,85.452,0,0,0,0,0,0
False,86.34,0,0,0,0,0,0
False,87.151,0,0,0,0,0,0
False,87.892,0,0,0,0,0,0
False,88.576,0,0,0,0,0,0
False,89.209,0,0,0,0,0,0
False,89.787,0,0,0,0,0,0
False,90.303,0,0,0,0,0,0
False,90.755,0,0,0,0,0,0
False,91.159,0,0,0,0,0,0
False,91.534,0,0,0,0,0,0
False,91.87,0,0,0,0,0,0
False,92.132,0,0,0,0,0,0
False,92.337,0,0,0,0,0,0
False,92.532,0,0,0,0,0,0
False,92.764,0,0,0,0,0,0
False,93.039,0,0,0,0,0,0
False,93.354,0,0,0,0,0,0
False,93.703,0,0,0,0,0,0
False,94.067,0,0,0,0,0,0
False,94.456,0,0,0,0,0,0
False,94.892,0,0,0,0,0,0
False,95.351,0,0,0,0,0,0
False,95.787,0,0,0,0,0,0
False,96.23,0,0,0,0,0,0
False,96.63,0,0,0,0,0,0
False,96.933,0,0,0,0,0,0
False,97.094,0,0,0,0,0,0
False,97.095,0,0,0,0,0,0
False,96.952,0,0,0,0,0,0
False,96.727,0,0,0,0,0,0
False,96.549,0,0,0,0,0,0
False,96.522,0,0,0,0,0,0
False,96.726,0,0,0,0,0,0
False,97.174,0,0,0,0,0,0
False,97.854,0,0,0,0,0,0
False,98.686,0,0,0,0,0,0
False,99.221,0,0,0,0,0,0
False,99.789,0,0,0,0,0,0
False,100.29,0,0,0,0,0,0
False,100.573,0,0,0,0,0,0
False,100.679,0,0,0,0,0,0
False,100.483,0,0,0,0,0,0
False,100.063,0,0,0,0,0,0
False,99.396,0,0,0,0,0,0
False,98.898,0,0,0,0,0,0
False,99.112,0,0,0,0,0,0
False,99.573,0,0,0,0,0,0
False,99.836,0,0,0,0,0,0
False,99.969,0,0,0,0,0,0
False,100.053,0,0,0,0,0,0
False,100.102,0,0,0,0,0,0
False,100.012,0,0,0,0,0,0
False,99.767,0,0,0,0,0,0
False,99.469,0,0,0,0,0,0
False,99.232,0,0,0,0,0,0
False,99.149,0,0,0,0,0,0
False,99.053,0,0,0,0,0,0
False,99.014,0,0,0,0,0,0
False,99.099,0,0,0,0,0,0
False,99.323,0,0,0,0,0,0
False,99.634,0,0,0,0,0,0
False,99.905,0,0,0,0,0,0
False,100.154,0,0,0,0,0,0
False,100.487,0,0,0,0,0,0
False,100.843,0,0,0,0,0,0
False,101.232,0,0,0,0,0,0
False,101.654,0,0,0,0,0,0
False,102.078,0,0,0,0,0,0
False,102.395,0,0,0,0,0,0
False,102.728,0,0,0,0,0,0
False,103.068,0,0,0,0,0,0
False,103.493,0,0,0,0,0,0
False,103.922,0,0,0,0,0,0
False,104.288,0,0,0,0,0,0
False,104.612,0,0,0,0,0,0
False,104.892,0,0,0,0,0,0
False,105.132,0,0,0,0,0,0
False,105.387,0,0,0,0,0,0
False,105.654,0,0,0,0,0,0
False,105.904,0,0,0,0,0,0
False,106.142,0,0,0,0,0,0
False,106.359,0,0,0,0,0,0
False,106.536,0,0,0,0,0,0
False,106.704,0,0,0,0,0,0
False,106.88,0,0,0,0,0,0
False,107.058,0,0,0,0,0,0
False,107.253,0,0,0,0,0,0
False,107.503,0,0,0,0,0,0
False,107.798,0,0,0,0,0,0
False,108.1,0,0,0,0,0,0
False,108.4,0,0,0,0,0,0
False,108.725,0,0,0,0,0,0
False,109.079,0,0,0,0,0,0
False,109.47,0,0,0,0,0,0
False,109.925,0,0,0,0,0,0
False,110.435,0,0,0,0,0,0
False,110.984,0,0,0,0,0,0
False,111.585,0,0,0,0,0,0
False,112.21,0,0,0,0,0,0
False,112.864,0,0,0,0,0,0
False,113.553,0,0,0,0,0,0
False,114.259,0,0,0,0,0,0
False,114.957,0,0,0,0,0,0
False,115.638,0,0,0,0,0,0
False,116.285,0,0,0,0,0,0
False,116.869,0,0,0,0,0,0
False,117.374,0,0,0,0,0,0
False,117.821,0,0,0,0,0,0
False,118.218,0,0,0,0,0,0
False,118.553,0,0,0,0,0,0
False,118.823,0,0,0,0,0,0
False,119.028,0,0,0,0,0,0
False,119.175,0,0,0,0,0,0
False,119.245,0,0,0,0,0,0
False,119.244,0,0,0,0,0,0
False,119.175,0,0,0,0,0,0
False,119.041,0,0,0,0,0,0
False,118.887,0,0,0,0,0,0
False,118.744,0,0,0,0,0,0
False,118.613,0,0,0,0,0,0
False,118.488,0,0,0,0,0,0
False,118.384,0,0,0,0,0,0
False,118.312,0,0,0,0,0,0
False,118.219,0,0,0,0,0,0
False,118.069,0,0,0,0,0,0
False,117.836,0,0,0,0,0,0
False,117.526,0,0,0,0,0,0
False,117.157,0,0,0,0,0,0
False,116.717,0,0,0,0,0,0
False,116.172,0,0,0,0,0,0
False,115.517,0,0,0,0,0,0
False,114.787,0,0,0,0,0,0
False,114.034,0,0,0,0,0,0
False,113.316,0,0,0,0,0,0
False,112.695,0,0,0,0,0,0
False,112.188,0,0,0,0,0,0
False,111.776,0,0,0,0,0,0
False,111.435,0,0,0,0,0,0
False,111.131,0,0,0,0,0,0
False,110.82,0,0,0,0,0,0
False,110.499,0,0,0,0,0,0
False,110.197,0,0,0,0,0,0
False,109.925,0,0,0,0,0,0
False,109.679,0,0,0,0,0,0
False,109.455,0,0,0,0,0,0
False,109.257,0,0,0,0,0,0
False,109.117,0,0,0,0,0,0
False,109.025,0,0,0,0,0,0
False,108.957,0,0,0,0,0,0
False,108.883,0,0,0,0,0,0
False,108.808,0,0,0,0,0,0
False,108.756,0,0,0,0,0,0
False,108.736,0,0,0,0,0,0
False,108.739,0,0,0,0,0,0
False,108.706,0,0,0,0,0,0
False,108.6,0,0,0,0,0,0
False,108.426,0,0,0,0,0,0
False,108.206,0,0,0,0,0,0
False,107.962,0,0,0,0,0,0
False,107.68,0,0,0,0,0,0
False,107.351,0,0,0,0,0,0
False,106.984,0,0,0,0,0,0
False,106.559,0,0,0,0,0,0
False,106.057,0,0,0,0,0,0
False,105.449,0,0,0,0,0,0
False,104.659,0,0,0,0,0,0
False,103.737,0,0,0,0,0,0
False,102.734,0,0,0,0,0,0
False,101.72,0,0,0,0,0,0
False,100.746,0,0,0,0,0,0
False,99.904,0,0,0,0,0,0
False,99.307,0,0,0,0,0,0
False,98.935,0,0,0,0,0,0
False,98.7,0,0,0,0,0,0
False,98.527,0,0,0,0,0,0
False,98.358,0,0,0,0,0,0
False,98.123,0,0,0,0,0,0
False,97.748,0,0,0,0,0,0
False,97.224,0,0,0,0,0,0
False,96.599,0,0,0,0,0,0
False,95.852,0,0,0,0,0,0
False,94.962,0,0,0,0,0,0
False,93.945,0,0,0,0,0,0
False,92.823,0,0,0,0,0,0
False,91.617,0,0,0,0,0,0
False,90.376,0,0,0,0,0,0
False,89.137,0,0,0,0,0,0
False,87.871,0,0,0,0,0,0
False,86.549,0,0,0,0,0,0
False,85.15,0,0,0,0,0,0
False,83.737,0,0,0,0,0,0
False,82.361,0,0,0,0,0,0
False,81.044,0,0,0,0,0,0
False,79.78,0,0,0,0,0,0
False,78.536,0,0,0,0,0,0
False,77.244,0,0,0,0,0,0
False,75.807,0,0,0,0,0,0
False,74.154,0,0,0,0,0,0
False,72.267,0,0,0,0,0,0
False,70.175,0,0,0,0,0,0
False,67.908,0,0,0,0,0,0
False,65.539,0,0,0,0,0,0
False,63.079,0,0,0,0,0,0
False,60.513,0,0,0,0,0,0
False,57.952,0,0,0,0,0,0
False,55.68,0,0,0,0,0,0
False,53.675,0,0,0,0,0,0
False,51.894,0,0,0,0,0,0
False,50.481,0,0,0,0,0,0
False,49.049,0,0,0,0,0,0
False,47.31,0,0,0,0,0,0
False,45.083,0,0,0,0,0,0
False,42.483,0,0,0,0,0,0
False,40.087,0,0,0,0,0,0
False,37.996,0,0,0,0,0,0
False,36.061,0,0,0,0,0,0
False,34.264,0,0,0,0,0,0
False,32.427,0,0,0,0,0,0
False,30.335,0,0,0,0,0,0
True,28.082,0,0,0,0,0,0
True,25.731,0,0,0,0,0,0
True,23.372,0,0,0,0,0,0
True,20.832,0,0,0,0,0,0
True,18.455,0,0,0,0,0,0
True,16.46,0,0,0,0,0,0
True,15.314,0,0,0,0,0,0
True,14.806,0,0,0,0,0,0
True,14.636,0,0,0,0,0,0
True,14.562,0,0,0,0,0,0
True,14.43,0,0,0,0,0,0
True,14.329,0,0,0,0,0,0
True,14.193,0,0,28,0,0,0.0
True,13.525,0,0,208,0,0,0.0
True,13.049,0,0,344,0,0,0.0
True,12.569,0,0,524,0,0,0.0
True,12.083,0,0,672,4,132,0.3316831683168317
True,11.705,0,0,732,64,248,0.5363984674329502
True,11.336,0,148,848,272,332,0.49250000000000005
True,11.091,232,392,996,516,516,0.4638069705093834
True,10.729,416,448,1060,580,580,0.4581673306772908
True,10.22,576,472,1088,636,608,0.22352941176470587
True,9.513,632,532,1116,660,660,0.1957446808510638
True,8.622,576,544,1120,640,640,0.2799999999999999
True,7.572,572,604,1148,668,696,0.3768115942028986
True,6.807,628,628,1176,688,720,0.3485714285714286
True,6.102,636,636,1176,696,728,0.35260115606936415
True,5.563,720,656,1200,688,752,0.13043478260869568
True,5.177,780,624,1148,656,748,-0.03827751196172248
True,4.921,780,656,1140,720,720,-0.0760869565217391
True,4.568,780,684,1140,748,720,-0.08588957055214723
True,4.449,720,688,1148,752,752,0.20645161290322578
True,4.39,720,688,1140,780,720,0.15131578947368418
True,4.504,720,688,1140,752,720,0.1103448275862069
True,4.7,728,664,1116,728,696,0.0
True,4.948,720,656,1112,720,720,0.09876543209876543
True,5.256,724,660,1112,724,692,0.0
True,5.653,696,664,1116,728,696,0.1103448275862069
True,6.153,692,660,1112,724,692,0.1103448275862069
True,6.719,660,628,1120,784,660,0.21910112359550563
True,7.151,660,628,1112,752,660,0.1845238095238095
True,7.436,664,600,1088,692,632,0.04142011834319525
True,7.66,660,596,1116,692,628,0.0449438202247191
True,7.952,632,568,1084,664,632,0.1297297297297297
True,8.344,632,568,1088,664,600,0.0449438202247191
True,8.767,632,568,1060,664,604,0.05813953488372091
True,8.911,540,572,1056,724,572,0.28272251308900526
True,9.157,540,572,1060,724,604,0.35000000000000003
True,9.595,476,572,1000,664,572,0.3141592920353982
True,10.106,448,544,996,636,512,0.2455357142857143
True,10.7,416,512,972,604,480,0.2433628318584071
True,11.158,388,484,972,576,452,0.23605150214592277
True,11.543,380,444,928,536,412,0.19499999999999998
True,11.808,392,424,944,548,424,0.24352331606217614
True,12.06,384,424,964,544,384,0.15384615384615385
True,12.443,264,424,944,516,360,0.23905723905723905
True,12.588,284,412,936,512,380,0.2644927536231884
True,12.837,268,424,936,488,332,0.17328519855595667
True,13.155,236,396,912,456,300,0.16785714285714284
True,13.449,200,396,904,456,300,0.20700636942675163
True,13.654,172,364,904,456,268,0.21779141104294478
True,13.755,176,368,884,460,272,0.22187500000000002
True,13.681,176,368,880,460,276,0.22812500000000002
True,13.441,176,368,908,460,304,0.26047904191616766
True,13.048,232,388,908,488,328,0.2466216216216216
True,12.527,264,424,936,548,364,0.26644736842105265
True,11.966,324,484,972,604,420,0.2635135135135135
True,11.535,352,480,1024,604,416,0.22580645161290325
True,11.283,384,512,1000,636,420,0.18992248062015502
True,11.144,352,544,1000,664,448,0.25
True,11.027,376,564,988,656,440,0.19230769230769226
True,11.011,384,572,972,664,480,0.2465277777777777
True,11.007,344,604,964,668,504,0.281524926686217
True,10.993,372,564,1020,716,468,0.26875
True,10.986,340,568,992,660,568,0.3837535014005602
True,10.906,340,632,1024,664,540,0.28800000000000003
True,10.87,312,692,1060,692,536,0.25866050808314084
True,10.785,220,672,1088,672,544,0.30916030534351147
True,10.682,272,692,1112,752,532,0.29000000000000004
True,10.586,236,728,1144,696,524,0.2532588454376164
True,10.544,168,744,1132,712,464,0.23529411764705882
True,10.497,172,748,1140,812,404,0.21854304635761587
True,10.517,144,752,1172,720,368,0.1707717569786535
True,10.591,72,772,1192,712,336,0.17180616740088106
True,10.653,68,704,1156,768,268,0.17682926829268292
True,10.519,12,692,1176,784,180,0.153735632183908
True,10.332,12,712,1104,776,12,0.02503912363067289
True,10.3,80,708,1140,800,48,0.011041009463722407
True,10.328,164,648,1132,832,68,-0.003194888178913714
True,10.323,204,644,1096,768,40,-0.07993730407523507
True,10.359,276,588,1108,772,12,-0.1275964391691395
True,10.27,264,612,1124,768,0,-0.134393063583815
True,10.178,304,616,1100,740,8,-0.17155425219941356
True,10.127,340,652,1140,744,52,-0.18140929535232392
True,9.868,340,620,1160,652,108,-0.1846153846153846
True,9.605,340,684,1168,592,180,-0.19961240310077527
True,9.233,392,644,1176,644,232,-0.1659751037344398
True,8.854,404,620,1192,652,308,-0.09779951100244497
True,8.551,496,620,1220,712,360,-0.1119402985074627
True,8.289,424,612,1288,736,328,-0.03890160183066363
True,8.162,484,580,1244,792,252,-0.12045889101338432
True,8.119,448,700,1280,800,384,-0.016548463356973995
True,8.167,440,728,1308,852,440,0.07908163265306123
True,8.306,480,700,1312,884,404,0.01818181818181821
True,8.42,420,620,1316,896,388,0.12470588235294117
True,8.543,420,608,1288,856,348,0.05842696629213483
True,8.582,520,548,1280,800,324,-0.0755939524838013
True,8.485,580,580,1256,660,352,-0.22541966426858512
True,8.428,620,680,1256,416,384,-0.5125348189415042
True,8.432,644,708,1308,268,268,-0.6422413793103449
True,8.358,736,828,1364,220,252,-0.6852173913043478
True,8.268,728,888,1372,132,196,-0.6852409638554215
True,8.074,668,920,1344,132,196,-0.6661538461538462
True,7.992,648,956,1316,292,196,-0.6457990115321252
True,7.828,368,984,1200,492,240,-0.35892514395393477
True,7.689,480,1012,1228,576,192,-0.40031645569620256
True,7.566,388,860,1228,676,292,-0.18951612903225806
True,7.406,324,732,1248,700,324,-0.018735362997658076
True,7.359,360,672,1196,736,360,0.041994750656167985
True,7.332,292,708,1284,768,388,0.12727272727272726
True,7.375,264,672,1220,796,264,0.06540084388185652
True,7.309,252,668,1248,860,188,0.028119507908611598
True,7.166,352,608,1288,860,0,-0.1454311454311455
True,7.047,492,556,1324,808,0,-0.23018867924528302
True,6.868,552,584,1352,744,232,-0.2083333333333333
True,6.686,700,640,1404,668,380,-0.32346723044397463
True,6.504,952,800,1460,704,508,-0.5222929936305734
True,6.339,1364,1204,1636,924,764,-0.7142857142857142
True,6.207,1692,1540,1812,1280,1120,-0.7613882863340565
True,6.15,1852,1724,1912,1504,1376,-0.7876344086021507
True,6.093,1972,1940,2060,1816,1680,-0.6629213483146066
True,6.076,2044,2044,2136,2012,1948,-0.5045045045045046
True,6.146,2080,2080,2168,2048,2016,-0.5128205128205129
True,6.137,2116,2116,2204,2116,2084,-0.2962962962962964
True,6.118,2112,2112,2232,2112,2112,0.0
True,5.982,2112,2144,2232,2144,2112,0.0
True,5.807,2144,2144,2232,2144,2144,0.0
True,5.563,2148,2148,2236,2148,2148,0.0
True,5.399,2148,2148,2236,2148,2148,0.0
True,5.409,2140,2140,2228,2140,2168,0.4827586206896552
True,5.389,2140,2140,2228,2108,2168,0.0983606557377049
True,5.329,2112,2144,2236,2072,2176,0.14736842105263162
True,5.319,2116,2148,2208,2052,2176,0.054545454545454515
True,5.437,2068,2132,2192,1940,2160,-0.010101010101010065
True,5.564,2020,2080,2180,1824,2148,0.0
True,5.724,1832,2020,2120,1632,2120,0.12020460358056269
True,5.878,1452,1772,1928,1356,2048,0.4369369369369369
True,5.924,1160,1572,1788,1160,1908,0.6062639821029082
True,6.014,696,1144,1480,920,1632,0.6889632107023411
True,6.016,588,844,1288,812,1160,0.634703196347032
True,6.12,500,824,1308,824,852,0.3893805309734514
True,6.176,436,940,1372,756,692,0.16269841269841276
True,6.42,352,992,1360,780,676,0.1816666666666667
True,6.477,296,1064,1332,692,724,0.18417047184170476
True,6.709,180,1152,1344,692,660,0.15984654731457798
True,6.757,88,1192,1312,664,504,0.09156626506024096
True,6.809,0,1204,1296,644,644,0.19218585005279828
True,6.732,84,1068,1188,632,632,0.207286432160804
True,6.697,60,980,1168,668,636,0.261519302615193
True,6.655,164,864,1172,484,672,0.250788643533123
True,6.594,96,684,1164,528,716,0.4002954209748893
True,6.597,100,712,1208,556,712,0.3830703012912482
True,6.547,196,612,1196,612,704,0.4341880341880342
True,6.496,220,644,1256,644,672,0.38698630136986306
True,6.46,260,680,1232,620,588,0.2865384615384615
True,6.387,400,680,1256,588,464,0.025936599423631128
True,6.275,472,720,1228,536,472,-0.17228464419475656
True,6.232,528,684,1228,592,400,-0.2430167597765363
True,6.256,652,592,1200,624,496,-0.25830258302583026
True,6.24,660,596,1168,628,500,-0.2737642585551331
True,6.212,712,588,1168,684,516,-0.2720588235294118
True,6.1,724,568,1148,600,568,-0.3645833333333333
True,5.991,744,556,1140,652,620,-0.16309012875536483
True,5.847,744,580,1132,676,612,-0.1990521327014218
True,5.838,728,500,1148,664,696,0.08090614886731393
True,5.661,712,524,1116,620,776,0.19858156028368795
True,5.529,632,500,1116,600,788,0.3626760563380282
True,5.599,584,488,1044,584,776,0.4633204633204633
True,5.683,568,504,1000,600,752,0.5132743362831859
True,5.719,540,540,1024,632,784,0.7073170731707318
True,5.657,464,496,956,656,748,0.7280000000000001
True,5.663,444,508,972,632,760,0.6897810218978103
True,5.629,468,500,932,688,752,0.756
True,5.503,408,504,900,692,692,0.6539792387543253
True,5.425,348,516,944,732,672,0.5869565217391304
True,5.18,380,540,936,728,696,0.5942028985507247
True,5.036,380,540,936,728,664,0.5608308605341246
True,4.895,380,540,936,756,696,0.6022727272727273
True,4.793,376,536,936,756,696,0.6056338028169014
True,4.726,376,536,940,756,692,0.6000000000000001
True,4.675,376,536,964,756,692,0.5900277008310248
True,4.653,380,540,944,756,696,0.5988700564971752
True,4.658,412,540,972,764,696,0.5981873111782476
True,4.689,408,536,936,724,724,0.6366459627329193
True,4.684,412,508,912,696,764,0.7240259740259741
True,4.598,472,504,940,700,760,0.7598425196850392
True,4.397,472,536,968,660,812,0.7389705882352942
True,4.2,508,508,972,672,824,0.8432203389830509
True,4.202,536,504,996,632,816,0.7136929460580913
True,4.243,536,536,1032,660,820,0.7654867256637168
True,4.289,564,564,1052,660,844,0.7592592592592592
True,4.31,564,564,1052,660,812,0.7115384615384615
True,4.357,600,568,1032,636,820,0.6225490196078431
True,4.385,600,536,1024,632,784,0.5178571428571429
True,4.431,596,500,1024,660,752,0.4573643410852713
True,4.459,628,532,1060,628,812,0.4639999999999999
True,4.557,628,500,1052,596,812,0.4264705882352941
True,4.67,632,504,1088,568,784,0.3484848484848485
True,4.789,632,472,1112,568,784,0.33112582781456956
True,4.949,660,500,1088,596,784,0.30496453900709214
True,5.134,660,532,1116,596,780,0.296875
True,5.323,692,532,1112,596,784,0.2348484848484848
True,5.498,692,532,1120,596,752,0.17829457364341086
True,5.657,696,500,1144,596,756,0.1812080536912751
True,5.799,692,472,1148,600,724,0.15047021943573669
True,5.938,660,504,1116,600,700,0.1660377358490566
True,6.037,668,504,1116,572,700,0.1269230769230769
True,6.055,692,500,1116,596,660,0.030075187969924786
True,6.059,696,468,1116,636,636,0.03960396039603957
True,6.088,684,524,1112,684,620,0.03187250996015933
True,6.108,692,536,1116,600,568,-0.22115384615384617
True,5.999,684,524,1104,652,620,0.0
True,6.048,688,564,1136,596,564,-0.2967032967032967
True,6.129,636,540,1148,608,540,-0.16062176165803105
True,6.142,660,600,1172,692,472,-0.2297734627831715
True,6.191,616,648,1168,584,424,-0.33939393939393936
True,6.229,644,612,1192,644,452,-0.2741433021806854
True,6.199,568,660,1208,600,368,-0.2941176470588235
True,6.114,436,684,1200,560,468,-0.05136986301369863
True,6.04,336,620,1248,620,432,0.1218274111675127
True,6.025,360,684,1256,620,552,0.19138755980861247
True,6.051,268,652,1232,620,588,0.300990099009901
True,6.09,200,652,1232,620,684,0.3919597989949749
True,6.152,168,656,1236,688,688,0.41294298921417566
True,6.171,172,588,1228,556,712,0.4373956594323873
True,6.135,92,680,1196,556,740,0.41797432239657634
True,6.135,76,712,1168,556,744,0.41029207232267045
True,6.119,68,808,1140,460,712,0.3300561797752809
True,6.162,124,888,1164,516,704,0.2838616714697406
True,6.101,164,936,1204,644,676,0.261055634807418
True,6.158,100,1020,1208,652,652,0.23499361430395907
True,6.26,128,1044,1224,640,640,0.20421607378129114
True,6.316,24,1136,1228,700,600,0.20067264573991034
True,6.409,0,1200,1316,668,640,0.19560669456066945
True,6.478,24,1168,1316,700,568,0.16958424507658643
True,6.502,88,1172,1352,704,504,0.10769230769230766
True,6.542,152,1136,1344,668,576,0.12195121951219509
True,6.519,180,1096,1364,692,660,0.17981888745148772
True,6.53,180,1136,1372,696,696,0.1861635220125786
True,6.524,348,1072,1376,700,764,0.1825396825396825
True,6.53,276,1052,1384,764,764,0.24055944055944056
True,6.543,372,1016,1404,764,700,0.1686143572621035
True,6.584,312,948,1368,764,668,0.2112
True,6.687,408,924,1376,796,664,0.1804511278195489
True,6.855,428,844,1324,784,684,0.23492723492723483
True,6.97,448,828,1280,800,768,0.3248407643312102
True,7.097,512,804,1284,772,896,0.4309133489461358
True,7.182,592,916,1288,760,1132,0.5347222222222222
True,7.234,620,1028,1372,748,1404,0.6216216216216216
True,7.218,764,1188,1524,860,1584,0.6247619047619047
True,7.13,1072,1516,1732,976,1828,0.43315508021390364
True,7.047,1436,1752,1904,1208,1992,0.2522202486678508
True,6.95,1612,1864,2020,1388,2052,0.20240480961923848
True,6.871,1892,2020,2120,1600,2120,0.020547945205479444
True,6.889,2016,2080,2168,1760,2140,-0.05278592375366564
True,6.855,2048,2116,2208,1880,2148,-0.03600000000000004
True,6.838,2084,2148,2208,2020,2176,0.10447761194029852
True,6.831,2108,2140,2228,2076,2168,0.16470588235294117
True,6.83,2116,2144,2236,2116,2176,0.44230769230769224
True,6.746,2140,2140,2228,2140,2168,0.4827586206896552
True,6.699,2140,2140,2228,2140,2140,0.0
True,6.628,2132,2132,2228,2132,2132,0.0
True,6.53,2116,2116,2208,2116,2116,0.0
True,6.543,2104,2104,2196,2104,2040,-0.36781609195402304
True,6.562,2080,2080,2176,2048,2016,-0.5000000000000001
True,6.627,2028,2000,2120,1968,1896,-0.5563909774436089
True,6.735,1904,1872,2024,1780,1748,-0.6870748299319727
True,6.876,1780,1748,1936,1624,1592,-0.6944444444444443
True,6.972,1604,1540,1844,1416,1384,-0.6497695852534563
True,7.0,1328,1268,1696,1168,1072,-0.5221843003412969
True,6.956,1108,976,1556,948,884,-0.4524714828897338
True,6.812,756,664,1432,832,632,-0.06920415224913493
True,6.74,584,584,1376,860,584,0.2584269662921348
True,6.695,420,616,1316,860,356,0.06487695749440717
True,6.61,424,548,1280,860,232,-0.03296703296703297
True,6.61,304,560,1292,900,144,0.008064516129032244
True,6.582,232,616,1256,860,232,0.11984282907662082
True,6.637,232,648,1264,836,296,0.14933837429111532
True,6.638,224,760,1224,884,416,0.2127303182579564
True,6.566,280,688,1236,780,376,0.14489795918367346
True,6.546,336,684,1228,748,464,0.1797752808988764
True,6.425,460,708,1256,800,428,0.01851851851851851
True,6.338,428,680,1220,772,364,-0.021897810218978107
True,6.307,332,808,1236,712,364,-0.017857142857142884
True,6.196,396,892,1228,644,300,-0.22448979591836732
True,6.201,368,924,1228,556,272,-0.2816901408450704
True,6.117,404,964,1264,528,236,-0.34837545126353797
True,6.126,544,972,1308,448,188,-0.4904761904761904
True,6.153,604,940,1344,320,256,-0.6025641025641025
True,6.175,644,924,1380,260,260,-0.6605166051660516
True,6.255,680,928,1380,296,264,-0.6570915619389587
True,6.212,612,860,1432,364,332,-0.5443298969072166
True,6.162,704,836,1404,448,384,-0.5538793103448276
True,6.223,684,868,1352,464,400,-0.5497737556561086
True,6.19,636,792,1312,480,480,-0.48
True,6.166,588,680,1280,588,424,-0.2916666666666667
True,6.094,552,612,1244,676,424,-0.13832853025936603
True,6.063,536,536,1264,780,440,0.03834808259587019
True,6.096,548,576,1288,860,412,0.007389162561576354
True,6.088,576,576,1276,880,448,0.031662269129287615
True,6.112,544,604,1308,912,416,0.03051643192488266
True,6.147,516,612,1316,920,388,0.028697571743929343
True,6.152,524,652,1292,928,428,0.04988123515439433
True,6.166,516,704,1292,920,484,0.1016042780748663
True,6.194,552,644,1292,868,456,0.020887728459530016
True,6.147,488,648,1284,800,456,0.06303724928366763
True,6.13,544,640,1284,800,448,-0.02168021680216804
True,6.085,488,648,1284,832,488,0.14153846153846153
True,6.075,528,528,1256,772,400,-0.008086253369272205
True,6.077,524,588,1264,744,332,-0.12723214285714285
True,6.064,504,628,1236,752,344,-0.11238532110091742
True,6.055,516,640,1248,736,324,-0.15618221258134488
True,6.119,528,688,1200,688,336,-0.21818181818181823
True,6.173,432,684,1228,684,368,-0.08226221079691516
True,6.161,492,748,1204,648,324,-0.24276169265033407
True,6.219,424,712,1192,712,232,-0.18181818181818182
True,6.27,400,712,1208,752,200,-0.15845070422535204
True,6.354,440,728,1176,760,216,-0.18571428571428575
True,6.472,400,680,1224,772,136,-0.1721958925750395
True,6.601,364,676,1196,836,108,-0.13333333333333336
True,6.702,404,664,1176,816,52,-0.19354838709677413
True,6.879,364,708,1160,832,40,-0.18044077134986225
True,7.155,344,696,1176,848,56,-0.1492957746478873
True,7.212,372,692,1144,844,20,-0.18573351278600272
True,7.344,344,688,1168,840,16,-0.16935483870967738
True,7.346,312,696,1148,820,24,-0.15694444444444444
True,7.287,344,696,1148,848,24,-0.16598639455782316
True,7.148,344,692,1148,812,20,-0.18106995884773666
True,6.963,368,688,1140,840,16,-0.18573351278600272
True,6.74,408,688,1172,812,48,-0.2063711911357341
True,6.541,408,660,1176,844,88,-0.16666666666666669
True,6.462,436,656,1200,840,176,-0.13838550247116968
True,6.622,368,656,1200,748,144,-0.14858096828046746
True,6.733,408,688,1176,748,184,-0.169877408056042
True,6.622,408,688,1172,720,176,-0.1891418563922942
True,6.434,400,716,1196,748,176,-0.1765704584040747
True,6.278,376,660,1204,720,184,-0.14568345323741008
True,6.214,408,664,1204,724,216,-0.15168539325842698
True,6.158,396,748,1224,656,268,-0.17827868852459017
True,5.993,440,688,1204,628,280,-0.20652173913043478
True,5.818,440,728,1208,668,344,-0.15107913669064746
True,5.61,468,780,1228,688,396,-0.14936708860759493
True,5.436,468,716,1232,688,404,-0.10483870967741936
True,5.283,436,724,1232,692,372,-0.10025062656641605
True,5.196,468,720,1256,688,368,-0.13975903614457832
True,5.137,496,684,1236,684,400,-0.128
True,5.108,472,688,1228,688,368,-0.12967581047381543
True,5.042,468,688,1228,688,336,-0.1527777777777778
True,4.972,436,688,1232,688,340,-0.11401425178147266
True,4.898,440,688,1228,688,336,-0.12235294117647062
True,4.818,436,688,1228,688,340,-0.1142857142857143
True,4.748,440,692,1204,692,312,-0.14382022471910114
True,4.732,468,688,1228,688,272,-0.19758064516129034
True,4.829,492,712,1228,680,364,-0.17391304347826086
True,4.967,472,664,1204,696,344,-0.13493975903614458
True,5.219,432,652,1228,712,296,-0.11521739130434785
True,5.465,496,620,1236,748,304,-0.1358811040339703
True,5.843,488,556,1228,740,328,-0.08000000000000002
True,6.175,400,496,1232,740,432,0.23692307692307688
True,6.339,432,556,1256,740,432,0.1464968152866242
True,6.274,452,616,1248,768,420,0.06267806267806267
True,6.135,428,648,1288,864,428,0.1424802110817942
True,5.996,420,636,1280,884,420,0.16103896103896104
True,5.912,432,620,1292,928,400,0.14593301435406703
True,5.815,448,636,1308,880,448,0.16486486486486487
True,5.965,452,548,1284,860,388,0.1155778894472362
True,6.209,520,552,1236,764,328,-0.09772727272727272
True,6.429,584,616,1236,616,392,-0.25876010781671155
True,6.731,540,764,1308,448,416,-0.4040114613180516
True,6.853,696,820,1404,352,320,-0.6124497991967872
True,6.944,576,788,1396,288,288,-0.5675105485232067
True,6.812,636,888,1336,228,228,-0.6783088235294118
True,6.789,576,912,1284,200,232,-0.6352087114337568
True,6.754,452,948,1276,356,228,-0.49056603773584906
True,6.637,388,948,1256,512,196,-0.353448275862069
True,6.632,260,912,1220,636,228,-0.16068052930056717
True,6.585,388,796,1220,704,292,-0.14639175257731957
True,6.509,360,708,1248,740,360,0.019801980198019813
True,6.473,288,672,1220,736,384,0.13763440860215054
True,6.543,228,672,1220,792,420,0.2299270072992701
True,6.603,224,708,1248,768,288,0.0888468809073724
True,6.68,328,608,1324,832,232,0.014787430683918672
True,6.723,452,516,1312,820,28,-0.18206157965194109
True,6.708,612,548,1376,708,100,-0.3037974683544304
True,6.63,888,672,1400,672,248,-0.4848484848484848
True,6.553,1392,1140,1572,764,508,-0.7559943582510579
True,6.539,1752,1536,1784,1188,928,-0.7833594976452121
True,6.564,1928,1776,1928,1524,1232,-0.7378815080789944
True,6.529,2040,2008,2100,1852,1660,-0.6735294117647058
True,6.491,2088,2088,2180,2056,1928,-0.5028571428571429
True,6.46,2108,2108,2200,2108,2044,-0.36781609195402304
True,6.485,2140,2140,2232,2140,2108,-0.2909090909090909
True,6.397,2144,2144,2236,2144,2144,0.0
True,6.303,2144,2144,2236,2144,2144,0.0
True,6.257,2104,2144,2236,2144,2176,0.5070422535211268
True,6.125,2112,2144,2236,2112,2176,0.43636363636363634
True,6.101,2084,2148,2208,2084,2176,0.4285714285714286
True,6.133,2008,2100,2164,2008,2164,0.5445544554455445
True,6.156,1804,2028,2120,1868,2148,0.5569620253164557
True,6.267,1548,1928,2052,1740,2140,0.5971223021582734
True,6.364,1072,1652,1836,1492,2072,0.6657018813314038
True,6.404,712,1256,1608,1228,1916,0.7531645569620252
True,6.521,564,1012,1388,1012,1756,0.8186813186813187
True,6.537,464,848,1284,848,1440,0.7613104524180968
True,6.583,496,884,1316,792,1008,0.4623015873015874
True,6.613,448,896,1316,776,804,0.296
True,6.707,340,1032,1336,756,724,0.19774919614147912
True,6.83,312,1016,1316,764,732,0.22790697674418603
True,6.945,216,1044,1316,668,668,0.1864406779661017
True,7.038,116,1140,1264,632,664,0.18170580964153277
True,7.079,0,1132,1252,672,672,0.23712446351931332
True,7.125,0,1196,1256,636,668,0.20660276890308837
True,7.12,0,1124,1252,664,724,0.2624867162592986
True,7.147,0,1112,1232,668,740,0.27611940298507465
True,7.2,28,920,1192,668,640,0.2938331318016929
True,7.278,28,764,1156,612,612,0.3350923482849604
True,7.375,44,656,1172,524,596,0.35064935064935066
True,7.446,76,524,1168,624,592,0.43471582181259594
True,7.54,64,528,1192,680,588,0.43923865300146414
True,7.53,168,496,1204,748,588,0.46192893401015234
True,7.552,236,560,1228,744,560,0.3873370577281191
True,7.59,328,588,1220,712,496,0.26995305164319244
True,7.578,428,680,1228,680,492,0.09356725146198831
True,7.612,496,656,1208,656,400,-0.13559322033898308
True,7.76,560,652,1192,624,464,-0.1877133105802048
True,7.819,556,588,1088,616,588,0.1402439024390244
True,7.913,580,612,1108,612,704,0.3463687150837989
True,8.015,464,528,1112,620,804,0.6390728476821192
True,8.046,432,560,1052,620,872,0.6831395348837208
True,8.09,340,404,1060,668,880,0.8135593220338984
True,8.144,232,360,1020,644,888,0.8044354838709676
True,8.189,104,328,1052,672,896,0.7614533965244866
True,8.269,68,388,1044,716,776,0.6576168929110106
True,8.423,72,304,1080,776,776,0.7099697885196374
True,8.55,160,360,1160,736,736,0.6496598639455782
True,8.677,140,244,1140,780,688,0.7120418848167539
True,8.749,276,148,1172,744,684,0.6182136602451839
True,8.797,368,80,1228,804,680,0.48840579710144927
True,8.876,456,104,1192,712,584,0.3417721518987342
True,8.904,468,140,1168,744,468,0.263986013986014
True,9.006,428,172,1192,768,460,0.3055555555555556
True,9.171,376,344,1228,780,312,0.20810810810810812
True,9.322,396,364,1248,796,332,0.2059620596205962
True,9.478,368,400,1220,736,336,0.19710144927536233
True,9.581,368,432,1200,652,272,0.017902813299232753
True,9.662,340,464,1168,528,308,0.0
True,9.724,280,592,1200,500,376,0.06459948320413438
True,9.789,336,684,1176,400,400,-0.11854103343465046
True,9.847,280,720,1168,380,444,-0.007537688442211041
True,9.946,212,780,1200,412,380,-0.01663201663201662
True,10.09,244,808,1176,436,372,-0.06387665198237887
True,10.179,240,864,1164,404,372,-0.10629067245119307
True,10.136,276,836,1164,372,404,-0.12440191387559808
True,10.131,256,848,1176,352,352,-0.1784037558685446
True,10.007,256,840,1176,384,352,-0.1527777777777778
True,9.998,284,872,1176,380,380,-0.17942583732057418
True,10.049,252,848,1176,380,348,-0.15825688073394498
True,10.209,256,844,1176,384,352,-0.15473441108545033
True,10.384,224,844,1176,352,320,-0.1670378619153675
True,10.614,220,812,1140,344,284,-0.2
True,10.848,196,812,1120,324,292,-0.16780045351473924
True,11.042,196,780,1116,320,292,-0.1554524361948956
True,11.157,92,784,1112,324,324,0.0018382352941176145
True,11.227,128,780,1116,352,288,-0.053359683794466393
True,11.322,132,760,1116,324,260,-0.093167701863354
True,11.387,100,752,1116,352,260,-0.03846153846153845
True,11.489,68,728,1120,356,228,-0.024074074074074088
True,11.624,36,668,1116,356,260,0.06028368794326243
True,11.839,72,660,1116,292,232,-0.023856858846918492
True,12.125,40,668,1088,296,200,-0.02485659655831744
True,12.466,0,640,1060,268,140,-0.04364326375711575
True,12.8,0,572,1056,264,76,-0.0792682926829268
True,13.111,0,544,1032,208,84,-0.08993576017130622
True,13.425,0,516,1024,204,108,-0.05183585313174946
True,13.708,0,456,1004,88,28,-0.19796954314720813
True,14.023,0,424,964,112,0,-0.20799999999999996
True,14.313,0,368,968,148,0,-0.14824797843665768
True,14.581,0,304,1000,212,0,-0.06068601583113456
True,14.909,0,304,964,144,0,-0.11331444759206799
True,15.321,0,216,936,92,0,-0.09967845659163987
True,15.763,0,152,908,92,0,-0.052083333333333336
True,16.2,0,96,904,96,0,0.0
True,16.637,0,40,880,72,0,0.03225806451612903
True,17.049,0,4,848,4,0,0.0
True,17.416,0,0,820,0,0,0.0
True,17.734,0,0,796,0,0,0.0
True,18.042,0,0,792,0,0,0.0
True,18.321,0,0,760,0,0,0.0
True,18.525,0,0,728,0,0,0.0
True,18.727,0,0,760,0,0,0.0
True,18.718,0,0,752,0,0,0.0
True,18.702,0,0,736,12,0,0.016042780748663103
True,18.773,0,0,760,96,0,0.11214953271028039
True,18.767,0,0,760,88,0,0.10377358490566038
True,18.781,0,0,696,92,0,0.116751269035533
True,18.748,0,0,724,88,0,0.10837438423645321
True,18.761,0,0,728,152,0,0.17272727272727276
True,18.758,0,0,756,112,0,0.12903225806451613
True,18.653,0,0,724,120,0,0.14218009478672985
True,18.572,0,0,720,112,0,0.13461538461538464
True,18.43,0,0,684,112,0,0.1407035175879397
True,18.458,0,0,656,172,0,0.20772946859903382
True,18.431,0,0,632,120,0,0.15957446808510636
True,18.518,0,0,548,64,0,0.1045751633986928
True,18.544,0,0,568,0,0,0.0
True,18.581,0,0,540,0,0,0.0
True,18.554,0,0,512,0,4,0.015503875968992248
True,18.493,0,0,540,0,0,0.0
True,18.45,0,0,600,0,0,0.0
True,18.335,0,0,568,0,0,0.0
True,18.353,0,0,644,0,0,0.0
True,18.356,0,0,656,0,0,0.0
True,18.417,0,0,648,0,0,0.0
True,18.435,0,0,672,44,0,0.06145251396648045
True,18.4,0,0,708,28,0,0.03804347826086957
True,18.457,0,0,752,88,0,0.10476190476190475
True,18.399,0,0,724,88,0,0.10837438423645321
True,18.383,0,0,692,112,0,0.13930348258706468
True,18.312,0,0,688,0,0,0.0
True,18.167,0,0,604,0,0,0.0
True,18.071,0,0,588,0,0,0.0
True,17.968,0,52,724,0,0,-0.06701030927835051
True,17.889,0,168,744,0,0,-0.18421052631578946
True,17.818,0,236,776,0,0,-0.23320158102766797
True,17.833,0,392,784,0,0,-0.3333333333333333
True,17.786,0,452,812,0,0,-0.3575949367088608
True,17.798,0,416,760,0,0,-0.3537414965986395
True,17.791,0,444,808,0,0,-0.3546325878594249
True,17.805,0,388,804,0,0,-0.32550335570469796
True,17.813,0,356,832,0,0,-0.29966329966329963
True,17.797,0,384,840,0,0,-0.3137254901960784
True,17.803,0,300,872,16,0,-0.23905723905723902
True,17.766,0,244,848,80,120,0.05882352941176471
True,17.788,0,252,868,312,780,0.7323688969258589
True,17.732,0,448,956,704,1324,0.8461538461538463
True,17.702,0,788,1128,1004,1556,0.743521000893655
True,17.682,596,1276,1400,1400,1824,0.7337883959044369
True,17.761,1176,1592,1656,1688,1964,0.761384335154827
True,17.802,1480,1772,1804,1804,2016,0.7479674796747968
True,17.836,1764,1924,1956,1924,2044,0.7070707070707072
True,17.823,1932,1996,2060,1996,2088,0.7572815533980582
True,17.819,1996,2028,2088,2028,2088,0.7419354838709677
True,17.818,2024,2056,2148,2056,2088,0.5079365079365079
True,17.86,2024,2056,2148,2056,2088,0.5079365079365079
True,17.918,2060,2060,2148,2060,2060,0.0
True,18.001,2028,2056,2148,2028,1996,-0.33333333333333337
True,18.138,2016,2016,2116,2016,1916,-0.4
True,18.154,1964,1964,2056,1872,1712,-0.5912698412698413
True,18.279,1848,1784,1912,1652,1396,-0.6426799007444168
True,18.318,1684,1624,1804,1436,1044,-0.6188870151770658
True,18.417,1368,1276,1580,920,408,-0.6480637813211846
True,18.534,896,804,1324,452,0,-0.6168009205983891
True,18.638,496,524,1160,112,0,-0.612565445026178
True,18.812,0,200,988,0,0,-0.16835016835016836
True,18.955,0,0,852,0,0,0.0
True,19.126,0,0,836,0,0,0.0
True,19.383,0,0,752,0,0,0.0
True,19.665,0,0,752,0,0,0.0
True,19.896,0,0,716,0,0,0.0
True,20.13,0,0,660,0,0,0.0
True,20.351,0,0,632,0,0,0.0
True,20.602,0,0,548,0,0,0.0
True,20.799,0,0,504,0,0,0.0
True,21.011,0,0,548,0,0,0.0
True,21.312,0,0,540,0,0,0.0
True,21.727,0,0,512,0,0,0.0
True,22.172,0,0,520,0,0,0.0
True,22.653,0,0,460,0,0,0.0
True,23.091,0,0,372,0,0,0.0
True,23.593,0,0,288,0,0,0.0
True,24.067,0,0,308,0,0,0.0
True,24.519,0,0,284,0,0,0.0
True,24.928,0,0,284,0,0,0.0
True,25.353,0,0,288,0,0,0.0
True,25.671,0,0,220,0,0,0.0
True,26.02,0,0,160,0,0,0.0
True,26.365,0,0,160,0,0,0.0
True,26.717,0,0,76,0,0,0.0
True,27.088,0,0,24,0,0,0.0
True,27.49,0,0,8,0,0,0.0
True,27.831,0,0,0,0,0,0
True,28.196,0,0,0,0,0,0
True,28.624,0,0,0,0,0,0
True,29.01,0,0,0,0,0,0
True,29.544,0,0,0,0,0,0
True,30.03,0,0,0,0,0,0
True,30.422,0,0,0,0,0,0
True,30.762,0,0,0,0,0,0
True,31.028,0,0,0,0,0,0
True,31.215,0,0,0,0,0,0
True,31.363,0,0,0,0,0,0
True,31.583,0,0,0,0,0,0
True,31.804,0,0,0,0,0,0
True,31.955,0,0,0,0,0,0
True,32.128,0,0,0,0,0,0
True,32.238,0,0,0,0,0,0
True,32.341,0,0,0,0,0,0
True,32.433,0,0,0,0,0,0
True,32.576,0,0,0,0,0,0
True,32.822,0,0,0,0,0,0
True,33.194,0,0,0,0,0,0
True,33.512,0,0,0,0,0,0
True,33.847,0,0,0,0,0,0
True,34.107,0,0,0,0,0,0
True,34.33,0,0,0,0,0,0
True,34.475,0,0,0,0,0,0
True,34.512,0,0,0,0,0,0
True,34.447,0,0,0,0,0,0
True,34.328,0,0,0,0,0,0
True,34.167,0,0,0,0,0,0
True,34.048,0,0,0,0,0,0
True,33.99,0,0,0,0,0,0
True,34.026,0,0,0,0,0,0
True,34.117,0,0,0,0,0,0
True,34.22,0,0,0,0,0,0
True,34.336,0,0,0,0,0,0
True,34.399,0,0,0,0,0,0
True,34.427,0,0,0,0,0,0
True,34.464,0,0,0,0,0,0
True,34.467,0,0,0,0,0,0
True,34.439,0,0,0,0,0,0
True,34.46,0,0,0,0,0,0
True,34.493,0,0,0,0,0,0
True,34.484,0,0,0,0,0,0
True,34.505,0,0,0,0,0,0
True,34.504,0,0,0,0,0,0
True,34.497,0,0,152,0,0,0.0
True,34.532,0,0,420,0,0,0.0
True,34.583,476,412,812,36,0,-0.7649769585253454
True,34.555,916,852,1156,604,0,-0.5895691609977325
True,34.492,1164,1104,1344,908,452,-0.5973451327433627
True,34.409,1424,1392,1544,1236,916,-0.606625258799172
True,34.364,1572,1572,1692,1480,1288,-0.5670103092783506
True,34.272,1664,1664,1752,1568,1436,-0.6106194690265487
True,34.172,1744,1744,1840,1712,1616,-0.5
True,34.144,1756,1788,1908,1788,1756,0.0
True,34.081,1780,1812,1900,1812,1812,0.29629629629629634
True,34.029,1784,1816,1908,1816,1848,0.5079365079365079
True,34.052,1720,1788,1880,1816,1880,0.7190082644628099
True,34.06,1684,1756,1856,1788,1884,0.7883211678832117
True,34.092,1624,1696,1788,1756,1856,0.8733333333333334
True,34.066,1532,1660,1724,1692,1844,0.8282828282828284
True,34.033,1348,1508,1572,1600,1780,0.895131086142322
True,34.017,1052,1340,1340,1460,1700,0.8676470588235293
True,34.006,788,1180,1180,1332,1648,0.8555758683729433
True,33.961,132,748,812,1056,1480,0.8419282511210763
True,33.954,0,216,372,616,1228,1.174342105263158
True,33.922,0,0,76,268,956,1.6769230769230772
True,33.89,0,0,0,0,396,2.0
True,33.897,0,0,0,0,0,0
True,33.864,0,0,0,0,0,0
True,33.859,0,0,0,0,0,0
True,33.887,0,0,0,0,0,0
True,33.879,0,0,0,0,0,0
True,33.85,0,0,0,0,0,0
True,33.799,0,0,0,0,0,0
True,33.741,0,0,0,0,0,0
True,33.699,0,0,0,0,0,0
True,33.626,0,0,0,0,0,0
True,33.536,0,0,0,0,0,0
True,33.526,0,0,0,0,0,0
True,33.484,0,0,0,0,0,0
True,33.473,0,0,0,0,0,0
True,33.532,0,0,0,0,0,0
True,33.528,0,0,0,0,0,0
True,33.527,0,0,0,0,0,0
True,33.528,0,0,0,0,0,0
True,33.453,0,0,0,0,0,0
True,33.399,0,0,0,0,0,0
True,33.34,0,0,0,0,0,0
True,33.233,0,0,0,0,0,0
True,33.151,0,0,0,0,0,0
True,33.102,0,0,0,0,0,0
True,33.047,0,0,0,0,0,0
True,33.046,0,0,0,0,0,0
True,33.098,0,0,0,0,0,0
True,33.137,0,0,0,0,0,0
True,33.171,0,0,0,0,0,0
True,33.208,0,0,0,0,0,0
True,33.185,0,0,0,0,0,0
True,32.996,0,0,0,0,0,0
True,32.822,0,0,0,0,0,0
True,32.626,0,0,0,0,0,0
True,32.4,0,0,0,0,0,0
True,32.16,0,0,0,0,0,0
True,31.91,0,0,0,0,0,0
True,31.827,0,0,0,0,0,0
True,31.871,0,0,0,0,0,0
True,31.918,0,0,0,0,0,0
True,31.957,0,0,0,0,0,0
True,31.998,0,0,0,0,0,0
True,32.016,0,0,0,0,0,0
True,31.99,0,0,0,0,0,0
True,31.843,0,0,0,0,0,0
True,31.599,0,0,0,0,0,0
True,31.36,0,0,0,0,0,0
True,31.192,0,0,0,0,0,0
True,31.085,0,0,0,0,0,0
True,30.916,0,0,0,0,0,0
True,30.71,0,0,0,0,0,0
True,30.464,0,0,0,0,0,0
True,30.259,0,0,0,0,0,0
True,30.106,0,0,0,0,0,0
True,29.957,0,0,0,0,0,0
True,29.861,0,0,0,0,0,0
True,29.798,0,0,0,0,0,0
True,29.698,0,0,0,0,0,0
True,29.575,0,0,0,0,0,0
True,29.449,0,0,0,0,0,0
True,29.288,0,0,0,0,0,0
True,29.123,0,0,0,0,0,0
True,29.001,0,0,0,0,0,0
True,28.904,0,0,0,0,0,0
True,28.777,0,0,0,0,0,0
True,28.676,0,0,0,0,0,0
True,28.581,0,0,0,0,0,0
True,28.442,0,0,0,0,0,0
True,28.287,0,0,0,0,0,0
True,28.141,0,0,0,0,0,0
True,28.021,0,0,0,0,0,0
True,27.849,0,0,28,0,280,1.8181818181818181
True,27.74,0,0,148,116,840,1.6268115942028984
True,27.651,0,0,312,440,1128,1.434042553191489
True,27.547,0,352,604,908,1484,1.052568697729988
True,27.539,0,756,880,1248,1652,0.8368606701940037
True,27.433,336,1048,1080,1456,1760,0.814
True,27.325,932,1416,1416,1632,1840,0.7888198757763976
True,27.221,1336,1628,1628,1752,1932,0.8245614035087719
True,27.172,1524,1716,1748,1808,1956,0.8445229681978799
True,27.05,1708,1836,1868,1868,1956,0.7586206896551725
True,26.993,1800,1896,1928,1928,1988,0.7555555555555556
True,26.885,1836,1932,1992,1932,1992,0.6190476190476191
True,26.759,1900,1932,2024,1964,1964,0.5633802816901409
True,26.709,1916,1948,2040,1948,1948,0.2909090909090909
True,26.586,1936,1936,2028,1936,1904,-0.2909090909090909
True,26.484,1904,1936,1996,1904,1800,-0.4444444444444444
True,26.359,1900,1900,1988,1836,1708,-0.5656565656565655
True,26.251,1848,1816,1908,1724,1452,-0.5940860215053763
True,26.052,1760,1700,1792,1512,1088,-0.6351575456053068
True,25.95,1656,1596,1716,1340,760,-0.6266829865361078
True,25.749,1428,1332,1520,948,108,-0.6305254378648875
True,25.685,1136,976,1256,444,0,-0.7355718782791186
True,25.562,852,660,1060,84,0,-0.8584337349397589
True,25.467,264,236,812,0,0,-0.5823170731707317
True,25.346,0,0,616,0,0,0.0
True,25.235,0,0,480,0,0,0.0
True,25.032,0,0,404,0,0,0.0
True,24.9,0,0,336,0,0,0.0
True,24.686,0,0,276,0,0,0.0
True,24.592,0,0,316,0,0,0.0
True,24.432,0,0,288,0,0,0.0
True,24.299,0,0,220,0,0,0.0
True,24.146,0,0,256,0,0,0.0
True,24.036,0,0,192,0,0,0.0
True,23.853,0,0,252,0,0,0.0
True,23.716,0,0,212,0,0,0.0
True,23.512,0,0,336,0,0,0.0
True,23.418,0,0,336,0,0,0.0
True,23.334,0,0,308,0,0,0.0
True,23.137,0,0,364,0,0,0.0
True,23.02,0,0,396,0,0,0.0
True,22.782,0,0,452,0,0,0.0
True,22.587,0,0,520,0,0,0.0
True,22.288,0,0,576,0,0,0.0
True,21.982,0,0,608,0,0,0.0
True,21.707,0,0,636,0,0,0.0
True,21.463,0,0,600,0,0,0.0
True,21.178,0,0,604,0,0,0.0
True,20.972,0,0,632,0,0,0.0
True,20.78,0,0,664,0,0,0.0
True,20.592,0,0,644,0,0,0.0
True,20.346,0,0,644,0,0,0.0
True,19.989,0,0,692,0,0,0.0
True,19.741,0,0,664,0,0,0.0
True,19.399,0,0,668,0,0,0.0
True,19.064,0,0,648,0,0,0.0
True,18.709,0,0,760,0,0,0.0
True,18.335,0,0,732,64,0,0.08040201005025124
True,17.919,0,0,720,116,0,0.13875598086124402
True,17.693,0,0,764,188,0,0.19747899159663865
True,17.453,0,64,824,248,0,0.1619718309859155
True,17.343,0,56,816,272,0,0.18881118881118877
True,17.168,0,88,820,280,0,0.16161616161616163
True,16.935,0,68,796,252,0,0.16487455197132617
True,16.67,0,64,792,252,0,0.16967509025270755
True,16.343,0,160,848,252,0,0.07301587301587299
True,15.941,0,152,876,244,0,0.07232704402515723
True,15.317,0,248,936,280,0,0.021857923497267753
True,14.873,0,216,916,308,0,0.0638888888888889
True,14.574,0,304,964,304,0,0.0
True,14.217,0,356,1020,356,0,0.0
True,13.898,0,384,1084,448,0,0.033402922755741145
True,13.951,0,408,1072,436,0,0.014613778705636753
True,14.264,0,436,1072,528,0,0.04518664047151275
True,14.769,0,436,1104,588,0,0.07142857142857145
True,15.322,0,332,1100,588,0,0.12673267326732673
True,15.737,0,272,1140,612,0,0.16798418972332016
True,15.912,0,212,1072,520,0,0.17073170731707318
True,15.932,64,228,1012,472,0,0.06531531531531534
True,15.824,72,320,984,288,0,-0.10576923076923078
True,15.522,12,384,944,200,0,-0.13506493506493508
True,15.104,20,420,900,84,0,-0.2640449438202247
True,14.698,0,480,964,104,0,-0.2428940568475452
True,14.316,0,540,944,104,0,-0.27455919395466
True,14.093,0,532,964,196,0,-0.19858156028368798
True,14.012,0,500,924,224,0,-0.1674757281553398
True,14.053,0,464,900,252,0,-0.13118811881188117
True,14.19,0,384,868,292,0,-0.05958549222797929
True,14.211,0,380,980,260,0,-0.07407407407407406
True,14.234,0,296,1052,260,0,-0.022388059701492546
True,14.212,0,324,1044,204,0,-0.07633587786259542
True,14.091,0,260,1120,228,0,-0.019900497512437818
True,14.066,0,316,1140,164,0,-0.09382716049382714
True,14.074,0,348,1160,124,0,-0.1372549019607843
True,14.081,0,324,1132,28,0,-0.1994609164420485
True,14.155,0,464,1168,0,0,-0.28431372549019607
True,14.101,132,412,1164,32,0,-0.37011494252873567
True,14.079,432,596,1208,116,0,-0.5714285714285715
True,14.085,1016,832,1228,256,0,-0.7827130852340937
True,14.055,1316,1064,1316,432,0,-0.7906976744186046
True,14.007,1608,1364,1456,700,0,-0.7566302652106083
True,13.906,1816,1600,1668,1068,196,-0.7026825633383011
True,13.758,1904,1756,1784,1316,408,-0.669266770670827
True,13.619,1996,1904,1936,1560,780,-0.6492048643592142
True,13.541,2052,2024,2052,1772,1188,-0.6289707750952985
True,13.391,2056,2056,2116,1896,1416,-0.5853658536585366
True,13.286,2072,2072,2164,2012,1724,-0.5308988764044943
True,13.251,2088,2120,2180,2056,1928,-0.5245901639344263
True,13.306,2076,2108,2200,2108,2012,-0.2882882882882883
True,13.341,2068,2108,2204,2108,2068,0.0
True,13.321,2076,2108,2200,2108,2108,0.2909090909090909
True,13.165,2076,2112,2200,2140,2140,0.5416666666666667
True,12.974,2040,2104,2172,2140,2140,0.5959595959595959
True,12.72,2008,2072,2136,2136,2136,0.7142857142857143
True,12.57,1976,2072,2112,2112,2144,0.7014925373134328
True,12.412,1856,2024,2056,2116,2148,0.7347826086956522
True,12.323,1656,1944,1972,2104,2136,0.731070496083551
True,12.229,1452,1868,1896,2080,2140,0.729779411764706
True,12.211,1036,1644,1768,2020,2108,0.7420494699646644
True,12.242,692,1468,1656,1960,2080,0.7434030937215652
True,12.283,216,1028,1444,1748,2020,0.8050595238095237
True,12.237,0,692,1300,1452,1900,0.8532934131736527
True,12.126,0,572,1260,1200,1776,0.8693843594009983
True,11.958,0,508,1164,828,1472,0.8217522658610271
True,11.791,36,576,1172,516,1044,0.618204804045512
True,11.743,140,624,1112,364,684,0.37230215827338126
True,11.703,148,620,1132,276,340,0.02252252252252252
True,11.768,108,520,1128,368,304,0.1271186440677966
True,11.887,76,424,1072,332,204,0.09490740740740737
True,12.036,244,460,1076,368,52,-0.24536082474226803
True,12.175,280,436,1104,436,20,-0.23897058823529416
True,12.244,280,440,1080,468,0,-0.2345679012345679
True,12.299,340,404,1080,620,0,-0.1898527004909984
True,12.209,280,308,1080,684,0,-0.0782312925170068
True,12.101,276,340,1104,736,0,-0.06351791530944628
True,11.894,216,372,1080,648,0,-0.06735751295336789
True,11.768,180,408,1208,684,0,-0.033870967741935494
True,11.739,52,460,1228,712,0,0.060358890701468215
True,11.68,0,492,1252,652,212,0.22392638036809817
True,11.732,0,432,1132,588,184,0.2243150684931507
True,11.757,0,372,1132,528,216,0.2615658362989323
True,11.762,0,376,1132,536,188,0.24014336917562723
True,11.715,0,220,1080,476,312,0.421455938697318
True,11.59,0,256,1108,540,288,0.39233576642335766
True,11.44,0,284,1140,480,284,0.3491773308957953
True,11.306,0,292,1080,476,232,0.31153846153846154
True,11.117,0,260,1072,476,260,0.3558994197292069
True,10.928,0,236,1088,484,300,0.40227703984819735
True,10.688,0,292,1112,484,260,0.3314711359404097
True,10.444,0,328,1116,512,328,0.3677758318739055
True,10.113,0,360,1148,544,296,0.3304940374787052
True,9.784,0,328,1172,544,328,0.3676222596964586
True,9.742,0,420,1148,544,232,0.2508532423208191
True,9.946,0,448,1176,572,260,0.2622149837133551
True,10.072,0,380,1176,564,256,0.29292929292929293
True,10.126,0,476,1176,632,188,0.21521035598705507
True,10.131,0,460,1196,620,148,0.1881188118811881
True,9.919,0,492,1228,684,148,0.19122257053291536
True,9.74,80,488,1248,732,0,0.032967032967033016
True,9.62,268,456,1196,740,0,-0.09473684210526315
True,9.552,304,400,1104,736,0,-0.10691823899371074
True,9.586,336,304,1136,748,0,-0.09033280507131534
True,9.643,336,368,1160,712,0,-0.12732919254658387
True,9.765,432,460,1108,676,0,-0.24215246636771307
True,9.863,432,524,1132,616,0,-0.28550295857988167
True,10.036,376,476,1076,536,0,-0.28084415584415584
True,10.139,288,444,1080,476,0,-0.23776223776223773
True,10.174,252,440,1076,408,0,-0.2463235294117647
True,10.309,192,416,1084,356,64,-0.17633928571428573
True,10.426,156,468,1104,344,60,-0.17248908296943227
True,10.541,120,476,1112,348,120,-0.08121827411167515
True,10.623,80,536,1104,316,412,0.216796875
True,10.609,108,528,1112,396,780,0.5083892617449663
True,10.532,52,536,1132,764,1400,0.8068432671081679
True,10.469,48,544,1268,1232,1756,0.890625
True,10.398,140,724,1420,1512,1944,0.8722222222222221
True,10.382,344,1060,1624,1812,2060,0.8077220077220076
True,10.385,864,1428,1868,1992,2112,0.7758620689655173
True,10.467,1152,1632,1956,2048,2108,0.7423469387755102
True,10.542,1600,1864,2052,2112,2140,0.751131221719457
True,10.596,1856,1988,2112,2144,2144,0.7593360995850623
True,10.604,1948,2016,2168,2140,2140,0.755952380952381
True,10.597,2052,2084,2176,2144,2144,0.7176470588235294
True,10.517,2076,2108,2200,2140,2140,0.5633802816901409
True,10.578,2084,2116,2208,2144,2116,0.3709677419354839
True,10.524,2104,2136,2228,2104,2072,-0.33802816901408456
True,10.554,2108,2108,2200,2108,1980,-0.423841059602649
True,10.571,2080,2120,2208,2080,1856,-0.45864661654135336
True,10.621,2088,2088,2148,1984,1596,-0.5654885654885654
True,10.592,2060,2028,2092,1812,1196,-0.6059850374064838
True,10.653,2024,1964,1964,1652,872,-0.6355685131195334
True,10.677,1968,1780,1808,1404,436,-0.6595092024539877
True,10.721,1820,1552,1552,1068,124,-0.7052401746724891
True,10.742,1672,1396,1364,856,108,-0.7553542009884678
True,10.701,1372,1072,1192,596,36,-0.7700587084148728
True,10.665,960,840,1112,456,0,-0.684085510688836
True,10.665,616,736,1164,428,60,-0.5251479289940829
True,10.711,248,684,1200,280,56,-0.3601462522851919
True,10.73,0,524,1184,152,28,-0.16737288135593217
True,10.816,0,584,1196,64,64,-0.20545073375262055
True,10.864,0,476,1172,48,76,-0.15575620767494355
True,10.951,0,556,1160,88,0,-0.2594235033259424
True,10.984,0,468,1160,252,0,-0.1148936170212766
True,10.975,96,496,1200,284,0,-0.19460500963391136
True,10.954,28,444,1140,320,0,-0.09316770186335403
True,10.908,128,440,1140,344,0,-0.17153996101364524
True,10.874,64,408,1072,344,0,-0.1016949152542373
True,10.887,128,444,1020,348,0,-0.18144329896907216
True,10.887,128,500,928,408,0,-0.17718940936863548
True,10.908,128,592,876,380,0,-0.23684210526315785
True,10.88,32,624,864,376,0,-0.16455696202531644
True,10.871,68,664,904,360,0,-0.22044088176352705
True,10.81,24,684,956,496,56,-0.059160305343511445
True,10.776,156,628,936,436,0,-0.23376623376623376
True,10.722,244,556,1044,648,12,-0.1522094926350246
True,10.669,148,492,1108,748,112,0.08984374999999996
True,10.572,284,408,1164,744,148,0.03187250996015936
True,10.527,176,464,1228,840,112,0.10973451327433632
True,10.492,272,560,1292,872,112,-0.003139717425431713
True,10.444,300,492,1288,892,140,0.03316749585406301
True,10.383,296,516,1272,852,92,-0.02803738317757011
True,10.234,304,492,1228,740,176,-0.0038834951456310444
True,10.073,208,568,1232,780,144,0.037974683544303826
True,9.918,108,492,1164,676,172,0.15057915057915056
True,9.738,48,612,1196,680,48,0.029010238907849834
True,9.58,16,536,1164,536,144,0.11053540587219343
True,9.471,0,560,1192,560,172,0.13848631239935588
True,9.434,0,564,1168,532,244,0.18181818181818182
True,9.431,52,596,1132,532,252,0.14583333333333334
True,9.345,24,528,1132,496,248,0.18024263431542456
True,9.248,56,508,1144,508,248,0.17582417582417584
True,9.019,16,472,1140,564,284,0.26210350584307174
True,8.777,60,440,1172,624,316,0.30103806228373703
True,8.538,168,520,1192,672,268,0.17777777777777778
True,8.161,216,468,1208,812,248,0.21794871794871798
True,7.71,276,528,1228,772,308,0.17782909930715937
True,7.183,344,504,1236,812,472,0.3422330097087379
True,6.617,376,504,1264,812,504,0.35696202531645566
True,5.683,404,564,1264,784,404,0.15714285714285717
True,4.591,436,592,1292,808,404,0.10052910052910055
True,3.32,468,592,1292,876,468,0.20943952802359883
True,2.095,496,600,1296,816,660,0.3919308357348703
True,0.837,496,656,1296,780,624,0.27696793002915454
True,-0.408,496,624,1264,752,660,0.3465045592705167
True,-1.521,428,624,1264,748,592,0.2981530343007916
True,-2.681,340,692,1236,692,564,0.2456140350877193
True,-4.186,312,608,1208,668,512,0.26315789473684215
True,-6.093,220,512,1140,544,416,0.24480369515011546
True,-7.96,76,392,1088,424,236,0.1917211328976035
True,-9.679,0,328,1024,328,108,0.12080536912751678
True,-10.988,0,184,964,216,0,0.023460410557184765
True,-12.028,0,60,876,124,0,0.06037735849056603
True,-12.959,0,72,848,40,0,-0.03333333333333332
True,-13.743,0,0,820,0,0,0.0
True,-14.528,0,0,760,0,0,0.0
True,-15.18,0,0,732,0,0,0.0
True,-15.613,0,0,700,0,0,0.0
True,-16.161,0,0,672,0,0,0.0
True,-16.631,0,0,636,0,0,0.0
True,-17.068,0,0,640,0,0,0.0
True,-17.379,0,0,568,0,0,0.0
True,-17.439,0,0,584,0,0,0.0
True,-17.267,0,0,656,0,0,0.0
True,-16.94,0,0,716,28,0,0.03763440860215054
True,-16.362,0,0,824,128,0,0.13445378151260504
True,-15.845,0,0,860,248,0,0.22382671480144406
True,-15.208,0,0,812,140,0,0.14705882352941177
True,-14.709,0,0,728,96,0,0.11650485436893204
True,-14.208,0,224,620,0,0,-0.2654028436018957
True,-14.078,0,236,508,0,0,-0.3172043010752688
True,-13.761,0,176,452,0,0,-0.2802547770700637
True,-13.725,0,36,656,0,0,-0.05202312138728323
True,-13.598,0,0,724,0,0,0.0
True,-13.416,0,24,812,0,0,-0.028708133971291867
True,-13.362,0,100,892,0,0,-0.10080645161290322
True,-13.051,0,128,900,0,0,-0.1245136186770428
True,-12.988,0,196,892,0,0,-0.1801470588235294
True,-12.869,0,256,840,0,0,-0.23357664233576644
True,-12.731,0,384,772,140,0,-0.1882716049382716
True,-12.663,744,528,772,308,0,-0.726190476190476
True,-12.548,1620,1156,1188,580,0,-0.8397887323943662
True,-12.453,1844,1604,1604,1056,0,-0.693516699410609
True,-12.414,1988,1928,2020,1740,1028,-0.5914702581369248
True,-12.471,2052,2020,2112,1960,1696,-0.5676470588235294
True,-12.546,2048,2048,2168,2016,1888,-0.48351648351648346
True,-12.547,2064,2092,2184,2064,2032,-0.33333333333333337
True,-12.607,2080,2080,2200,2080,2080,0.0
True,-12.623,2048,2048,2172,2080,2080,0.5106382978723404
True,-12.693,1944,1976,2132,2104,2104,0.8296296296296296
True,-12.711,1700,1796,2080,2080,2080,0.8446601941747574
True,-12.733,1384,1616,2028,2060,2092,0.8230088495575222
True,-12.693,716,1140,1804,1904,2052,0.8513379583746284
True,-12.657,252,776,1596,1696,1964,0.8646496815286625
True,-12.581,4,452,1248,1184,1680,0.8979771328056289
True,-12.603,0,344,1044,608,1164,0.8202531645569621
True,-12.591,0,316,992,284,628,0.5513513513513513
True,-12.62,0,292,900,140,16,-0.08902077151335311
True,-12.62,72,200,892,168,0,-0.13213213213213212
True,-12.692,164,196,896,132,0,-0.28242074927953886
True,-12.669,140,172,892,140,0,-0.23214285714285712
True,-12.757,196,164,836,224,0,-0.23380281690140844
True,-12.565,172,140,864,264,0,-0.1527777777777777
True,-12.569,224,132,924,316,0,-0.16541353383458643
True,-12.409,100,0,928,352,0,0.11014492753623187
True,-12.352,36,36,980,348,0,0.1714285714285714
True,-12.222,0,124,1096,408,0,0.17444717444717445
True,-12.134,0,184,1132,368,0,0.10926365795724466
True,-12.016,0,152,1096,340,0,0.11838790931989926
True,-11.976,0,96,1036,320,0,0.15426997245179064
True,-11.927,0,80,1024,172,0,0.07210031347962383
True,-12.02,0,72,996,204,0,0.10377358490566037
True,-12.154,0,40,956,200,0,0.13377926421404682
True,-12.313,0,52,908,184,0,0.11538461538461538
True,-12.518,0,52,868,204,0,0.13523131672597866
True,-12.626,0,44,892,200,0,0.13732394366197184
True,-12.725,0,40,928,264,40,0.23899371069182387
True,-12.661,0,156,980,292,64,0.1769436997319035
True,-12.609,0,320,1008,256,24,-0.009950248756218905
True,-12.515,0,416,1016,228,64,-0.03480278422273782
True,-12.481,0,472,1048,316,60,-0.018987341772151885
True,-12.501,0,444,1080,352,100,0.05465587044534415
True,-12.451,0,356,1076,388,60,0.08085106382978723
True,-12.428,0,376,1076,436,0,0.03177966101694913
True,-12.53,0,384,1112,504,36,0.0943025540275049
True,-12.616,0,436,1128,556,52,0.10313075506445671
True,-12.671,0,440,1172,564,92,0.13580246913580246
True,-12.756,0,468,1140,528,28,0.05360443622920517
True,-12.884,0,448,1140,540,4,0.046904315196998114
True,-13.017,0,476,1140,476,92,0.08424908424908426
True,-13.284,0,420,1116,484,16,0.04715127701375244
True,-13.348,0,404,1104,472,0,0.034343434343434336
True,-13.488,0,392,1088,452,0,0.031055900621118026
True,-13.488,0,420,1116,484,12,0.04330708661417322
True,-13.698,0,452,1112,452,40,0.03891050583657587
True,-14.017,0,384,1112,480,0,0.048582995951416984
True,-14.276,0,360,1120,452,0,0.04761904761904761
True,-14.268,0,324,1052,484,0,0.08602150537634407
True,-14.056,0,356,1084,456,0,0.05274261603375529
True,-13.839,0,364,1060,456,0,0.04893617021276598
True,-13.639,0,396,1056,424,0,0.014925373134328346
True,-13.503,0,448,1076,416,96,0.07858546168958742
True,-13.57,0,440,1052,408,64,0.048879837067209754
True,-13.677,0,440,1076,348,120,0.07459677419354839
True,-13.793,0,476,1044,292,68,-0.02553191489361705
True,-13.987,0,372,1044,280,28,-0.020881670533642704
True,-14.217,0,328,984,260,0,-0.043256997455470736
True,-14.49,0,156,928,284,0,0.09356725146198829
True,-14.764,0,20,908,176,0,0.14130434782608697
True,-15.086,0,0,836,168,0,0.16733067729083664
True,-15.345,0,0,812,52,0,0.06018518518518519
True,-15.457,0,0,876,32,0,0.035242290748898675
True,-15.462,0,0,860,48,0,0.05286343612334801
True,-15.499,0,0,920,0,0,0.0
True,-15.541,0,0,900,24,0,0.025974025974025976
True,-15.562,0,0,956,52,0,0.051587301587301584
True,-15.585,0,0,996,172,0,0.14726027397260275
True,-15.556,0,4,1040,232,0,0.1786833855799373
True,-15.552,0,0,1024,292,0,0.22188449848024316
True,-15.589,0,0,996,256,0,0.2044728434504792
True,-15.601,0,0,860,204,0,0.19172932330827067
True,-15.666,0,0,860,224,0,0.20664206642066418
True,-15.689,52,0,820,208,0,0.0962962962962963
True,-15.764,100,68,776,168,0,-0.08992805755395684
True,-15.818,108,108,804,108,0,-0.1914893617021277
True,-15.932,0,16,776,80,0,0.07339449541284404
True,-15.907,36,36,828,36,0,-0.07692307692307693
True,-15.892,0,40,812,72,0,0.03463203463203464
True,-15.815,0,172,864,140,204,0.27246376811594203
True,-15.764,0,208,948,372,708,0.7066189624329159
True,-15.768,0,264,1156,996,1464,0.9432989690721649
True,-15.722,352,640,1560,1592,1840,0.9299242424242423
True,-15.703,860,1020,1808,1840,1988,0.9564676616915423
True,-15.67,1544,1544,2052,2052,2084,1.0205655526992288
True,-15.639,1896,1832,2120,2088,2088,0.7407407407407408
True,-15.61,2016,1920,2168,2080,2080,0.4337349397590361
True,-15.587,2040,2040,2192,2072,2072,0.4444444444444444
True,-15.654,2068,2068,2172,2068,2068,0.0
True,-15.707,2056,2056,2176,2056,1992,-0.34042553191489355
True,-15.757,2028,2028,2120,1964,1864,-0.5730994152046783
True,-15.833,1988,1928,2048,1832,1512,-0.5995423340961098
True,-15.914,1908,1808,1936,1588,844,-0.6076604554865424
True,-15.898,1732,1432,1492,892,0,-0.7217015140591205
True,-15.862,1248,788,944,444,0,-0.8294392523364486
True,-15.854,596,400,656,400,0,-0.5808966861598439
True,-15.879,0,268,628,176,0,-0.08582089552238807
True,-15.948,0,264,660,36,0,-0.23750000000000004
True,-15.963,0,180,716,0,0,-0.20089285714285715
True,-15.888,0,176,776,0,0,-0.18487394957983191
True,-15.756,0,204,836,0,0,-0.19615384615384615
True,-15.643,0,160,804,0,0,-0.16597510373443985
True,-15.513,0,116,804,0,0,-0.12608695652173915
True,-15.396,0,12,804,0,0,-0.014705882352941176
True,-15.37,0,0,740,0,0,0.0
True,-15.423,0,0,684,0,0,0.0
True,-15.532,0,48,544,0,0,-0.0810810810810811
True,-15.693,0,168,484,0,0,-0.25766871165644173
True,-15.925,0,204,532,0,0,-0.27717391304347827
True,-16.049,0,144,604,0,0,-0.19251336898395724
True,-16.217,0,0,752,80,0,0.09615384615384615
True,-16.337,0,76,924,168,0,0.07876712328767123
True,-16.492,0,76,964,320,0,0.17941176470588235
True,-16.603,0,140,964,292,0,0.10888252148997132
True,-16.79,0,72,964,200,0,0.10355987055016184
True,-16.954,0,0,900,84,0,0.08536585365853659
True,-17.103,0,0,808,0,0,0.0
True,-17.261,0,0,808,0,0,0.0
True,-17.359,0,0,728,0,0,0.0
True,-17.506,0,0,684,0,0,0.0
True,-17.552,0,0,668,0,0,0.0
True,-17.658,0,0,636,0,0,0.0
True,-17.671,0,0,696,0,0,0.0
True,-17.756,0,0,676,0,0,0.0
True,-17.829,0,0,724,0,0,0.0
True,-17.942,0,0,760,0,0,0.0
True,-18.131,0,0,812,0,0,0.0
True,-18.342,0,0,788,0,0,0.0
True,-18.592,0,0,792,64,0,0.07476635514018691
True,-18.886,0,0,724,112,0,0.13397129186602869
True,-19.255,0,0,724,56,0,0.07179487179487179
True,-19.607,0,0,608,0,0,0.0
True,-20.022,0,0,516,0,0,0.0
True,-20.468,0,0,492,0,0,0.0
True,-21.022,0,0,364,0,0,0.0
True,-21.589,0,0,248,0,0,0.0
True,-22.253,0,0,140,0,0,0.0
True,-22.847,0,0,52,0,0,0.0
True,-23.479,0,0,0,0,0,0
True,-24.074,0,0,0,0,0,0
True,-24.602,0,0,0,0,0,0
True,-25.344,0,0,0,0,0,0
True,-26.072,0,0,0,0,0,0
True,-26.718,0,0,0,0,0,0
True,-27.473,0,0,0,0,0,0
True,-28.235,0,0,0,0,0,0
True,-28.842,0,0,0,0,0,0
True,-29.27,0,0,0,0,0,0
True,-29.643,0,0,0,0,0,0
True,-29.982,0,0,0,0,0,0
True,-30.176,0,0,0,0,0,0
True,-30.298,0,0,0,0,0,0
True,-30.278,0,0,0,0,0,0
True,-30.327,0,0,0,0,0,0
True,-30.358,0,0,0,0,0,0
True,-30.241,0,0,0,0,0,0
True,-30.093,0,0,0,0,0,0
True,-29.989,0,0,0,0,0,0
True,-29.843,0,0,0,0,0,0
True,-29.663,0,0,0,0,0,0
True,-29.478,0,0,0,0,0,0
True,-29.291,0,0,0,0,0,0
True,-29.174,0,0,0,0,0,0
True,-29.192,0,0,0,0,0,0
True,-29.199,0,0,0,0,0,0
True,-29.175,0,0,0,0,0,0
True,-29.182,0,0,0,0,0,0
True,-29.289,0,0,0,0,0,0
True,-29.331,0,0,0,0,0,0
True,-29.288,0,0,0,0,0,0
True,-29.198,264,0,0,0,0,-2.0
True,-28.966,1016,304,396,0,0,-1.3613053613053614
True,-28.731,1520,1276,1460,760,0,-0.7089314194577353
True,-28.556,1692,1628,1780,1404,988,-0.6394984326018809
True,-28.33,1748,1720,1868,1584,1360,-0.6162162162162161
True,-28.187,1816,1816,1936,1752,1656,-0.5517241379310345
True,-28.09,1824,1792,1976,1824,1792,-0.12903225806451615
True,-27.998,1776,1744,1960,1840,1840,0.509090909090909
True,-27.955,1628,1628,1908,1848,1848,0.9166666666666667
True,-27.845,1360,1424,1844,1844,1844,0.9155672823218998
True,-27.81,1020,1212,1720,1788,1848,0.8971061093247589
True,-27.702,296,744,1532,1632,1780,0.8561278863232683
True,-27.654,0,168,1212,1428,1672,1.0276785714285717
True,-27.539,0,0,960,1144,1512,1.1526548672566372
True,-27.415,0,0,520,644,1220,1.2936241610738257
True,-27.348,0,0,208,24,728,1.5416666666666665
True,-27.197,0,0,4,0,308,1.9743589743589747
True,-27.049,0,0,0,0,0,0
True,-26.917,0,0,0,0,0,0
True,-26.736,0,0,0,0,0,0
True,-26.669,0,0,0,0,0,0
True,-26.584,0,0,0,0,0,0
True,-26.482,0,0,0,0,0,0
True,-26.467,0,0,0,0,0,0
True,-26.383,0,0,0,0,0,0
True,-26.336,0,0,0,0,0,0
True,-26.231,0,0,0,0,0,0
True,-26.122,0,0,0,0,0,0
True,-26.003,0,0,0,0,0,0
True,-25.917,0,0,0,0,0,0
True,-25.739,0,0,0,0,0,0
True,-25.561,0,0,0,0,0,0
True,-25.421,0,0,0,0,0,0
True,-25.262,0,0,0,0,0,0
True,-25.202,0,0,0,0,0,0
True,-25.054,0,0,0,0,0,0
True,-24.968,0,0,0,0,0,0
True,-24.814,0,0,0,0,0,0
True,-24.732,0,0,0,0,0,0
True,-24.665,0,0,0,0,0,0
True,-24.607,0,0,0,0,0,0
True,-24.575,0,0,0,0,0,0
True,-24.697,0,0,0,0,0,0
True,-24.715,0,0,0,0,0,0
True,-24.82,0,0,0,0,0,0
True,-24.797,0,0,0,0,0,0
True,-24.792,0,0,0,0,0,0
True,-24.88,0,0,0,0,0,0
True,-24.849,0,0,0,0,0,0
True,-24.823,0,0,0,0,0,0
True,-24.651,0,0,0,0,0,0
True,-24.198,0,0,0,0,0,0
True,-23.584,0,0,0,0,0,0
True,-23.055,0,0,72,0,0,0.0
True,-22.797,0,0,116,0,0,0.0
True,-22.699,0,0,204,0,0,0.0
True,-22.778,0,0,228,0,0,0.0
True,-23.06,0,0,248,0,0,0.0
True,-23.539,0,0,220,0,0,0.0
True,-24.088,0,0,184,0,0,0.0
True,-24.666,0,0,180,0,0,0.0
True,-25.083,0,0,204,0,0,0.0
True,-25.367,0,0,132,0,0,0.0
True,-25.525,0,0,12,0,0,0.0
True,-25.534,0,0,0,0,0,0
True,-25.515,0,0,0,0,0,0
True,-25.352,0,0,0,0,0,0
True,-25.25,0,0,0,0,0,0
True,-25.123,0,0,0,0,0,0
True,-25.083,0,0,0,0,0,0
True,-25.058,0,0,0,0,0,0
True,-25.116,0,0,0,0,0,0
True,-25.126,0,0,116,0,0,0.0
True,-25.096,0,0,300,0,240,0.888888888888889
True,-25.072,0,0,644,488,1044,1.1838235294117647
True,-25.076,0,0,948,1008,1404,1.135714285714286
True,-25.088,0,368,1384,1516,1724,0.9206730769230769
True,-25.119,856,992,1716,1780,1876,0.9619047619047619
True,-25.129,1276,1308,1848,1876,1936,1.0128755364806865
True,-25.052,1612,1580,1988,1956,1956,0.8926174496644295
True,-24.919,1776,1744,2028,1968,1968,0.7958115183246073
True,-24.742,1872,1808,2056,1964,1964,0.5448717948717949
True,-24.471,1932,1900,2052,1964,1932,0.22857142857142856
True,-24.207,1928,1928,2076,1928,1928,0.0
True,-23.978,1932,1932,2084,1932,1900,-0.22857142857142856
True,-23.77,1924,1924,2052,1892,1860,-0.4545454545454546
True,-23.573,1928,1928,2048,1864,1800,-0.5633802816901409
True,-23.479,1908,1876,1996,1784,1652,-0.6317991631799165
True,-23.414,1840,1776,1928,1652,1356,-0.6162528216704289
True,-23.348,1788,1696,1848,1476,984,-0.6364902506963787
True,-23.195,1644,1452,1612,1068,0,-0.6357340720221607
True,-23.099,1432,1028,1196,308,0,-0.9041372351160444
True,-22.935,1172,528,772,0,0,-1.161812297734628
True,-22.792,336,0,248,0,0,-1.1506849315068493
True,-22.594,0,0,8,0,0,0.0
True,-22.404,0,0,44,0,0,0.0
True,-22.29,0,0,96,0,0,0.0
True,-22.234,0,0,140,0,0,0.0
True,-22.214,0,0,220,0,0,0.0
True,-22.231,0,0,248,0,0,0.0
True,-22.206,0,0,220,0,0,0.0
True,-22.18,0,0,264,0,0,0.0
True,-22.148,0,0,232,0,0,0.0
True,-22.043,0,0,148,0,0,0.0
True,-21.966,0,0,36,0,0,0.0
True,-21.851,0,0,40,0,0,0.0
True,-21.755,0,0,68,0,0,0.0
True,-21.757,0,0,152,0,0,0.0
True,-21.719,0,0,300,0,0,0.0
True,-21.706,0,0,504,0,0,0.0
True,-21.711,0,0,600,0,0,0.0
True,-21.617,0,0,632,0,0,0.0
True,-21.481,0,0,632,0,0,0.0
True,-21.38,0,0,572,0,0,0.0
True,-21.316,0,0,508,0,0,0.0
True,-21.261,0,0,452,0,0,0.0
True,-21.151,0,0,396,0,0,0.0
True,-20.965,0,0,368,0,0,0.0
True,-20.783,0,0,452,0,0,0.0
True,-20.626,0,0,452,0,0,0.0
True,-20.471,0,0,548,0,0,0.0
True,-20.207,0,0,644,0,0,0.0
True,-19.881,0,0,668,0,0,0.0
True,-19.52,0,0,760,0,0,0.0
True,-19.106,0,0,784,0,0,0.0
True,-18.66,0,0,820,140,0,0.14583333333333334
True,-18.076,0,0,924,324,0,0.25961538461538464
True,-17.366,0,0,908,368,0,0.2884012539184953
True,-16.519,0,0,968,488,0,0.3351648351648352
True,-15.629,0,0,1028,572,0,0.3575
True,-14.736,0,48,1056,636,0,0.3379310344827587
True,-13.837,0,172,1140,724,100,0.35205992509363293
True,-12.875,0,260,1176,780,196,0.3781094527363184
True,-11.773,0,288,1208,812,288,0.42372881355932207
True,-10.57,0,312,1292,868,440,0.49313186813186805
True,-9.593,0,468,1292,844,592,0.48811013767209005
True,-8.896,40,528,1320,868,620,0.4722921914357682
True,-8.384,72,556,1320,896,652,0.47831632653061223
True,-8.013,136,584,1348,932,680,0.4786666666666667
True,-7.716,172,588,1352,928,680,0.47412587412587404
True,-7.297,204,588,1352,868,652,0.44478063540090773
True,-6.787,260,588,1380,752,688,0.4307432432432432
True,-6.469,364,652,1380,652,772,0.40800000000000003
True,-6.258,304,624,1352,592,716,0.3829787234042553
True,-6.005,332,592,1344,556,684,0.36147186147186144
True,-5.688,264,616,1308,616,616,0.3352380952380952
True,-5.403,264,612,1284,584,488,0.2196652719665272
True,-5.072,264,648,1288,520,520,0.2
True,-4.775,316,732,1288,612,548,0.17954070981210857
True,-4.322,452,764,1316,640,484,-0.042979942693409746
True,-3.87,536,768,1344,708,504,-0.09253731343283582
True,-3.342,632,820,1388,820,472,-0.18058690744920994
True,-3.016,596,876,1424,940,500,-0.06971677559912859
True,-2.685,500,944,1452,976,500,0.01709401709401709
True,-2.57,436,884,1436,944,564,0.15163147792706333
True,-2.531,504,768,1376,832,440,-0.03720930232558139
True,-2.609,576,740,1256,768,384,-0.1973392461197339
True,-2.587,552,800,1132,648,356,-0.3185011709601873
True,-2.44,644,860,1008,676,324,-0.4355179704016913
True,-2.167,488,864,1012,612,256,-0.3668032786885246
True,-1.885,668,792,1096,540,216,-0.5179211469534051
True,-1.662,704,736,1192,516,152,-0.5212598425196849
True,-1.433,740,680,1280,552,196,-0.49270664505672607
True,-1.271,628,688,1256,520,296,-0.4360587002096436
True,-1.08,672,796,1244,548,516,-0.46822742474916385
True,-0.913,576,860,1292,448,640,-0.18020304568527923
True,-0.776,540,888,1256,572,736,0.05882352941176471
True,-0.749,476,944,1224,636,732,0.125
True,-0.772,516,900,1260,676,740,0.1481481481481482
True,-0.838,540,920,1192,792,668,0.09065155807365441
True,-0.879,540,984,1132,860,604,0.002816901408450722
True,-0.908,700,984,1080,984,572,-0.17534246575342463
True,-0.926,788,1012,1104,1044,532,-0.26373626373626374
True,-0.952,1132,1132,1164,1132,492,-0.49382716049382713
True,-0.966,1372,1252,1284,1220,512,-0.5688311688311688
True,-1.05,1716,1536,1596,1316,608,-0.6527331189710611
True,-1.131,1912,1732,1792,1508,956,-0.6846153846153847
True,-1.186,1996,1904,1968,1680,1224,-0.6666666666666667
True,-1.219,2052,2020,2116,1924,1600,-0.5841121495327104
True,-1.336,2112,2080,2172,2048,1856,-0.5506072874493926
True,-1.424,2116,2116,2204,2076,1980,-0.527027027027027
True,-1.446,2136,2136,2228,2104,2072,-0.5063291139240507
True,-1.47,2140,2140,2228,2140,2140,0.0
True,-1.429,2140,2140,2228,2140,2140,0.0
True,-1.346,2140,2140,2228,2168,2168,0.5833333333333334
True,-1.256,2140,2104,2228,2168,2168,0.4166666666666667
True,-1.139,2108,2044,2236,2144,2176,0.4836065573770492
True,-1.009,2044,1908,2200,2168,2168,0.5358649789029536
True,-0.911,1848,1720,2164,2132,2164,0.7310924369747899
True,-0.832,1608,1512,2116,2084,2144,0.8634453781512605
True,-0.779,1088,1184,1912,1912,2092,0.9956331877729258
True,-0.7,824,960,1728,1728,1968,0.9896373056994819
True,-0.583,664,824,1428,1236,1668,0.9680000000000001
True,-0.424,652,788,1280,788,1008,0.5668789808917197
True,-0.217,724,756,1272,692,628,-0.27467811158798283
True,-0.051,824,792,1240,728,372,-0.4618320610687023
True,0.101,884,792,1280,792,304,-0.4581358609794629
True,0.092,924,764,1284,864,340,-0.431340872374798
True,0.154,920,796,1280,888,308,-0.4268476621417798
True,0.083,976,852,1288,912,428,-0.44732297063903287
True,0.113,956,832,1256,988,336,-0.40327380952380953
True,0.085,888,732,1308,920,308,-0.3715596330275229
True,0.162,760,540,1316,912,380,-0.19322709163346619
True,0.259,696,572,1352,916,412,-0.11864406779661016
True,0.39,600,692,1456,1004,336,-0.08970099667774085
True,0.545,476,696,1432,880,412,0.03050108932461872
True,0.659,444,728,1424,880,476,0.12471131639722867
True,0.792,452,608,1352,800,452,0.13675213675213674
True,0.927,356,644,1308,704,516,0.21739130434782608
True,1.053,180,640,1336,732,508,0.29967948717948717
True,1.107,124,612,1288,768,548,0.36911764705882355
True,1.13,220,636,1276,792,700,0.44215530903328043
True,1.197,244,668,1248,824,700,0.4334415584415584
True,1.203,252,636,1308,796,828,0.5124999999999998
True,1.293,352,704,1316,860,832,0.48437500000000006
True,1.344,416,828,1352,828,768,0.3333333333333333
True,1.422,368,976,1364,824,824,0.3020667726550079
True,1.504,436,972,1352,788,788,0.24118738404452691
True,1.511,400,1000,1396,876,784,0.26221498371335505
True,1.515,376,984,1384,892,792,0.2904238618524333
True,1.468,400,948,1404,916,792,0.3056910569105691
True,1.391,324,928,1384,928,740,0.30998509687034276
True,1.375,376,892,1404,956,764,0.33439490445859876
True,1.288,368,916,1412,1008,728,0.31327160493827166
True,1.255,272,920,1408,984,704,0.3169398907103826
True,1.116,288,932,1412,992,704,0.3088642659279777
True,1.004,320,924,1412,988,704,0.30276564774381365
True,0.899,320,924,1412,984,704,0.3017492711370262
True,0.738,320,928,1408,988,708,0.3037790697674419
True,0.359,352,924,1412,1016,736,0.3208955223880597
True,-0.254,352,956,1384,956,768,0.3132530120481927
True,-0.835,412,956,1376,864,800,0.2913117546848382
True,-1.423,448,1016,1380,864,800,0.2433862433862434
True,-1.693,476,976,1344,732,792,0.2
True,-1.819,452,960,1380,808,744,0.2072936660268714
True,-1.94,480,956,1352,800,800,0.2434607645875252
True,-2.049,424,928,1352,776,776,0.2584269662921348
True,-2.162,484,836,1344,804,772,0.2989010989010989
True,-2.343,412,804,1324,868,836,0.41758241758241754
True,-2.611,384,744,1292,836,836,0.45856353591160215
True,-2.689,320,680,1288,800,648,0.36329588014981273
True,-2.714,288,616,1264,832,740,0.4869565217391304
True,-2.641,200,624,1236,812,720,0.4737654320987655
True,-2.563,188,652,1260,780,620,0.3875
True,-2.484,168,676,1284,768,552,0.3297546012269939
True,-2.386,204,616,1316,740,556,0.3432835820895523
True,-2.384,292,640,1308,764,548,0.30401529636711283
True,-2.383,352,640,1344,732,548,0.2607758620689655
True,-2.504,476,696,1380,856,508,0.14583333333333334
True,-2.538,444,724,1452,880,476,0.12528473804100226
True,-2.524,504,724,1440,916,408,0.0
True,-2.503,608,676,1432,984,344,-0.09466437177280553
True,-2.433,700,608,1372,916,384,-0.1572815533980583
True,-2.398,792,540,1316,928,412,-0.1929460580912863
True,-2.392,924,760,1312,924,304,-0.39792899408284027
True,-2.387,972,820,1280,912,304,-0.449421965317919
True,-2.381,972,848,1284,880,392,-0.46688741721854304
True,-2.442,948,824,1308,856,400,-0.4554794520547946
True,-2.507,940,816,1276,848,336,-0.46372239747634086
True,-2.529,888,764,1284,764,344,-0.46815834767642
True,-2.591,828,800,1264,704,480,-0.47255369928400953
True,-2.576,764,824,1276,732,572,-0.36391437308868496
True,-2.5,688,856,1288,752,1048,0.5167785234899328
True,-2.419,672,800,1340,1056,1496,0.9500998003992015
True,-2.298,704,896,1428,1336,1740,0.9721362229102167
True,-2.31,780,972,1672,1672,1972,0.9734848484848484
True,-2.283,1044,1236,1892,1924,2080,0.9336941813261165
True,-2.354,1356,1460,2028,2060,2120,0.9483065953654188
True,-2.422,1704,1736,2148,2148,2148,0.9530791788856304
True,-2.536,1952,1884,2176,2144,2176,0.7763157894736842
True,-2.575,2048,1952,2204,2144,2176,0.5863874345549738
True,-2.543,2112,2048,2236,2176,2176,0.5039370078740157
True,-2.498,2112,2112,2232,2144,2172,0.7169811320754716
True,-2.471,2144,2112,2236,2144,2176,0.38095238095238093
True,-2.501,2144,2144,2236,2144,2144,0.0
True,-2.455,2144,2144,2232,2144,2144,0.0
True,-2.506,2148,2148,2236,2148,2112,-0.310344827586207
True,-2.576,2140,2140,2228,2108,2036,-0.5084745762711865
True,-2.609,2116,2116,2204,2084,1924,-0.5048543689320387
True,-2.631,2108,2108,2176,2016,1756,-0.5751445086705201
True,-2.68,2076,2044,2104,1888,1344,-0.5921052631578947
True,-2.636,2032,1912,1912,1592,872,-0.6666666666666667
True,-2.584,1964,1724,1724,1404,668,-0.7027027027027027
True,-2.527,1744,1448,1448,1188,420,-0.7010607521697203
True,-2.486,1500,1260,1260,1164,504,-0.6590909090909091
True,-2.421,1028,1060,1120,1060,524,-0.46408839779005523
True,-2.441,672,984,1136,956,576,-0.1523545706371191
True,-2.416,664,980,1192,860,632,-0.15753424657534248
True,-2.444,536,952,1288,796,696,0.10327455919395466
True,-2.396,536,912,1328,632,664,-0.017241379310344813
True,-2.411,556,868,1320,492,684,-0.08219178082191782
True,-2.334,512,852,1308,448,636,-0.1029023746701847
True,-2.344,540,944,1332,440,636,-0.18439716312056736
True,-2.281,560,836,1264,468,468,-0.4394904458598726
True,-2.259,608,824,1308,544,352,-0.42217484008528783
True,-2.265,716,808,1292,588,256,-0.4789915966386555
True,-2.301,740,768,1316,584,260,-0.4831081081081081
True,-2.324,644,744,1200,580,292,-0.4339999999999999
True,-2.402,744,836,1076,616,356,-0.5389610389610389
True,-2.385,752,844,992,656,356,-0.5384615384615384
True,-2.382,580,980,948,640,420,-0.449591280653951
True,-2.342,680,1048,956,712,420,-0.4988344988344988
True,-2.338,704,980,1008,704,448,-0.49127182044887785
True,-2.352,732,892,1108,796,444,-0.38356164383561653
True,-2.303,668,824,1252,884,536,-0.13746630727762804
True,-2.238,696,788,1316,920,504,-0.1478873239436619
True,-2.256,624,876,1424,1064,528,-0.002132196162046901
True,-2.1,680,900,1480,1176,616,0.0835214446952596
True,-1.949,660,908,1468,1124,660,0.14210526315789473
True,-1.658,696,916,1468,1136,600,0.015418502202643158
True,-1.247,756,880,1464,1128,564,-0.06896551724137931
True,-0.772,732,896,1468,1108,604,-0.024608501118568233
True,-0.232,788,860,1440,1044,560,-0.14376321353065535
True,0.347,760,824,1404,1008,568,-0.1160092807424594
True,1.01,728,892,1404,984,568,-0.13133640552995393
True,1.943,652,808,1412,932,548,-0.0521091811414392
True,3.118,612,772,1380,924,516,-0.024630541871921173
True,4.546,552,748,1352,932,456,-0.004545454545454529
True,6.39,492,744,1316,896,324,-0.08550185873605945
True,8.451,248,624,1292,872,216,0.0847145488029466
True,10.648,96,540,1264,784,32,0.04538341158059465
True,12.934,0,388,1140,600,0,0.09962406015037592
True,15.318,0,124,972,280,0,0.11337209302325582
True,17.713,0,0,704,0,0,0.0
True,20.153,0,0,0,0,0,0
True,22.815,0,0,0,0,0,0
True,25.738,0,0,0,0,0,0
True,29.032,0,0,0,0,0,0
True,32.388,0,0,0,0,0,0
True,35.718,0,0,0,0,0,0
True,38.866,0,0,0,0,0,0
True,41.799,0,0,0,0,0,0
True,44.59,0,0,0,0,0,0
True,47.268,0,0,0,0,0,0
True,49.872,0,0,0,0,0,0
True,52.454,0,0,0,0,0,0
True,55.081,0,0,0,0,0,0
True,57.831,0,0,0,0,0,0
True,60.679,0,0,0,0,0,0
True,63.524,0,0,0,0,0,0
True,66.224,0,0,0,0,0,0
True,68.713,0,0,0,0,0,0
False,71.035,0,0,0,0,0,0
False,73.273,0,0,0,0,0,0
False,75.434,0,0,0,0,0,0
False,77.483,0,0,0,0,0,0
False,79.411,0,0,0,0,0,0
False,81.243,0,0,0,0,0,0
False,82.899,0,0,0,0,0,0
False,84.235,0,0,0,0,0,0
False,85.372,0,0,0,0,0,0
False,86.555,0,0,0,0,0,0
False,87.765,0,0,0,0,0,0
False,88.881,0,0,0,0,0,0
False,89.932,0,0,0,0,0,0
False,91.018,0,0,0,0,0,0
False,92.159,0,0,0,0,0,0
False,93.225,0,0,0,0,0,0
False,94.273,0,0,0,0,0,0
False,95.33,0,0,0,0,0,0
False,96.264,0,0,0,0,0,0
False,97.141,0,0,0,0,0,0
False,97.957,0,0,0,0,0,0
False,98.733,0,0,0,0,0,0
False,99.403,0,0,0,0,0,0
False,99.851,0,0,0,0,0,0
False,100.082,0,0,0,0,0,0
False,100.233,0,0,0,0,0,0
False,100.404,0,0,0,0,0,0
False,100.596,0,0,0,0,0,0
False,100.792,0,0,0,0,0,0
False,100.863,0,0,0,0,0,0
False,100.808,0,0,0,0,0,0
False,100.687,0,0,0,0,0,0
False,100.536,0,0,0,0,0,0
False,100.322,0,0,0,0,0,0
False,99.927,0,0,0,0,0,0
False,99.343,0,0,0,0,0,0
False,98.618,0,0,0,0,0,0
False,97.896,0,0,0,0,0,0
False,97.331,0,0,0,0,0,0
False,96.968,0,0,0,0,0,0
False,96.707,0,0,0,0,0,0
False,96.322,0,0,0,0,0,0
False,95.824,0,0,0,0,0,0
False,95.305,0,0,0,0,0,0
False,94.81,0,0,0,0,0,0
False,94.372,0,0,0,0,0,0
False,94.02,0,0,0,0,0,0
False,93.711,0,0,0,0,0,0
False,93.251,0,0,0,0,0,0
False,92.578,0,0,0,0,0,0
False,91.759,0,0,0,0,0,0
False,90.919,0,0,0,0,0,0
False,90.018,0,0,0,0,0,0
False,89.11,0,624,1408,0,0,-0.30708661417322836
False,88.213,0,2168,2200,0,0,-0.49633699633699635
False,87.43,0,2268,2268,80,0,-0.4740034662045061
False,86.946,0,2264,2296,132,0,-0.4543904518329071
False,86.779,0,2292,2292,196,0,-0.43849372384937246
False,86.88,0,2288,2288,132,0,-0.4579439252336449
False,87.192,0,2264,2296,0,0,-0.4964912280701754
False,87.485,0,2260,2288,0,0,-0.4969217238346526
False,87.689,0,2264,2296,0,0,-0.4964912280701754
False,87.766,0,2232,2292,0,0,-0.493368700265252
False,87.67,0,2236,2296,0,0,-0.4933804060017652
False,87.498,0,2232,2292,0,0,-0.493368700265252
False,87.29,0,2204,2292,0,0,-0.49021352313167266
False,87.04,0,2228,2320,0,0,-0.48988566402814426
False,86.785,0,2236,2296,0,0,-0.4933804060017652
False,86.903,0,2232,2292,0,0,-0.493368700265252
False,86.355,0,2204,2292,0,0,-0.49021352313167266
False,85.547,0,2204,2292,0,0,-0.49021352313167266
False,85.242,0,2196,2256,0,0,-0.4932614555256065
False,85.173,0,2236,2236,0,0,-0.5
False,85.213,0,2236,2208,0,0,-0.5031503150315031
False,85.531,0,2236,2204,0,0,-0.5036036036036037
False,85.971,0,2208,2176,0,0,-0.5036496350364964
False,86.297,0,2200,2168,0,0,-0.5036630036630036
False,86.735,0,2200,2172,0,0,-0.5032021957913998
False,87.208,0,2148,2116,0,0,-0.5037523452157598
False,87.62,0,2120,2120,0,0,-0.5
False,88.046,0,1848,2148,0,0,-0.4624624624624624
False,88.639,0,1544,2144,0,0,-0.4186550976138829
False,89.904,0,820,2056,0,0,-0.28511821974965235
False,90.095,0,0,1792,0,0,0.0
False,89.833,0,0,1380,0,0,0.0
False,89.873,0,0,144,0,0,0.0
False,89.964,0,0,0,0,0,0
False,89.581,0,0,0,0,0,0
False,89.853,0,0,0,0,0,0
False,89.437,0,0,0,0,0,0
False,89.513,0,0,0,0,0,0
False,89.348,0,0,0,0,0,0
False,89.171,0,0,0,0,0,0
False,89.174,0,0,0,0,0,0
False,89.091,0,0,0,0,0,0
False,89.117,0,0,0,0,0,0
False,89.169,0,0,0,0,0,0
False,89.09,0,0,0,0,0,0
False,89.131,0,0,0,0,0,0
False,89.153,0,0,0,0,0,0
False,89.1,0,0,0,0,0,0
False,89.163,0,0,0,0,0,0
False,89.164,0,0,0,0,0,0
False,89.138,0,0,0,0,0,0
False,89.194,0,0,0,0,0,0
False,89.184,0,0,0,0,0,0
False,89.179,0,0,0,0,0,0
False,89.228,0,0,0,0,0,0
False,89.214,0,0,0,0,0,0
False,89.222,0,0,0,0,0,0
False,89.261,0,0,0,0,0,0
False,89.246,0,0,0,0,0,0
False,89.261,0,0,0,0,0,0
False,89.29,0,0,0,0,0,0
False,89.281,0,0,0,0,0,0
False,89.299,0,0,0,0,0,0
False,89.322,0,0,0,0,0,0
False,89.313,0,0,0,0,0,0
False,89.332,0,0,0,0,0,0
False,89.36,0,0,0,0,0,0
False,89.363,0,0,0,0,0,0
False,89.367,0,0,0,0,0,0
False,89.392,0,0,0,0,0,0
False,89.395,0,0,0,0,0,0
False,89.404,0,0,0,0,0,0
False,89.425,0,0,0,0,0,0
False,89.428,0,0,0,0,0,0
False,89.44,0,0,0,0,0,0
