acc,lpf_acc,gyro,control_angle
89310.55292252937,89310.55292252937,0.0,89310.55292252937
89387.79422213812,89349.17357233375,-2.646379999999995,89308.31921282741
89404.48134310605,89367.60949592451,-0.6223799999999948,89308.29595945838
89451.44765145454,89414.57440556625,-0.6223799999999948,89308.74258771946
89464.91676386882,89440.28191947647,-2.140379999999995,89307.93900483704
89475.3888696554,89463.9177616596,0.8956200000000052,89310.38545620526
89464.97969268994,89468.42844207141,-1.1283799999999948,89310.84878986393
89465.85914562213,89468.74256932251,-0.11637999999999482,89312.3125114585
89421.95819313935,89450.93234381716,0.3896200000000052,89314.08443358209
89445.69105467867,89444.50279781339,2.413620000000005,89317.7781010244
89491.43642932616,89453.02855904808,-0.11637999999999482,89319.01538940464
89459.04116150316,89465.38954850269,1.9076200000000052,89322.36767479562
89448.69638725587,89466.39132602843,0.3896200000000052,89324.19363510795
89414.95837127996,89440.89864001302,-0.11637999999999482,89325.24546895699
89445.16991717803,89436.27489190466,-0.11637999999999482,89326.24054698645
89482.36209598772,89447.49679481528,0.3896200000000052,89327.83883326473
89434.511581883,89454.01453168294,1.4016200000000052,89330.48819404891
89368.56667924901,89428.48011903993,-0.11637999999999482,89331.35289709881
89559.6683223619,89454.24886116465,-0.6223799999999948,89331.96570053947
89397.9966301926,89442.07721060119,1.4016200000000052,89334.45441944008
89454.68664681276,89470.78386645578,-0.11637999999999482,89335.70249771023
89489.29880483936,89447.32736061495,-0.6223799999999948,89336.20259013928
89482.60523929997,89475.53023031738,-0.6223799999999948,89336.97971034107
89445.46317745335,89472.45574053092,-2.140379999999995,89336.21549444296
89485.66502192168,89471.24447955836,-0.11637999999999482,89337.45056809411
89411.76710317326,89447.6317675161,1.4016200000000052,89339.93998388833
89367.86187367326,89421.76466625607,-0.11637999999999482,89340.643014512
89464.91676386882,89414.84858023845,-1.1283799999999948,89340.26797396927
89522.86270533955,89451.88044762722,-0.6223799999999948,89340.76794250584
89492.69057181233,89493.49001367357,-1.1283799999999948,89341.17806701752
89417.9804967031,89477.844591285,-1.1283799999999948,89341.4276360602
89455.10332704526,89455.25813185358,-2.646379999999995,89339.94602481813
89384.6096501419,89419.23115796344,0.3896200000000052,89341.12459994959
89509.32666343077,89449.67988020601,1.4016200000000052,89343.59775655216
89488.66828615565,89460.86819990947,-0.6223799999999948,89344.15430478573
89431.17719547542,89476.39071502065,-0.11637999999999482,89345.36145268807
89485.72544855507,89468.52364339541,-1.6343799999999948,89344.97503839515
89485.33242162484,89467.41168855182,1.9076200000000052,89348.08794869672
89496.11152882638,89489.05646633547,0.8956200000000052,89350.3842976731
89431.81212610261,89471.08535885131,-0.6223799999999948,89350.97515208488
89452.63866740208,89460.18744077707,-0.11637999999999482,89351.9520587718
89417.70665437706,89434.05248262729,0.3896200000000052,89353.15878681035
89411.87073115334,89427.40535097754,0.3896200000000052,89354.28697625201
89428.78382009425,89419.45373520826,-0.11637999999999482,89354.82342764158
89478.56993013143,89439.74149379304,-0.6223799999999948,89355.05645210309
89385.36802170597,89430.9072573106,0.8956200000000052,89356.70162395516
89465.60816831984,89443.18204005247,-0.6223799999999948,89356.95027191612
89445.30029333722,89432.09216112107,-0.6223799999999948,89357.08553460818
89439.62631355597,89450.17825840441,-0.11637999999999482,89357.90124564614
89384.68195657666,89423.20285449001,-0.6223799999999948,89357.93810553457
89429.35340147544,89417.8872238694,0.3896200000000052,89358.92332051793
89488.75845548946,89434.2646045139,-0.11637999999999482,89359.5615171579
89603.67771866941,89507.26319187816,0.3896200000000052,89361.4242577051
89347.56293415683,89479.99970277194,0.3896200000000052,89362.99573595577
89424.61112001528,89458.61725761386,1.4016200000000052,89365.33955497235
89378.7568402868,89383.64363148634,-0.6223799999999948,89364.90643953749
89441.31300170608,89414.89365400276,-0.11637999999999482,89365.29109548214
89437.8794288874,89419.3164236268,-0.6223799999999948,89365.2151925636
89408.23025027542,89429.140893623,-0.6223799999999948,89365.23829337419
89400.51600201029,89415.54189372441,1.4016200000000052,89367.1289331777
89432.61212184497,89413.78612471027,-2.140379999999995,89365.47652889302
89485.0902603794,89439.40612807825,-0.11637999999999482,89366.10060868486
89411.93979620404,89443.21405947616,-3.152379999999995,89363.75088699277
89465.73368642585,89454.25458100312,2.919620000000005,89367.54634773287
89428.34749056266,89435.34032439755,2.919620000000005,89371.11471129952
89445.00686082535,89446.36267927132,0.3896200000000052,89372.25291477924
89455.39142539525,89442.9152589278,-0.6223799999999948,89372.34338202071
89438.50692071783,89446.3017356462,-0.6223799999999948,89372.46680935696
89438.01164887863,89443.96999833062,1.4016200000000052,89374.56944504671
89455.93478135037,89444.15111698232,-1.6343799999999948,89373.64722556606
89388.22569063901,89427.39070695604,-0.11637999999999482,89374.06944417996
89489.14882232613,89444.43643143853,-1.1283799999999948,89373.65601785255
89435.14283041965,89437.50578112829,1.9076200000000052,89376.18305928531
89482.08828664919,89468.79331313168,-0.6223799999999948,89376.49300562378
89428.24670451248,89448.49260719381,0.3896200000000052,89377.59872543947
89499.06118604464,89469.79872573547,2.919620000000005,89381.41114924243
89475.35803687484,89467.55530914402,-1.6343799999999948,89380.65455464144
89428.44824110958,89467.6224880097,-0.11637999999999482,89381.40901777512
89475.32720047225,89459.71115948557,-0.11637999999999482,89382.07682299223
89462.21364618528,89455.32969592238,1.4016200000000052,89384.19695552153
89488.75845548946,89475.43310071567,2.919620000000005,89387.99974077348
89428.81735633445,89459.9298193364,-0.11637999999999482,89388.6038253591
89536.31235190267,89484.62938790885,-0.11637999999999482,89389.44886478459
89438.60587041784,89467.91185955163,0.8956200000000052,89391.12015853226
89452.54229111779,89475.82017114607,0.3896200000000052,89392.35288245839
89519.21794621041,89470.12203591532,-1.1283799999999948,89392.01347779298
89482.48369618281,89484.74797783697,-1.1283799999999948,89391.82372659343
89458.40515549574,89486.70226596296,-1.1283799999999948,89391.65541578713
89405.3203814791,89448.73641105252,-1.6343799999999948,89390.60818953978
89457.76765322564,89440.49773006681,-0.6223799999999948,89390.49092874506
89482.69635920464,89448.59479796978,-0.6223799999999948,89390.4558112373
89438.37493354734,89459.61298199253,1.4016200000000052,89392.53498674487
89394.06209141524,89438.37779472239,0.3896200000000052,89393.37913862464
89394.73849885503,89409.05850793917,-1.1283799999999948,89392.4188361178
89503.18433375894,89430.66164134305,-0.6223799999999948,89392.18510797006
89492.72035701461,89463.54772987618,1.9076200000000052,89394.78727798912
89485.48365685051,89493.79611587468,-1.1283799999999948,89394.66027016798
89375.06716831944,89451.09039406151,1.4016200000000052,89396.61217520692
89438.60587041784,89433.05223186257,1.4016200000000052,89398.36417957349
89491.85516474962,89435.17606782894,-0.11637999999999482,89398.61708225602
89435.37504078896,89455.27869198546,1.4016200000000052,89400.57130215332
89428.61607984257,89451.94876179368,1.9076200000000052,89402.97362054972
89482.39250138974,89448.79454067373,-1.1283799999999948,89402.31473355097
89495.10370426746,89468.70409516657,1.4016200000000052,89404.36623096713
89434.87721330413,89470.79113965377,-1.1283799999999948,89403.91338385401
89408.40403188714,89446.12831648624,-0.6223799999999948,89403.71937698034
89462.65551463584,89435.3122532757,-1.6343799999999948,89402.4172695433
89442.72229542896,89437.92728065063,-1.1283799999999948,89401.65527345437
89374.2958242858,89426.55787811686,-1.1283799999999948,89400.78720330099
89495.87475551892,89437.63095841122,0.3896200000000052,89401.54136465209
89508.83621597823,89459.66893192765,-0.11637999999999482,89402.00742412484
89469.06466012892,89491.25854387534,0.8956200000000052,89403.78659912234
89448.14529012509,89475.3487220774,-0.6223799999999948,89403.88606415188
89381.60856659233,89432.93950561543,0.3896200000000052,89404.56232236652
89475.51216457087,89435.08867376274,-0.11637999999999482,89404.75236968047
89532.84019061078,89463.32030725798,-1.1283799999999948,89404.22095285625
89378.68393228443,89462.34542915534,-2.646379999999995,89402.18228141923
89387.32611102294,89432.95007797268,-0.11637999999999482,89402.37474318476
89404.76128534565,89390.25710955098,-0.11637999999999482,89402.13835064843
89502.36686630956,89431.48475422601,0.8956200000000052,89403.3184784842
89455.87091336351,89454.33302167286,-0.6223799999999948,89403.21246771609
89414.78646314064,89457.67474760453,0.8956200000000052,89404.64375431498
89445.20251695938,89438.6199644878,-2.140379999999995,89402.86454021672
89533.44315008032,89464.47737672675,0.8956200000000052,89404.36733238182
89489.02877291794,89489.22481331918,-0.6223799999999948,89404.5997509912
89458.37331596232,89493.6150796535,-0.6223799999999948,89404.87374807782
89465.92185314209,89471.10798067407,-2.646379999999995,89402.91617420378
89482.60523929997,89468.96680280143,1.9076200000000052,89405.46522428976
89457.76765322564,89468.76491522253,-0.6223799999999948,89405.48206499909
89424.37420789931,89454.91570014162,-0.11637999999999482,89405.8611851505
89482.48369618281,89454.87518576924,0.3896200000000052,89406.7370489567
89422.06000914746,89442.97263774318,-0.6223799999999948,89406.48324864457
89445.20251695938,89449.91540742987,-0.6223799999999948,89406.30141403242
89438.50692071783,89435.2564822749,0.3896200000000052,89406.97668851486
89475.41969881467,89453.04304549731,0.3896200000000052,89407.82307588469
89458.5324762295,89457.486365254,1.4016200000000052,89409.70731257838
89475.04950975529,89469.66722826648,0.3896200000000052,89410.69263553526
89429.35340147544,89454.31179582007,0.8956200000000052,89412.01549093811
89388.15382143625,89430.85224422235,1.4016200000000052,89413.59146227095
89455.26341927874,89424.25688073016,1.9076200000000052,89415.58666025553
89395.83887685207,89413.08537252236,-0.6223799999999948,89414.9454911782
89425.45564611399,89425.5193140816,-0.11637999999999482,89414.93601320723
89437.71406643915,89419.66952980174,-0.11637999999999482,89414.86813217317
89444.84370866761,89436.00447374025,-2.646379999999995,89412.45957938884
89451.54441324224,89444.70072944967,-0.11637999999999482,89412.66677468944
89492.89899485855,89463.09570558947,0.8956200000000052,89414.05772779843
89438.60587041784,89461.01642617288,-0.11637999999999482,89414.41209858216
89439.23174340249,89456.91220289296,0.3896200000000052,89415.22282342527
89532.92250404044,89470.25337262027,-0.6223799999999948,89415.15697271722
89405.49488382414,89459.21637708903,0.3896200000000052,89415.98329056094
89421.75445353144,89453.39061379869,-0.6223799999999948,89415.74120759332
89525.64007917287,89450.96313884284,-0.11637999999999482,89415.97821070581
89459.16818361658,89468.85423877365,1.4016200000000052,89417.8945747865
89434.34522943306,89473.05116407418,-0.11637999999999482,89418.33092447936
89415.4391775435,89436.31753019773,-2.140379999999995,89416.39181433654
89414.85523851056,89421.54654849572,0.8956200000000052,89417.33002547814
89515.56890781727,89448.62110795714,-0.6223799999999948,89417.02678010291
89499.73725309334,89476.72046647374,-1.6343799999999948,89416.00568076661
89445.62596600036,89486.977375637,-0.11637999999999482,89416.60018151531
89442.03492447847,89462.46604785742,0.3896200000000052,89417.44456397873
89486.20835131509,89457.95641393134,0.3896200000000052,89418.23540627827
89498.50131707262,89475.58153095543,-1.6343799999999948,89417.19083132505
89482.78744704247,89489.16570514343,1.9076200000000052,89419.79912386324
89159.43800018282,89380.24225476601,-8.718379999999994,89410.77235897226
89529.62715763702,89390.61753495416,-6.694379999999995,89403.94337453209
100985.92490857698,93224.996688799,53.01362,89494.63739147475
100753.2671087562,97089.6063916568,-166.08438,89406.16354527658
98160.52452209523,99966.57217980952,-1293.45238,88231.24977542191
98629.59102432712,99181.12755172623,-2457.7583799999998,85907.56775698495
101247.52202946786,99345.87919196342,-3055.34438,83017.15993513474
90810.9035003982,96896.00551806443,-3090.2583799999998,80096.59259476405
79016.17674184621,90358.20075723746,-2907.5923799999996,77320.69222018878
77685.60988592634,82504.23004272363,-2726.9503799999998,74672.84672221413
76075.35220537346,77592.37961104872,-2608.5463799999998,72119.58113490247
77214.16149855129,76991.70786328375,-2636.88238,69557.78884598629
78164.12067143117,77151.21145845203,-2761.86438,66899.47733591094
75793.96237965787,77057.41484988015,-2773.50238,64255.28935485063
67106.87495710685,73688.31933606534,-2876.7263799999996,61501.660538462784
59607.569212709,67502.80218315794,-2815.50038,58774.32657870974
56988.63514878145,61234.359772865806,-2670.2783799999997,56155.351314451305
49418.09297889802,55338.099113462864,-2822.07838,53353.32119624143
39336.16326434432,48580.963797341305,-2694.5663799999998,50637.97690605243
40548.19871499274,43100.81831941173,-2417.2783799999997,48169.49972398602
39069.21143275529,39651.191137364156,-2163.26638,45942.6829219198
37390.285729352174,39002.56529236677,-1970.48038,43922.50616942426
35356.49732244878,37271.99816151879,-1799.45238,42074.54323314521
35951.07892130727,36232.62065770279,-1648.66438,40383.94627119078
36712.7486931689,36006.77497897503,-1529.24838,38826.218662068626
36426.1391693023,36363.322261259535,-1456.89038,37359.26822186054
35319.73264750415,36152.873503325165,-1351.13638,36009.57925847518
32948.28604162203,34898.05261947621,-1208.44438,34802.10405588519
32221.93297309543,33496.650554073916,-1080.93238,33718.92646466708
27100.78461373917,30757.001209485592,-1198.32438,32502.966075915265
25645.239619176344,28322.652402003692,-1098.13638,31374.007922976147
23542.161454272387,25429.395229062677,-937.22838,30386.705699837014
22649.66569565801,23945.68892303562,-797.5723800000001,29532.698875869
23417.741644281563,23203.189598070694,-648.80838,28827.083486891017
23491.104810049033,23186.17071666291,-523.32038,28252.587182988736
25577.78811472121,24162.21152301731,-286.51238,27928.03617018902
26421.259997155234,25163.384307308534,-341.66638,27562.139935360217
26650.002023953206,26216.35004527659,-287.01838000000004,27264.53384025938
27294.145324436955,26788.469115181837,-245.52638000000002,27016.702076808608
28134.262484871248,27359.469944420503,-231.35838,26791.084959284726
28867.500778612186,28098.636195973497,-238.94838000000001,26567.601575451612
27649.122794523253,28216.962019335595,-241.98438000000002,26344.53064369045
26611.24214721295,27709.288573449496,-231.86438,26128.632486788043
24895.459415528683,26385.274785755,-207.07038,25926.19923357771
23701.962522136786,25069.554694959512,-154.95238,25764.22993199153
23796.447242552233,24131.28972673927,-90.69037999999999,25658.117053739006
24752.79896368311,24083.736242790746,-39.078379999999996,25603.685649429524
26433.287124903043,24994.177777046163,-6.188379999999995,25591.464074505693
28043.2444653396,26409.77685130862,-10.236379999999995,25589.513186073724
25521.673533712332,26666.0683746517,-11.754379999999996,25588.641901759507
27547.55194206521,27037.489980372422,0.8956200000000052,25604.017046345638
26245.80853370218,26438.34466982661,5.449620000000005,25617.755446380448
27574.334361940346,27122.564945902617,10.003620000000005,25642.707125175668
27620.934179819345,27147.02569182066,-0.11637999999999482,25657.63509464212
27016.173308821035,27403.813950193613,-7.706379999999995,25667.467566997635
27208.884335848048,27281.997274829515,-8.212379999999994,25675.482607875954
27042.0867613449,27089.048135338035,-11.248379999999996,25678.482366950575
27107.172075584695,27119.38105759259,-6.694379999999995,25686.263917656994
27360.667570413378,27169.975469114364,-15.296379999999996,25685.95761697157
27901.16164377579,27456.333763257997,-19.850379999999994,25684.009502234432
27484.981836019215,27582.270350069506,-30.476379999999995,25672.820494512784
27506.175789334728,27630.773089709954,-40.596379999999996,25652.209604264757
27204.912252090344,27398.689959148138,-52.234379999999994,25617.962371613587
27093.741697756464,27268.27657972722,-59.31838,25575.74031749472
26505.266953235103,26934.640301027346,-60.83638,25529.101301130046
26277.591687657037,26625.533446216243,-60.33038,25480.33854638091
26055.241069115098,26279.366570002458,-50.210379999999994,25438.620550417123
26029.26186860212,26120.69820845813,-42.62038,25403.247150797535
26276.495540958975,26120.33282622544,-31.994379999999996,25378.743571351813
26419.303773927386,26241.68706116287,-29.464379999999995,25358.203270049922
26793.496380202127,26496.431898362873,-33.00637999999999,25336.909240133053
27218.56360761939,26810.45458724968,-39.584379999999996,25312.45615740422
26791.951760734115,26934.67058285192,-52.234379999999994,25276.966265458697
26264.260828190385,26758.258732181337,-55.270379999999996,25237.06151392592
25571.228645718144,26209.147078214257,-51.222379999999994,25196.072213368807
25178.324426384555,25671.27130009774,-38.572379999999995,25162.637548036095
24912.797889596764,25220.783653899867,-15.802379999999996,25147.574652894735
21944.546919828106,24011.889745269855,5.955620000000005,25142.113867618486
22155.24347369788,23004.196094374292,91.97562,25211.790553686045
19416.38718516285,21172.059192896322,165.85162,25335.58634387815
19747.330547993235,20439.65373561803,302.47162,25586.073921595547
19655.786405444065,19606.501379533423,461.86162,25983.521199974926
20564.74378175343,19989.28691173028,583.30162,26501.047460892478
21380.987043365596,20533.8390768544,719.41562,27153.596840852097
21680.252881392662,21208.661235503932,849.96362,27935.611468598614
22148.550033573538,21736.5966527773,996.70362,28860.3579042404
23227.02550774552,22351.942807570606,1141.92562,29925.780117073704
23491.65879046512,22955.744777261425,1306.37562,31149.39162747558
24082.613762516154,23600.43268690896,1473.86162,32533.025041869914
24994.577901961205,24189.61681831419,1652.47962,34085.545783434354
26128.40663106343,25068.53276518029,1852.85562,35829.70271705181
27306.605558065352,26143.196697030024,2059.30362,37771.548240651595
28679.20420941347,27371.405466180775,2299.14762,39943.70295670689
30131.930004358233,28705.913257279044,2553.66562,42359.454023512604
32317.236229337497,30376.123481036426,2837.0256200000003,45048.276081887845
34460.407983457175,32303.191405717662,3147.70962,48037.057758926145
36703.18930308612,34493.611171960285,3491.7896200000005,51358.49501685649
40261.241674473975,37141.612987005785,3866.7356200000004,55044.39446035798
39488.36413446886,38817.59837067634,4300.8836200000005,59140.00128326117
51209.8267647343,43653.14419122575,4890.37362,63826.602596140816
57176.680020223306,49291.62363980886,5404.97562,69032.17867037749
68585.96391046092,58990.823565139544,6027.35562,74898.84718312511
86612.60600481422,70791.74997849953,6736.7676200000005,81527.17615487885
114244.7073912602,89814.42576884515,7334.85962,88871.55967481852
-102693.52251167741,32721.263628132376,-1326.34238,86996.97775815165
-118835.3266474067,-35761.3805892746,-21.368379999999995,85748.2394784774
112397.05841511577,-36377.263581322746,1994.02962,86501.07377167938
-44589.97947441402,-17009.415902234952,-591.6303800000001,84880.25479874024
93793.86058195871,53866.97984088686,255.41361999999998,84822.98153296171
109945.77855288217,53049.886553475655,16.075620000000004,84521.16544696686
166065.17385874002,123268.27099786034,83.87962,84991.67732627579
109789.49217614743,128600.14819592323,-272.34438,85158.14109877228
101880.01529503104,125911.56044330618,-73.99238,85492.42283601762
87472.73310366638,99714.08019161498,56.555620000000005,85690.62947337358
88989.52387787483,92780.75742552412,29.231620000000007,85790.4700566951
90500.41547442578,88987.55748532235,17.593620000000005,85839.85861478138
88283.93023910107,89257.95653046724,37.83362,85911.49487773824
88073.80482344971,88952.71684565886,22.653620000000004,85964.33418121745
88393.35687823217,88250.36398026098,-2.646379999999995,85984.57456300787
89893.50077624591,88786.8874926426,-13.272379999999995,85999.45803610423
90675.01759913523,89653.95841787111,-11.248379999999996,86024.86714372189
88587.9178851073,89718.8120868295,-3.658379999999995,86058.18479695296
90086.67543558356,89783.20363994205,2.413620000000005,86097.82446918287
90079.98859153865,89584.86063740986,2.919620000000005,86135.58525466514
89497.46669909987,89888.0435754074,2.919620000000005,86176.00026167257
89553.51195823424,89710.32241629095,4.437620000000005,86215.73672701875
89776.50848271027,89609.16238001482,-0.6223799999999948,86249.05482734872
89451.88398937407,89593.96814343955,2.919620000000005,86285.39438430962
89780.91305041405,89669.76850749948,-0.11637999999999482,86319.1229093415
89592.21918550618,89608.33874176478,1.9076200000000052,86353.90361146574
89714.92644230417,89696.01955940815,-1.1283799999999948,86386.20767474516
89730.83107029287,89679.32556603441,-0.11637999999999482,86419.02363745806
89738.26231292135,89728.00660850614,-0.6223799999999948,86451.49731096854
89269.79291351202,89579.62876557543,-0.6223799999999948,86482.16246931462
89983.43289148221,89663.82937263855,0.8956200000000052,86514.86580214785
89748.07604347174,89667.10061615535,-1.1283799999999948,86545.27105408793
89196.64755325398,89642.71882940266,-2.140379999999995,86574.12655564108
89949.8949295398,89631.5395087552,2.413620000000005,86607.09016897224
89564.88757090532,89570.4766845664,-2.140379999999995,86634.60505792819
89502.1913448493,89672.32461509817,1.9076200000000052,86666.87079729988
89983.49556704231,89683.524827599,-0.6223799999999948,86696.42118140288
89423.59440777118,89636.42710655429,-1.1283799999999948,86724.7041444544
89751.60023489855,89719.56340323738,-0.6223799999999948,86754.03658084224
89848.6094066408,89674.60134977021,-0.6223799999999948,86782.6260723315
89380.40793416012,89660.2058585665,-2.646379999999995,86808.78195399385
89650.28701348322,89626.4347847614,-1.6343799999999948,86835.34044610152
89899.17634512587,89643.2904309231,-1.1283799999999948,86862.30284974973
89607.43109970758,89718.96481943892,-2.140379999999995,86888.75049324661
89509.70105158383,89672.10283213912,-1.1283799999999948,86915.46692043555
89835.024457537,89650.71886960948,0.3896200000000052,86943.20516372728
89560.03024006952,89634.91858306345,-2.646379999999995,86967.50238172064
89610.2404940552,89668.4317305539,-2.140379999999995,86992.39269900897
89711.00904616958,89627.09326009809,-2.140379999999995,87016.62072841986
89636.54571439653,89652.5984182071,0.3896200000000052,87043.36622911773
89690.78674935887,89679.44716997498,-3.658379999999995,87066.1052423263
89616.83119410831,89648.05455262122,-1.1283799999999948,87090.80763922926
89660.48446599368,89656.03413648694,1.4016200000000052,87117.84750800183
89835.73207588163,89704.34924532786,-0.6223799999999948,87143.09636917508
89570.16390263056,89688.79348150194,-2.646379999999995,87165.93342409834
89680.95521106168,89695.6170631913,-0.11637999999999482,87191.11504428925
89714.57473953979,89655.23128441068,-1.6343799999999948,87214.13817049046
89563.16048305406,89652.89681121851,-0.6223799999999948,87237.90960069773
89640.2105670783,89639.31526322405,-1.6343799999999948,87260.305621123
89684.20585264316,89629.19230092519,0.3896200000000052,87284.38021172103
89616.94375095727,89647.12005689292,-0.6223799999999948,87307.39145397276
89600.43354291865,89633.8610488397,1.4016200000000052,87332.04375372143
89646.67181978087,89621.34970455227,-1.1283799999999948,87353.81971702975
89680.71139177904,89642.6055848262,-0.6223799999999948,87376.09141950772
89607.15455358126,89644.84592171374,0.3896200000000052,87399.16468832978
89613.69414954532,89633.85336496856,-0.11637999999999482,87421.39635889616
89617.01125336003,89612.61998549553,0.3896200000000052,87443.69431896217
89738.1700635833,89656.29182216288,-2.140379999999995,87463.70131779418
89603.32832416898,89652.83654703743,-1.6343799999999948,87483.97463388662
89650.61573810117,89664.03804195115,-1.1283799999999948,87504.65817176728
89707.86797927122,89653.93734718046,-0.6223799999999948,87525.53480732141
89600.41008563287,89652.96460100176,0.3896200000000052,87547.19482905822
89681.21737002564,89663.16514497658,-1.6343799999999948,87566.7364960174
89705.07793026183,89662.23512864012,-2.140379999999995,87585.57250614364
89634.48933241903,89673.59487756883,-2.646379999999995,87603.8328136579
89674.47990349802,89671.34905539296,-0.11637999999999482,87624.39275987523
89553.30812762723,89620.75912118143,-1.1283799999999948,87643.2393272883
89684.52100419236,89637.43634510587,-1.1283799999999948,87662.06420126649
89720.97080770554,89652.93331317505,-2.140379999999995,87679.85391618557
89658.0042128463,89687.83200824806,-2.140379999999995,87697.8147209062
89512.74688958049,89630.5739700441,-0.6223799999999948,87716.52615719759
89674.38434355482,89615.04514866055,-1.1283799999999948,87734.39425091223
89643.66004518313,89610.2637594395,0.8956200000000052,87754.03960979749
89600.50389826915,89639.51609566905,-1.6343799999999948,87771.2763384562
89623.75833577893,89622.64075974375,-1.6343799999999948,87788.17194646907
89647.83233029919,89624.0315214491,-1.6343799999999948,87804.91250601887
89674.03986321564,89648.5435097646,-1.1283799999999948,87822.23171985634
89721.23315878937,89681.03511743473,-2.646379999999995,87838.19983763213
89580.46759275818,89658.58020492106,-0.6223799999999948,87855.78748510501
89657.40154758385,89653.03409971046,0.3896200000000052,87874.14567505107
89647.21157702892,89628.36023912365,-0.6223799999999948,87891.0716644918
89597.2858063831,89633.96631033196,-3.152379999999995,87905.3797547502
89798.62437102609,89681.04058481271,0.3896200000000052,87923.52208685083
89593.99854302057,89663.30290680994,-1.1283799999999948,87939.80279885043
89603.93355071559,89665.51882158744,-0.11637999999999482,87956.94474287781
89714.57473953979,89637.50227775867,-0.11637999999999482,87973.63510202662
89600.45699745296,89639.6550959028,-1.1283799999999948,87989.17820576539
89641.13899962447,89652.05691220576,-2.140379999999995,88003.6880166298
89690.55024061506,89644.04874589753,-2.140379999999995,88017.97264772249
89617.05624175856,89649.58182733273,-0.11637999999999482,88034.17352331858
89556.61712184064,89621.40786807146,-1.1283799999999948,88048.92877056611
89653.77504419682,89609.14946926537,-0.11637999999999482,88064.4157613531
89653.97845002486,89621.45687202079,-0.11637999999999482,88079.87095625978
89597.12034215246,89634.95794545807,-1.6343799999999948,88093.80378995175
89660.80352147763,89637.30077121833,0.3896200000000052,88109.62448356442
89573.524578099,89610.48281390972,-1.1283799999999948,88123.51597066788
89667.68313777958,89634.00374578545,0.3896200000000052,88139.00657221905
89701.35497606339,89647.52089731403,1.4016200000000052,88155.47931927002
89583.23963588793,89650.75924991032,-0.11637999999999482,88170.31690237642
89606.92380093662,89630.50613762933,-0.11637999999999482,88184.80357852894
89586.8945549864,89592.35266393698,-0.6223799999999948,88198.26291318302
89553.33435042725,89582.38423545011,-2.646379999999995,88209.48421020567
89623.71413139383,89587.98101226917,-3.152379999999995,88220.1483220263
89604.58327294029,89593.87725158715,-1.6343799999999948,88232.2675751219
89758.13829479394,89662.14523304271,0.3896200000000052,88246.95207550112
89629.48180076257,89664.06778949896,-0.6223799999999948,88260.50707644109
89474.33851936502,89620.65287164053,0.3896200000000052,88274.49425819308
89704.81833541815,89602.87955184861,0.3896200000000052,88288.16383492964
89728.58073741663,89635.91253073329,0.8956200000000052,88302.52798568767
89642.5435907814,89691.9808878721,-0.6223799999999948,88315.80635850952
89846.71126669404,89739.27853163071,2.919620000000005,88332.93150404074
89762.54937724594,89750.60141157382,-0.11637999999999482,88346.99298691607
89540.53827441411,89716.59963945141,-3.152379999999995,88357.56819724142
89653.38791422234,89652.15852196084,-1.1283799999999948,88369.39700428862
89587.49470559905,89593.8069647452,-0.11637999999999482,88381.52588769318
89467.09312286362,89569.32524756172,-2.140379999999995,88391.28490509186
89794.7194061873,89616.43574488338,0.3896200000000052,88403.92213728979
89670.75335666274,89644.18862857128,-1.6343799999999948,88414.7067660026
89490.85342186592,89652.10872823872,0.3896200000000052,88427.46650942495
89886.75012757747,89682.78563536877,-1.6343799999999948,88438.40166448438
89693.41833384169,89690.34062776173,0.3896200000000052,88451.30677791715
89425.76866858276,89668.6457100007,-0.11637999999999482,88463.36495103798
89745.23665438073,89621.47455226845,1.9076200000000052,88476.83459085028
89818.5083375521,89663.17122017192,-0.11637999999999482,88488.58274094349
89322.21901380218,89628.6546685784,0.8956200000000052,88500.87012401984
89723.19701509185,89621.30812214875,-0.6223799999999948,88511.45834780113
