-2230,1180,-1424
-1549,1208,-1128
-1640,1254,-1189
-1618,1226,-1203
-1657,1220,-1147
-1636,1218,-1190
-1585,1255,-1205
-1651,1245,-1223
-1635,1263,-1210
-1624,1248,-1168
-1296,1406,-774
-1557,1239,-1166
-1577,1249,-1180
-1641,1278,-1257
-1634,1245,-1158
-1662,1216,-1159
-1650,1287,-1129
-1653,1260,-1162
-1533,1226,-1262
-1671,1194,-1246
-1719,1213,-1171
-1940,1256,-1105
-1791,1531,-591
-2380,1447,-844
-2596,1569,-633
-2743,1633,-332
-2871,1603,-192
-2962,1843,113
-2899,1930,362
-2954,1925,606
-2858,1923,849
-2794,1971,1169
-2686,1875,1583
-2604,1885,1845
-2236,1987,2349
-2358,1902,2168
-2206,1932,2340
-2043,1960,2486
-2018,2014,2515
-1921,2044,2636
-1823,2039,2732
-1828,2045,2763
-1754,2116,2716
-1813,2151,2692
-1896,2159,2626
-1935,2141,2535
-1737,2310,2855
-2015,2156,2466
-2185,2151,2241
-2261,2136,2203
-2276,2107,2158
-2384,2090,1970
-2494,2058,1906
-2642,2069,1778
-2653,2010,1607
-2718,2030,1407
-2813,2000,1338
-2854,2028,1149
-2648,2149,1409
-2965,1997,931
-2987,1960,759
-3001,1934,666
-3033,1962,636
-2994,1930,590
-3054,1931,558
-3001,1911,624
-3000,1991,649
-2924,2014,814
-2959,2059,902
-2703,2206,1416
-2867,2068,1192
-2726,2031,1441
-2724,2088,1610
-2580,1995,1749
-2598,1860,1882
-2491,1815,1963
-2583,1715,2001
-2549,1612,2071
-2574,1533,2049
-2638,1457,2027
-2607,1422,2020
-2361,1449,2381
-2687,1255,2058
-2681,1128,1991
-2739,1060,2071
-2729,968,2003
-2769,871,2016
-2782,723,1965
-2834,657,1874
-2816,615,1787
-2850,467,1789
-2847,355,1680
-2911,263,1733
-2656,342,1990
-2825,111,1606
-2892,95,1611
-2824,24,1621
-2770,-68,1642
-2775,-99,1625
-2778,-112,1600
-2732,-108,1593
-2743,-132,1590
-2700,-128,1615
-2767,-198,1490
-2792,-207,1428
-2525,-147,1720
-2824,-324,1271
-2762,-318,1227
-2764,-391,1262
-2793,-324,1251
-2814,-323,1255
-2786,-281,1305
-2746,-389,1247
-2798,-241,1201
-2916,-150,1025
-2918,-133,887
-2974,-21,743
-2705,177,933
-3027,85,532
-3025,184,366
-3100,258,354
-3034,299,288
-3079,338,192
-3081,435,94
-3115,413,56
-3044,463,13
-3077,599,-200
-3107,642,-145
-3088,606,-66
-2866,610,409
-3062,458,11
-3080,464,47
-3149,491,-2
-3130,637,131
-3136,773,167
-3227,958,250
-3221,1084,412
-3164,1191,377
-3181,1352,326
-3115,1530,416
-3066,1685,301
-2737,1947,702
-2996,1877,385
-2919,1978,580
-2910,2031,681
-2878,2026,673
-2860,2027,758
-2881,1972,672
-2884,2011,735
-2884,2011,735
-2864,2054,801
-2842,2095,777
-2842,2125,760
-2810,2138,802
-2565,2224,1200
-2806,2059,986
-2823,2026,1024
-2800,2128,1035
-2685,2176,1028
-2639,2248,1058
-2673,2183,1162
-2782,2147,1095
-2738,2130,1092
-2722,2101,1111
-2723,2088,1166
-2691,2190,1246
-2375,2308,1674
-2566,2172,1460
-2630,2142,1472
-2582,2123,1609
-2539,1999,1771
-2452,1706,2105
-2378,1428,2349
-2330,1208,2542
-2282,1009,2666
-2208,838,2703
-2229,634,2764
-2212,380,3093
-1842,298,2715
-2178,113,2635
-2187,-148,2581
-2190,-279,2412
-2143,-515,2360
-2048,-592,2335
-2069,-753,2222
-2054,-814,2097
-1992,-809,2180
-2065,-697,2244
-2083,-411,2530
-1811,217,3093
-2123,698,2834
-2201,1388,2616
-2291,1825,2314
-2460,2164,1851
-2575,2217,1426
-2688,2275,1032
-2803,2170,535
-2903,1998,196
-2966,1741,-6
-2978,1485,-190
-3000,1239,-167
-2803,1095,268
-3084,661,50
-3065,434,124
-3080,270,159
-3044,401,19
-3104,683,-64
-3136,903,72
-3157,1016,216
-3165,1109,420
-3152,1138,712
-3112,1156,946
-3109,1125,1117
-2742,1223,1652
-3024,1005,1438
-2907,822,1566
-2873,673,1664
-2820,509,1758
-2729,214,1804
-2643,10,1916
-2622,-121,1787
-2595,-180,1762
-2595,-338,1672
-2577,-405,1586
-2603,-309,1682
-2384,142,2115
-2768,248,1771
-2869,489,1661
-3000,778,1501
-3038,943,1315
-3075,1057,1128
-3075,1086,975
-3149,1101,917
-3111,1148,821
-3129,1036,705
-3177,962,599
-3176,836,586
-2905,817,931
-3156,552,579
-3148,491,646
-3106,481,682
-3055,545,852
-3104,579,965
-3024,635,1283
-2967,601,1478
-2908,655,1572
-2922,813,1575
-2974,924,1505
-2928,896,1478
-2680,984,1725
-2943,843,1409
-3000,752,1434
-2979,640,1466
-2980,580,1438
-3027,501,1453
-2996,426,1370
-2937,351,1298
-3025,304,1141
-3041,261,1067
-3044,216,917
-3070,240,866
-2820,506,1106
-3117,427,738
-3130,499,733
-3148,575,830
-3139,583,927
-3089,665,965
-3076,659,1101
-3018,588,1251
-3035,613,1190
-3021,681,1202
-3076,628,1197
-3058,573,1257
-2758,654,1623
-3032,569,1282
-3067,785,1316
-3063,939,1270
-3100,1151,1226
-3062,1316,1092
-3126,1419,860
-3129,1442,574
-3190,1302,404
-3146,1030,185
-3121,645,59
-3080,252,181
-2682,65,379
-2886,-257,336
-2843,-337,496
-2877,-342,513
-2910,-68,151
-3068,365,69
-3141,840,13
-3129,1135,154
-3164,1380,317
-3092,1527,666
-3008,1659,900
-2587,1846,1587
-2587,1846,1587
-2875,1612,1524
-2824,1344,1822
-2721,1127,1909
-2702,923,2014
-2751,789,2056
-2594,568,2202
-2528,267,2217
-2463,102,2335
-2454,457,2423
-2478,1294,2307
-2451,2025,1878
-2267,2553,1661
-2447,2627,634
-2471,2506,-38
-2428,2111,-632
-2446,1554,-1025
-2495,924,-1104
-2407,232,-987
-2357,-380,-725
-2232,-900,-225
-2088,-1289,407
-1894,-1470,1141
-1687,-1399,1843
-1264,-996,2828
-1411,-716,2950
-1407,-728,2968
-1375,-864,2947
-1419,-1207,2547
-1579,-1457,2036
-1660,-1570,1484
-1775,-1562,888
-1847,-1410,332
-1870,-1201,-230
-2023,-767,-542
-2197,-487,-742
-1934,71,-619
-2187,365,-1146
-2080,649,-1309
-1920,856,-1414
-1910,588,-1422
-1833,-260,-1100
-1766,-944,-677
-1704,-1425,-54
-1666,-1606,802
-1724,-1437,1683
-1817,-1000,2269
-1915,-451,2692
-1595,357,3424
-1771,1139,3110
-1820,1754,2901
-1794,2293,2537
-1832,2725,2057
-1918,2942,1547
-1790,3179,1050
-1780,3165,818
-1810,3137,929
-1850,3096,1346
-1837,2905,1888
-1838,2619,2299
-1636,2344,3001
-1976,1838,2747
-2056,1385,2833
-2093,1022,2879
-2086,786,2891
-2091,391,2798
-2174,-33,2651
-2249,-483,2260
-2332,-820,1770
-2380,-1021,1161
-2378,-1028,632
-2320,-1038,238
-1956,-872,483
-2309,-1068,451
-2358,-993,1292
-2299,-533,2084
-2099,182,2711
-1802,837,3182
-1593,1497,3159
-1459,2311,2848
-1453,2952,1980
-1598,3213,1295
-1614,3236,721
-1879,3078,13
-1828,2875,-18
-2312,2390,-527
-2556,2070,-588
-2692,1857,-610
-2836,1634,-557
-2870,1371,-527
-2897,935,-569
-2785,820,-784
-2679,1032,-866
-2626,1392,-891
-2609,1923,-589
-2619,2430,121
-2287,2670,1144
-2456,2353,1536
-2203,2066,2298
-1833,1589,2951
-1455,915,3326
-1143,82,3488
-854,-712,3406
-537,-1296,3200
-210,-1741,2783
77,-2114,2330
384,-2283,1809
866,-2247,1889
551,-2381,1257
445,-2348,1027
387,-2293,794
98,-2219,601
-88,-2110,409
30,-2228,672
65,-2253,1330
85,-2200,2225
47,-1679,3041
-301,-989,3540
-479,-43,3833
-341,1016,4203
-726,1984,3410
-917,2664,2769
-1157,3157,1890
-1301,3360,904
-1361,3305,282
-1526,3053,-403
-1670,2484,-1025
-1875,1898,-1223
-2092,1431,-1347
-2374,829,-1161
-2551,410,-929
-2349,382,-354
-2736,244,-629
-2667,757,-874
-2518,1574,-926
-2335,2378,-573
-1925,2988,280
-1551,3191,1211
-1186,3038,2163
-820,2537,3094
-578,1842,3608
-282,838,4027
137,-375,4046
599,-1209,3958
590,-1975,2916
785,-2305,2239
1007,-2380,1677
880,-2357,1145
880,-2357,1145
819,-2173,588
687,-2012,173
456,-1756,-287
151,-1450,-680
-305,-914,-1090
-810,-546,-1269
-1209,-228,-1324
-1128,323,-1069
-1530,251,-1377
-1513,-390,-1138
-1245,-1022,-772
-995,-1645,-69
-763,-2028,857
-597,-2085,1801
-551,-1817,2500
-582,-1164,3207
-734,-92,3677
-970,1182,3579
-1356,2187,3007
-1426,3060,2189
-1890,3054,530
-2066,2684,-337
-2110,2066,-986
-2185,1201,-1245
-2174,359,-1200
-2079,-321,-985
-2040,-587,-838
-2172,-412,-924
-2222,-5,-1046
-2366,347,-1100
-2405,830,-1125
-2148,1439,-754
-2437,1805,-947
-2280,2450,-526
-2037,2976,125
-1680,3184,1169
-1321,3024,2155
-934,2618,2939
-517,1999,3552
-202,1324,4040
171,635,4236
466,-235,4131
737,-946,4047
1137,-1487,3945
898,-2151,2870
831,-2359,2085
794,-2430,1521
767,-2364,825
607,-2138,205
423,-1663,-477
247,-1251,-905
-34,-678,-1364
-441,-255,-1476
-478,-484,-1466
-356,-1283,-946
402,-1715,78
386,-2233,457
479,-2442,1145
548,-2371,1975
481,-2183,2635
533,-1675,3410
558,-989,3914
585,-117,4276
619,888,4372
680,1993,3995
606,2758,3394
753,3524,2791
290,3623,1486
195,3607,583
13,3192,-466
-98,2414,-1262
-130,1553,-1585
-66,419,-1613
129,-443,-1449
107,-963,-1153
-152,-823,-1202
-555,-230,-1466
-932,478,-1601
-873,1209,-1214
-1410,1763,-1434
-1735,2157,-1146
-2018,2294,-921
-2387,2141,-734
-2553,2164,-425
-2685,2267,-117
-2620,2332,133
-2469,2604,731
-2209,2701,1427
-1983,2537,2040
-1692,2246,2647
-1009,1949,3556
-910,1280,3690
-569,525,3921
-260,-132,3943
33,-734,3814
356,-1402,3493
622,-1933,2928
845,-2258,2345
1016,-2405,1956
1164,-2426,1615
1173,-2404,1299
1252,-2402,1628
1423,-2171,2677
1104,-1752,3470
1039,-640,4145
923,914,4312
627,2465,3612
116,3485,1997
-433,3524,473
-762,3100,-461
-1160,2370,-1213
-1474,1431,-1479
-1873,470,-1408
-2072,-339,-972
-1925,-514,-249
-2223,-520,-755
-2267,445,-1161
-2179,1594,-1153
-1893,2544,-696
-1537,3123,87
-1183,3389,892
-877,3381,1697
-532,3156,2471
-235,2620,3209
56,1948,3858
396,1033,4166
994,297,4669
1125,-792,4153
1347,-1617,3488
1621,-2103,2813
1970,-2285,2034
2075,-2229,1321
1989,-2073,840
1897,-2034,756
2040,-2174,1250
2320,-2106,2331
2596,-1608,3453
2523,-792,4099
2688,483,4719
2316,1560,4139
2036,2510,3468
1576,3170,2601
961,3506,1560
364,3457,422
-223,3048,-549
-590,2447,-1139
-1057,1701,-1480
-1057,1052,-1436
-1471,1052,-1436
-1683,515,-1394
-1871,13,-1130
-1592,-29,-711
-1793,-237,-1033
-1740,-216,-1107
-1718,-135,-1153
-1688,-148,-1081
-1698,-196,-1155
-1810,-208,-1107
-1743,-278,-1071
-1697,-477,-999
-1435,-693,-921
-1179,-1098,-718
-806,-1494,-321
-146,-1597,252
-258,-1956,335
-96,-2202,960
37,-2215,1707
262,-2002,2598
685,-1626,3406
1150,-1265,3772
1225,-1127,3864
1189,-1101,3863
1342,-965,4075
1520,-747,4208
1796,-22,4695
1672,495,4428
1897,1164,4324
1883,1875,3970
1939,2647,3348
1876,3083,2596
1672,3353,1774
1560,3329,835
1602,3110,288
1533,2808,-267
1269,2378,-806
1225,2166,-939
1602,2582,-309
1487,2934,-107
1684,3265,911
1983,3224,1949
2161,2890,2799
2349,2335,3550
2525,1355,4141
2703,193,4287
2622,-855,4035
2324,-1558,3546
2021,-2018,2930
1933,-2278,2320
2176,-2144,2395
1956,-2252,1745
1912,-2289,1543
1572,-2304,1169
1286,-2267,757
1071,-2136,526
1011,-2016,311
1278,-1933,44
1094,-1969,133
961,-2216,696
613,-2340,1524
659,-2226,2430
1635,-1520,3913
1860,-888,4106
2162,-234,4345
2399,384,4398
2603,1089,4249
2618,1826,3883
2616,2348,3416
2515,2862,2753
2232,3198,2082
2005,3274,1493
1897,3283,1087
1663,3294,768
1824,3356,805
1546,3069,3
1362,3011,-107
1453,2896,-218
1718,2584,-390
1568,2249,-844
1636,1737,-1033
1637,1184,-1251
1598,871,-1245
1475,884,-1333
1226,1447,-1315
481,2341,-1050
42,3288,211
-704,3413,938
-1163,3178,1763
-1143,2708,2465
-1075,2269,2974
-1098,1849,3252
-741,1390,3620
141,1007,4092
-146,1116,4007
489,1664,4043
768,2271,3830
1577,2668,3489
2378,2912,3547
2381,2802,2994
2472,2770,2991
2644,2713,2925
2834,2657,2880
2751,2612,2979
2866,2464,3137
2469,2248,3681
1765,1582,4185
1428,712,4410
1090,51,4409
1022,-729,4128
1154,-1071,4210
508,-1578,3385
-42,-1761,2956
-253,-1784,2819
-197,-2087,2245
-399,-2195,1719
-127,-2281,1478
19,-2243,938
27,-2127,443
133,-2031,117
366,-1908,-125
371,-1782,-306
547,-1498,-188
455,-1504,-632
626,-1471,-724
540,-1393,-784
281,-1313,-865
96,-1058,-1064
-107,-737,-1224
-292,-228,-1487
-524,575,-1707
-763,1192,-1671
-884,1775,-1498
-668,2479,-848
-666,2879,-795
-1177,3184,-224
-1362,3326,498
-1350,3315,1294
-1116,3115,2092
-1007,2987,2386
-927,2902,2625
-1009,3041,2260
-1387,3263,1349
-2069,2876,229
-2570,1804,-696
-1958,751,-675
-1804,-560,-920
-1030,-1472,-401
-432,-1971,260
-432,-1971,260
-148,-2198,726
-106,-2320,1462
119,-2281,2183
201,-1839,3005
344,-1273,3704
238,-413,4120
1147,216,4440
1867,914,4504
2302,1623,4684
2019,2152,3957
2028,2772,3372
2035,3117,2704
1985,3297,2001
2065,3342,1536
1921,3285,992
1722,3238,586
1448,3122,229
762,3127,-221
-88,2911,-717
-946,2398,-1177
-1331,1824,-974
-2124,921,-1250
-2109,93,-1062
-1799,-661,-723
-1573,-1293,-391
-1309,-1563,79
-1301,-1682,362
-1289,-1760,593
-1240,-1796,981
-972,-1953,1288
-433,-2171,1822
165,-2227,2143
821,-2172,2572
1019,-2271,2362
1565,-2295,2524
2167,-2175,2545
2797,-1998,2185
3099,-1833,1835
3477,-1447,1448
3803,-1121,1442
4015,-762,1634
4132,-554,1586
4207,-509,1707
3974,-850,1407
3964,-981,1679
3804,-1027,1353
4020,-749,1545
4180,-690,1869
4038,-900,1775
3992,-974,1648
4032,-767,1473
4179,-655,1617
4278,-519,1718
4311,-490,1932
4329,-491,2316
4280,-349,2796
4605,50,3347
4299,188,3192
4156,570,3429
3600,917,3918
3616,1231,3811
3638,1684,3458
3538,2150,3068
3377,2462,2547
3168,2700,2017
3043,2791,1561
2895,2758,1156
2537,2928,952
2652,3068,908
2122,2862,198
1839,2886,117
2086,2728,5
1976,2752,-44
2160,2509,-177
2078,2427,-293
2090,2119,-554
2369,1798,-599
2513,1370,-669
2638,857,-672
2590,486,-665
3524,253,300
3749,-314,637
3788,-354,702
3771,-512,709
3799,-603,810
3874,-697,1080
4119,-614,1376
4265,-449,1684
4385,-415,1995
4473,-356,2452
4400,-295,2673
4333,-281,2938
4571,-148,3242
4244,-121,3214
4257,54,3287
4239,209,3320
4247,334,3306
4202,391,3373
4221,414,3342
4268,474,3279
4297,501,3265
4230,531,3224
4292,542,3230
4591,672,3627
4291,532,3202
4350,610,3147
4369,564,3195
4331,602,3179
4343,622,3138
4334,615,3141
4402,710,3009
4357,897,2815
4397,1026,2501
4408,819,2469
4419,839,2261
4638,1032,2277
4382,884,1644
4247,871,1366
4107,914,1086
3926,945,711
3791,1052,595
3638,1221,410
3443,1358,212
3198,1433,-5
2775,1498,-427
2036,1354,-930
1341,1116,-1290
1123,950,-1116
313,457,-1606
208,178,-1559
347,0,-1535
323,-105,-1535
478,-381,-1285
659,-620,-1208
1072,-833,-931
1704,-1022,-583
2198,-816,-473
2546,-545,-416
2821,176,-403
3474,347,295
3526,101,203
3575,433,255
3678,863,344
3790,1111,628
4082,1202,1145
4062,1333,1417
4210,1079,1557
4210,1079,1557
4286,997,1746
4183,1176,1616
4191,1294,1699
4263,1094,1744
4544,1135,2134
4319,1022,1857
4411,781,2045
4513,546,2264
4461,302,2444
4494,196,2497
4468,365,2607
4440,38,2748
4466,-123,2667
4434,-4,2842
4553,111,2967
4391,160,3162
4516,377,3855
4035,556,3795
3624,942,3932
3340,1353,4003
3038,1737,3926
2804,2144,3758
2794,2211,3645
2908,2155,3624
2918,2218,3477
3005,2331,3287
2972,2535,2961
2869,2814,2325
3171,3002,1998
2768,2758,988
2673,2604,535
2528,2449,51
2151,2327,-318
1748,2271,-643
1177,2152,-1023
1094,1919,-1171
480,1800,-1377
-322,1891,-1422
-279,1206,-1582
-276,853,-1583
-24,1063,-1291
-115,965,-1593
-269,1273,-1568
-402,1558,-1517
-374,1886,-1449
-581,2241,-1215
-587,2453,-1082
-373,2987,-584
185,3591,760
1078,3403,2267
1842,2821,3302
2441,1905,4065
3317,1130,4599
3487,200,4138
3796,-239,3893
3898,-129,3728
4078,656,3615
4011,1422,3173
3950,1861,2423
3837,2042,1768
3631,2063,1113
3179,2037,369
2818,1941,-185
2817,2081,-90
2352,1849,-550
2224,1856,-635
2164,1815,-745
2002,1869,-782
1991,1855,-727
1951,1900,-737
1927,1870,-813
2133,2003,-631
2299,1838,-576
2651,1561,-402
2752,1570,-366
2994,1785,75
2697,1614,-336
2683,1615,-369
2649,1606,-449
2628,1631,-375
2639,1645,-421
2685,1657,-389
2742,1615,-325
2951,1501,-157
3049,1267,-195
3194,1104,-131
3202,970,-127
3488,964,204
3128,561,-338
2999,135,-345
3012,-277,-268
2899,-768,-139
2862,-1090,195
2615,-1455,266
2604,-1625,499
2587,-1877,893
2811,-1973,1392
2743,-2041,1652
2792,-2022,2017
2899,-1938,2813
2404,-1934,3119
2309,-1466,3751
2075,-882,4191
1755,-316,4418
1585,246,4574
1405,644,4559
1187,867,4500
1126,1091,4422
989,1425,4302
1260,2187,4047
1638,2770,3390
2116,3109,3473
2098,3070,2770
2206,3174,2485
2410,3165,2318
2485,3110,2263
2551,3102,2032
2666,3033,2013
2683,3007,1747
2674,3024,1539
2632,3007,1461
2690,2972,1235
2576,2959,1047
2784,3129,1281
2380,2974,731
2094,2889,256
2019,2787,-32
1866,2553,-391
1873,2368,-495
1840,2189,-653
1780,2064,-792
1699,1926,-855
1706,1472,-1041
1775,1023,-1150
1636,454,-1254
1925,-68,-806
1692,-896,-938
1801,-1606,-451
1954,-2185,186
1956,-2583,1097
1983,-2655,1713
2037,-2621,2343
2057,-2401,2949
1944,-2109,3460
1891,-1582,4008
1697,-1080,4218
1193,-382,4384
1193,-382,4384
860,632,4618
-32,902,4000
-558,1560,3447
-1085,1746,3086
-1341,2062,2604
-1549,2326,2058
-1783,2372,1622
-1970,2537,1133
-1959,2583,970
-1946,2621,989
-1974,2718,916
-1914,2812,492
-1538,2956,556
-1430,2896,-104
-1417,2810,-455
-1339,2671,-673
-1162,2619,-819
-928,2532,-1012
-504,2436,-1108
-7,2395,-1160
362,2392,-1175
532,2325,-1139
704,2238,-1147
1018,2131,-938
834,1374,-1491
1038,624,-1496
1378,124,-1321
1713,-527,-1080
1972,-1232,-620
2121,-1855,-12
2263,-2269,679
2422,-2449,1504
2488,-2415,2493
2199,-2075,3393
1826,-1350,4049
1689,-601,4661
1063,-245,4338
574,330,4285
22,964,4050
-356,1452,3755
-720,1789,3384
-976,2077,3136
-885,2155,3122
-950,2377,2948
-1025,2500,2785
-1019,2739,2524
-969,2937,2283
-664,3259,2229
-981,3248,1543
-1286,3199,1145
-1613,3047,441
-1909,2512,-485
-2094,1894,-956
-2058,1023,-1263
-1797,383,-1369
-1688,74,-1317
-1610,-307,-1165
-1458,-446,-1196
-1018,-697,-1210
-326,-609,-842
-492,-821,-1237
-405,-925,-1139
-355,-1297,-839
-264,-1594,-626
-90,-2093,197
214,-2370,1038
534,-2488,1571
1247,-2452,2187
1506,-2296,2841
1535,-1723,3611
1517,-1207,4040
1808,-510,4703
1624,-113,4459
1623,485,4477
1448,1306,4284
1080,2171,3916
908,2865,3329
1042,3268,2582
1124,3489,1901
1269,3491,1471
1303,3500,1212
1356,3460,1018
1560,3383,912
1919,3432,1019
1671,3242,441
1656,3234,473
1478,3160,164
1251,2978,-328
955,2987,-361
752,2872,-610
996,2471,-951
1676,1618,-1159
1956,999,-1031
2196,570,-990
2386,187,-802
2958,-61,-201
2972,-473,-239
3251,-773,136
3392,-923,383
3365,-827,447
3486,-810,510
3578,-598,448
3553,-659,517
3554,-813,596
3572,-1265,1067
3465,-1547,1310
3652,-1471,1630
4029,-1384,2498
3867,-1361,2640
3841,-1153,3205
3752,-794,3642
3602,-570,3843
3530,-197,4003
3288,142,4200
3024,503,4368
2724,1034,4329
2536,1440,4204
2529,1525,4179
2657,1572,4152
3133,1769,4380
3125,1645,3947
3364,1670,3705
3533,1799,3337
3591,2001,3150
3530,2217,2823
3458,2360,2561
3450,2400,2408
3241,2625,2203
3028,2786,1801
2761,2935,1325
2922,3015,1137
2506,2638,311
2538,2307,-166
2525,1850,-445
2635,1448,-599
2671,1050,-678
2873,535,-527
3058,-21,-372
3394,-662,249
3615,-1145,984
2926,-1460,532
2867,-1762,928
3423,-1647,1974
3381,-1688,2553
3381,-1688,2553
3485,-1128,3547
3370,-663,3918
3309,-606,4050
3455,-349,4042
3646,-315,3923
3640,-619,3819
3569,-707,3885
3420,-571,3973
3245,-358,4190
3171,-66,4310
3349,345,4655
3006,415,4246
3102,551,4265
2823,915,4343
2455,1505,4165
1961,2079,3956
1535,2943,3104
755,3523,1827
-749,3378,134
-809,2781,-826
-890,2556,-1033
-619,2335,-1213
-200,2158,-1023
-427,1839,-1453
-480,1852,-1480
-447,2018,-1385
-541,2163,-1384
-99,2135,-1363
-250,2496,-1058
-387,2672,-1024
-354,2750,-919
-551,2904,-779
-592,3034,-545
-647,3070,-458
-316,3161,-94
-765,2950,-406
-652,3006,-397
-679,2977,-459
-518,2932,-572
-428,2919,-647
-262,2905,-676
7,2616,-933
-48,2641,-958
-564,2534,-1067
-681,2217,-1273
-1161,2221,-1219
-947,2153,-938
-1459,1729,-1375
-1713,1592,-1339
-2325,1392,-1042
-2818,1299,-500
-3011,1393,23
-3039,1542,537
-2852,1599,1225
-2609,1578,1812
-2508,1522,2121
-2546,1457,1997
-2800,1434,1613
-2619,1564,1618
-3039,1449,782
-3029,1529,540
-3005,1629,150
-2846,1805,-312
-2604,1876,-678
-2288,1894,-876
-2341,1717,-973
-2602,1600,-606
-2940,1512,-125
-3047,1546,418
-3018,1606,791
-2558,1878,1498
-2710,1788,1551
-2685,1786,1530
-2796,1695,1414
-2957,1526,1143
-2994,1545,804
-3038,1711,473
-2947,1842,384
-2837,1963,581
-2891,1817,696
-2898,1623,974
-2965,1261,1070
-2702,1076,1569
-2919,924,1510
-2486,1240,2192
-1453,1731,3056
-368,2129,3509
672,2313,3792
1253,2450,3637
1656,2436,3642
1853,2486,3591
1669,2506,3609
1054,2529,3611
587,2483,3930
-487,2160,3409
-1131,1891,3210
-1609,1599,2951
-2089,1298,2646
-2484,921,2250
-2701,528,1765
-2928,246,1219
-3000,130,698
-2936,-1,380
-2947,27,246
-2975,143,359
-2755,371,1219
-2877,329,1492
-2520,375,2226
-1936,451,2888
-1430,513,3325
-762,635,3797
51,716,4147
744,745,4354
1178,820,4385
1375,864,4423
1100,1062,4386
649,1372,4251
539,1693,4370
-116,1893,3693
-612,2272,3225
-1049,2473,2909
-1531,2549,2422
-1892,2596,1939
-2043,2661,1643
-1944,2841,1337
-1904,2954,807
-1691,3018,923
-1538,3091,947
-1486,3163,712
-1122,3322,1025
-1474,3163,616
-1335,3165,302
-1273,3153,166
-1060,3156,-110
-960,3083,-310
-901,2906,-576
-633,2671,-941
-324,2624,-1082
149,2668,-1007
190,2389,-1181
496,2013,-1293
1061,1657,-1040
1124,1086,-1408
1436,726,-1355
1778,550,-1156
1778,550,-1156
1943,413,-1016
1948,487,-1051
1934,512,-1139
2036,538,-1058
1998,538,-1082
2025,538,-1053
2000,563,-1091
1997,551,-1115
2293,661,-742
1969,583,-1078
1987,557,-1110
1929,538,-1080
1963,559,-1122
2020,440,-1105
1945,405,-1151
1816,293,-1213
1757,212,-1189
1659,75,-1213
1667,-205,-1124
1582,-392,-1160
1566,-313,-851
1194,-586,-1157
1011,-717,-1227
772,-737,-1246
558,-745,-1292
408,-762,-1321
307,-728,-1345
90,-734,-1383
-124,-629,-1412
-291,-561,-1437
-397,-504,-1441
-434,-472,-1392
-302,-255,-1127
-680,-395,-1402
-775,-473,-1335
-798,-576,-1317
-906,-602,-1283
-889,-631,-1299
-965,-613,-1346
-895,-630,-1327
-924,-613,-1250
-926,-626,-1330
-911,-635,-1238
-907,-597,-1276
-676,-384,-989
-957,-524,-1290
-1059,-473,-1297
-1187,-395,-1337
-1210,-312,-1388
-1247,-153,-1448
-1281,-85,-1438
-1427,8,-1440
-1340,127,-1523
-1304,220,-1522
-1259,297,-1552
-1004,577,-1211
-1292,513,-1632
-1272,641,-1567
-1284,773,-1653
-1257,946,-1613
-1211,1027,-1623
-1126,1166,-1614
-1043,1316,-1614
-1024,1484,-1558
-814,1647,-1603
-580,1660,-1541
-360,1650,-1522
84,1865,-1207
-46,1760,-1527
56,1795,-1553
233,1860,-1505
337,1810,-1486
472,1746,-1440
728,1734,-1378
790,1706,-1389
838,1697,-1362
946,1636,-1331
1090,1563,-1296
1355,1469,-1230
1835,1493,-820
1739,1290,-1132
1853,1083,-1123
1939,864,-1102
1873,717,-1089
1676,715,-1256
1677,780,-1218
1911,715,-1113
2042,520,-982
2202,296,-935
2332,129,-816
2108,-34,-957
2330,206,-660
2083,123,-999
2128,134,-1004
2113,117,-1018
2115,115,-974
2131,121,-988
2184,203,-918
2295,439,-914
2225,942,-917
2227,1652,-757
2135,2255,-493
1980,2733,-102
2050,3409,1163
1890,3366,1839
2018,3078,2765
2071,2655,3439
2201,2000,3975
2466,1213,4349
2732,623,4427
2666,468,4478
2578,490,4465
2599,527,4429
2620,556,4422
2668,533,4484
3052,679,4815
2809,556,4438
2778,583,4401
2748,586,4434
2788,530,4413
2772,547,4461
2742,587,4467
2816,611,4451
2684,518,4414
2609,312,4447
2466,-95,4450
2449,-394,4450
2651,-292,4795
2439,-363,4480
2311,-367,4391
2289,-480,4419
2225,-532,4428
2053,-660,4366
1878,-753,4335
1698,-797,4315
1235,-856,4175
1203,-809,4248
1104,-751,4228
924,-744,4254
1420,-447,4719
1026,-475,4384
790,-546,4351
643,-493,4272
645,-333,4345
494,-234,4359
494,-234,4359
386,-234,4351
243,-153,4275
205,-40,4274
99,18,4230
70,167,4230
-7,261,4236
130,451,4565
-160,367,4212
-81,454,4224
-221,483,4213
-188,598,4242
-200,740,4207
-321,748,4127
-334,777,4143
-304,930,4152
-309,1016,4109
-322,1147,4069
-246,1382,4399
-177,1325,4068
-208,1456,4087
-202,1543,4013
-155,1621,4023
-174,1713,3946
-280,1658,3947
-53,1705,4001
282,1808,4122
600,1910,4118
915,1863,4196
1230,1785,4374
1744,1922,4639
1539,1627,4363
1799,1469,4504
2160,1330,4453
2346,1217,4482
2161,984,4574
2018,853,4592
1948,755,4618
1883,683,4549
2098,741,4585
2268,687,4534
2498,566,4553
2933,642,4881
2707,465,4569
2760,484,4468
2589,658,4511
2399,1062,4424
2384,1681,4130
2351,2189,3733
2383,2586,3396
2360,2814,3025
2391,2959,2852
2359,3019,2629
2426,3072,2490
2666,3213,2700
2362,3104,2360
2385,3100,2275
2417,3015,2397
2467,3040,2288
2426,3075,2383
2294,3090,2406
2144,3190,2362
1989,3193,2351
1967,3193,2377
1708,3314,2213
1512,3361,2312
1598,3471,2737
1159,3299,2509
1014,3322,2550
958,3350,2432
850,3349,2464
622,3356,2358
182,3436,2178
-106,3426,2161
-179,3378,2175
-480,3388,1974
-791,3368,1762
-863,3370,1718
-652,3520,1943
-1112,3367,1332
-1159,3381,1141
-1234,3330,996
-1379,3286,752
-1428,3238,403
-1383,3219,329
-1252,3325,258
-1160,3344,201
-958,3376,52
-989,3355,91
-938,3333,100
-746,3463,462
-952,3337,119
-908,3328,103
-922,3352,138
-875,3326,140
-933,3343,182
-902,3331,168
-832,3407,157
-727,3404,178
-731,3309,14
-852,3176,-242
-847,3193,-203
-299,3416,219
-378,3223,-211
-189,3192,-372
124,3208,-361
426,3221,-245
795,3157,-202
1107,3217,56
1349,3227,234
1482,3198,343
1698,3232,520
1779,3267,680
1800,3275,763
2168,3426,1221
1934,3252,976
1922,3285,1054
1959,3289,1201
1976,3305,1239
1986,3278,1449
1938,3325,1460
2039,3323,1705
2047,3259,1802
2029,3259,1914
2002,3231,2198
1861,3248,2567
1973,3381,2306
1572,3276,2362
1406,3279,2502
1257,3301,2502
998,3304,2591
743,3259,2513
574,3287,2514
414,3323,2471
297,3267,2443
-13,3296,2315
-240,3341,2204
-58,3474,2484
-342,3374,2110
-641,3362,1877
-883,3383,1608
-1006,3358,1334
-1021,3372,1183
-1004,3414,1089
-1140,3389,886
-1261,3318,945
-1282,3328,1006
-1282,3261,1000
-1380,3261,1000
-1344,3338,1055
-1076,3464,1424
-1361,3321,1057
-1373,3295,1032
-1352,3318,857
-1327,3301,707
-1378,3191,-35
-1308,2695,-812
-1411,1805,-1359
-1319,871,-1633
-1151,108,-1459
-1225,-510,-1232
-1131,-740,-1087
-760,-970,-474
-960,-1629,-186
-986,-1811,156
-963,-1939,552
-903,-2020,634
-997,-2017,905
-968,-1998,1054
-946,-2036,1082
-1007,-2013,1095
-1016,-2019,1134
-959,-2025,1191
-989,-2032,1237
-730,-1850,1581
-991,-2004,1229
-989,-2051,1254
-887,-2015,1300
-1099,-1976,1261
-1142,-1938,1349
-1126,-1926,1412
-1119,-1909,1498
-1012,-1955,1563
-933,-1962,1759
-847,-1979,1974
-741,-1969,2104
-316,-1818,2612
-363,-2009,2370
-121,-2068,2564
254,-2070,2754
433,-2064,2892
625,-2084,2851
826,-2081,2944
959,-2125,2939
1094,-2113,2967
1215,-2163,3001
1414,-2157,3062
1664,-2123,3069
2131,-1981,3387
1914,-2147,2928
2041,-2191,2909
2197,-2131,2795
2370,-2144,2760
2455,-2164,2663
2590,-2184,2361
2584,-2122,2250
2707,-2126,1988
2729,-2099,1768
2675,-2080,1460
2569,-2118,1379
2638,-1961,1547
2122,-2177,998
1959,-2108,776
2037,-2097,830
1933,-2133,761
1756,-2162,731
1587,-2169,582
1408,-2128,452
1404,-2108,463
1397,-2150,446
1409,-2106,453
1422,-2144,402
1659,-1988,777
1382,-2122,421
1432,-2073,375
1426,-2077,440
1344,-2177,487
1379,-2220,558
1238,-2169,461
1150,-2130,350
990,-2162,378
897,-2141,331
711,-2181,353
460,-2147,601
517,-2054,197
-16,-2118,305
-317,-2140,393
-422,-2127,539
-485,-2153,669
-635,-2114,736
-905,-2022,832
-1001,-2050,1012
-935,-2080,1129
-988,-2052,1277
-989,-1982,1583
-678,-1787,2082
-920,-1944,1959
-695,-1978,2137
-462,-2032,2304
-183,-2084,2461
89,-2034,2522
295,-2138,2562
493,-2142,2589
622,-2182,2670
805,-2190,2706
1016,-2163,2890
1153,-2040,3084
1425,-1880,3466
1256,-1999,3261
1203,-1998,3171
1284,-1994,3149
1252,-1982,3186
1232,-2009,3194
1203,-2027,3149
1231,-1964,3188
1238,-1951,3165
1344,-1928,3260
1510,-1830,3434
1835,-1826,3448
2235,-1779,3712
2187,-1928,3245
2356,-1981,3047
2494,-2047,2899
2568,-2016,2875
2776,-1971,2752
2873,-2002,2487
2820,-2028,2262
2900,-2026,2288
2896,-2032,2258
2800,-2078,2226
2726,-2112,2099
2976,-1959,2372
2830,-2088,1850
2807,-2089,1633
2819,-2118,1774
2818,-2095,1733
2848,-2080,1696
2889,-2062,1728
2819,-2101,1681
2791,-2085,1666
2824,-2077,1629
2814,-2104,1665
2814,-2104,1665
2604,-2243,1815
2465,-2183,2261
1735,-2419,1916
1137,-2460,1838
324,-2385,1578
-680,-2137,1155
-1469,-1724,808
-1820,-1405,360
-2088,-1117,44
-2691,-332,-87
-2688,-252,-61
-2725,-266,-139
-2736,-296,-97
-2388,-135,310
-2728,-275,-85
-2722,-290,-86
-2732,-257,-96
-2707,-270,-147
-2743,-285,-98
-2764,-222,-86
-2795,-64,-143
-2864,157,-273
-2883,259,-327
-2889,349,-322
-2949,521,-337
-2641,864,28
-2871,867,-272
-2976,1049,-240
-2954,1166,-136
-2922,1366,-44
-2891,1521,64
-2938,1656,141
-2889,1729,285
-2896,1763,432
-2844,1898,638
-2798,1919,813
-2782,1966,899
-2492,2045,1325
-2799,1916,959
-2857,1928,867
-2804,1975,923
-2812,1980,1128
-2764,1967,1178
-2694,1980,1308
-2728,1946,1385
-2716,1986,1311
-2673,1951,1396
-2632,1978,1420
-2606,2017,1720
-2399,1967,1370
-2583,1904,1551
-2576,1853,1687
-2571,1819,1733
-2598,1791,1800
-2515,1711,1959
-2433,1623,2014
-2432,1450,2144
-2474,1217,2206
-2486,1060,2238
-2481,842,2238
-2197,817,2572
-2560,494,2116
-2531,288,2089
-2437,55,2222
-2424,-189,2063
-2386,-447,2020
-2356,-610,1793
-2434,-683,1601
-2446,-814,1356
-2388,-1004,1088
-2376,-1008,788
-2452,-880,582
-2275,-606,609
-2601,-535,69
-2693,-232,-203
-2756,-66,-341
-2728,-58,-333
-2801,57,-319
-2790,223,-426
-2778,368,-395
-2856,409,-401
-2890,526,-399
-2919,660,-359
-2932,683,-353
-2599,824,8
-2878,688,-438
-2888,747,-418
-2851,804,-383
-2937,926,-403
-2926,1133,-407
-2823,1226,-413
-2946,1180,-397
-2939,1031,-448
-2936,794,-445
-2775,250,-558
-2476,-161,-717
-1665,-437,-553
-1267,-957,-930
-432,-1304,-869
409,-1507,-744
1301,-1359,-573
2239,-1127,-251
3037,-699,7
3468,134,174
3780,669,568
4000,1052,851
3962,1232,1033
3992,1224,1122
4378,1335,1585
4121,1246,1330
4016,1458,1287
3912,1619,1364
3892,1657,1366
3925,1676,1363
4023,1435,1400
3984,1263,1240
4024,1106,1149
3938,1075,901
3764,998,560
3587,958,403
3850,1041,679
3775,828,616
3941,775,776
4009,710,927
4092,649,1100
4258,587,1307
4279,604,1445
4266,575,1551
4337,546,1501
4466,421,1913
4499,205,2064
4431,17,2047
4679,-108,2306
4304,-558,1916
4128,-778,1600
4008,-911,1404
4003,-841,1418
3901,-790,1192
4082,-620,1220
3978,-304,939
4063,-27,936
4078,303,921
4106,575,992
4106,575,992
4132,961,1153
4442,1295,1837
4141,1287,1559
4162,1340,1527
4179,1347,1562
4196,1341,1670
4241,1435,1780
4217,1478,1993
4274,1397,2283
4304,1212,2356
4228,1383,2273
4197,1437,2570
4204,1359,3304
4577,1010,3042
4377,696,3185
4246,353,3391
4253,188,3246
4414,23,3187
4304,-142,3108
4307,-390,2851
4286,-645,2692
4301,-740,2458
4327,-660,2192
4328,-459,1968
4530,-269,1803
3989,27,777
3658,361,321
3149,137,-238
2289,-429,-744
1495,-977,-820
-148,-981,-1105
-1646,-873,-681
-2374,-717,95
-2399,-756,159
-2303,-671,-333
-2051,-550,-774
-1123,-456,-745
-724,-680,-1219
-512,-847,-1179
-1415,-649,-1023
-2010,-612,-671
-2745,-381,456
-2652,-136,1687
-2462,149,2198
-2526,462,2088
-2868,464,1088
-2754,272,-144
-1904,247,-1129
-1869,747,-704
-2943,1318,464
-2146,1806,2425
-868,2532,2986
-1373,2892,2113
-2860,1581,330
-2500,66,-487
-1891,-1125,97
-711,-2044,1284
110,-2079,2405
-27,-1639,3203
19,-615,3957
439,1136,4543
-983,2066,3250
-2814,1077,1374
-2390,-619,-2
-1315,-1388,-166
-770,-1990,799
-199,-2172,2019
365,-2100,2624
-343,-2046,2090
-703,-2002,1324
-382,-2166,1597
-77,-2045,2430
500,-1395,3660
403,-1170,3753
126,-1400,3457
20,-1971,2613
84,-2210,1937
248,-2308,1610
228,-2334,1495
387,-2311,1994
380,-2055,2676
-28,-1993,2481
-723,-2041,1237
-559,-2100,1263
530,-1852,3044
443,-1801,3123
-445,-2074,1826
-912,-1909,614
-676,-2030,717
75,-2176,2133
583,-1752,3301
517,-1407,3579
-635,-1788,2335
-1387,-1626,474
-1381,-1384,-82
-1357,-1682,935
-142,-1530,3241
368,-963,3881
141,-546,3923
-1565,-719,2666
-2313,-860,616
-2156,-434,-697
-2293,150,-898
-2945,393,387
-2167,468,2605
-790,1044,3736
-696,1632,3477
-2352,1578,2054
-2612,1222,-42
-2150,446,-1213
-2354,324,-958
-2843,572,-410
-3034,1260,361
-2701,2066,1002
-2303,2507,421
-2294,2528,25
-2293,2043,-650
-2664,1574,-578
-2936,1452,802
-2441,1706,2079
-2439,1770,1117
-2957,1565,611
-2991,1304,-47
-3071,1150,116
-3016,680,150
-2698,2136,920
-1042,3110,1891
-810,3224,1765
-2463,2418,988
-3019,337,389
-1969,-1356,955
-1730,-1191,1073
-2917,140,412
-2777,2067,403
-1484,3164,974
265,3364,2061
922,3400,2033
881,3525,1297
1177,3296,486
2318,2894,531
3475,2153,1102
4170,1024,1448
4005,-589,1166
2733,-1908,1533
725,-2356,1220
725,-2356,1220
196,-2268,1198
1182,-2190,644
2854,-1423,435
4089,592,1026
3021,2822,2325
1905,3190,2641
3046,2810,2142
4331,794,1696
3512,-1579,1595
1940,-2276,1143
1522,-1897,614
2335,-890,-480
3105,922,-319
2598,2885,662
1381,3472,957
2347,2566,-9
3546,308,108
2801,-1400,244
1010,-1679,-306
-346,-1260,-734
-685,-968,-990
-826,-805,-1109
-393,-128,-1143
-865,-172,-1429
-724,147,-1568
-237,-388,-1457
-102,-1004,-1098
-319,-1327,-773
-1504,-1238,-297
-2113,-1100,434
-2121,-1171,1185
-1705,-1515,1327
-1615,-1600,902
-992,-1349,-652
1036,-563,-836
1905,575,-1094
2265,1953,-568
1589,2942,-78
321,3578,700
-444,3558,940
180,3626,1017
1129,3570,1555
2409,3071,2408
4161,1263,3042
4238,-535,2997
2862,-2032,2353
1137,-2157,1274
-1074,-1688,220
-1737,-1152,-158
-1724,-459,-935
-1074,345,-1622
148,1713,-1527
1034,1545,-1394
1600,596,-1209
2243,-398,-707
3242,-1180,627
3829,-1377,2579
3845,-197,3792
3171,1622,4447
1601,2399,3774
1386,2951,3202
1377,3146,2878
1862,3107,2836
3543,2208,2898
4422,521,2931
4295,164,3204
4067,1556,2945
2237,2888,3072
804,3129,2952
941,2862,3301
1148,3084,3526
213,3356,2403
-199,3587,1162
974,3453,472
2986,2593,746
3437,531,-4
1542,-1436,-443
-1084,-1693,-21
-2488,-757,848
-2890,556,1527
-2682,1326,1906
-2150,1806,2697
-963,2301,3107
-712,2024,3446
-736,1998,3457
-638,2299,3303
-248,2609,3242
270,2854,3190
409,3095,2951
-203,3118,2666
-1147,2697,2669
-1154,2391,2975
-653,2752,2960
512,3143,3390
1195,2882,3299
1453,3025,3030
753,3158,2839
-472,3008,2673
-376,3067,2715
920,3388,2388
2210,3157,2100
3102,2703,1883
3462,2391,2033
3354,2476,1578
3173,1823,165
3327,-91,100
1826,-1904,366
118,-2321,1243
-1261,-1611,2049
-2031,-506,2417
-2372,133,2182
-2460,382,2203
-2661,535,1920
-2852,702,1356
-3039,905,768
-3074,1122,460
-3041,1050,-41
-2590,1046,-116
-2721,647,-688
-2436,357,-824
-2393,211,-926
-2115,285,-1109
-1881,546,-1341
-1690,619,-1433
-1347,547,-1460
-1216,554,-1490
-1041,660,-1538
-1014,700,-1507
-1290,817,-1470
-1314,897,-974
-1596,805,-1334
-1328,1092,-1441
-1661,1277,-1261
-1639,1308,-1240
-1623,1271,-1184
-1625,1264,-1254
-1599,1282,-1229
-1586,1285,-1256
-1619,1310,-1242
-1592,1291,-1235
-1585,1310,-1261
-1357,1448,-931
-1686,1295,-1212
