-2282,446,-1335
-1519,473,-972
-1519,499,-1026
-1558,453,-1020
-1570,474,-983
-1538,455,-1013
-1549,454,-1016
-1612,460,-1026
-1584,461,-1012
-1563,483,-1073
-1498,450,-1052
-1452,446,-1039
-1594,380,-1001
-2048,330,-742
-2543,339,-179
-2745,273,328
-2849,357,1045
-2680,549,1896
-2093,673,2907
-1397,677,3472
-643,408,3962
193,388,4311
1195,418,4674
1904,523,4652
2363,244,4694
1987,217,4636
974,429,4566
323,458,4380
-341,682,4128
-929,786,3829
-1658,882,3202
-2292,806,2588
-2679,640,1827
-2937,544,975
-2931,492,304
-2901,478,-178
-2689,439,-496
-2449,414,-758
-2306,442,-994
-2142,576,-1114
-1992,879,-1226
-1917,1358,-1243
-2016,1726,-1007
-2144,2638,-70
-1608,3136,1248
-645,3252,2165
732,3442,2237
1831,3315,2061
1777,3356,1217
1074,3363,487
237,3507,457
-637,3446,553
-760,3521,956
-999,3257,2016
-1086,2540,2977
-1174,1621,3420
-1592,586,3294
-2328,-212,2331
-2887,-164,901
-3004,714,-94
-2702,1861,-258
-1755,2995,61
-227,3587,826
1315,3527,1412
2105,3250,1757
2033,3260,1214
1420,3414,900
671,3598,873
17,3639,1259
-536,3475,1815
-982,2742,2820
-1482,1541,3301
-2141,364,2801
-2734,-376,1434
-2931,467,-204
-2617,1926,-401
-1669,3042,-17
-66,3575,646
1074,3497,788
1681,3334,927
1399,3348,587
692,3471,402
-252,3564,655
-1004,3393,1367
-1701,2570,2415
-2100,1191,2845
-2419,208,2470
-2637,-544,1525
-2767,-543,685
-2857,-52,55
-2863,820,-447
-2513,1578,-742
-2020,2159,-857
-1654,2530,-713
-1023,2925,-562
-1257,3281,586
-2101,2784,1191
-2140,2460,1852
-1928,2825,1486
-1905,2801,1608
-1657,2587,2300
-1666,1410,3152
-2253,-252,2304
-2995,187,326
-2632,1994,-258
-1583,3067,294
-558,3479,587
-1124,3357,1023
-1787,2692,1953
-2193,1234,2566
-2835,362,1566
-3081,1357,380
-2694,2188,260
-2597,2190,1278
-2864,1227,1480
-2977,1583,849
-2682,2175,1031
-2573,1626,2027
-2881,985,1606
-2886,1838,574
-2376,2613,762
-2331,2307,1749
-2509,1210,2259
-2766,421,1732
-2988,514,1079
-2918,356,1477
-2702,175,1840
-2708,662,2018
-2941,1116,1332
-3015,898,1084
-3071,840,1090
-3015,676,1233
-2938,685,1403
-2839,776,1676
-2588,344,2231
-2279,-201,2424
-2158,-446,2377
-2124,-593,2371
-2012,-697,2378
-1922,-563,2651
-1970,-444,2609
-2511,-338,1798
-2703,-219,1478
-2794,-103,1516
-2671,-46,1873
-2911,179,1296
-3021,363,840
-3023,525,423
-3006,751,889
-2970,1191,1159
-3081,1315,787
-3050,923,650
-3050,923,650
-3027,548,126
-2952,344,-65
-2887,514,-233
-2839,727,-455
-2679,955,-501
-2696,1008,-726
-2698,630,-647
-2221,481,-1056
-1755,-188,-1022
-882,-912,-902
185,-1441,-678
1144,-1830,-46
1857,-2135,698
2669,-2018,1006
3024,-1801,1036
3611,-1248,1053
4273,-336,1391
4508,209,1739
4512,758,1963
4396,1212,1958
4293,1489,2551
4176,1658,2546
4102,1818,2753
4057,1728,2893
4180,1502,2991
4339,1109,3043
4455,728,3048
4489,277,3133
4405,-22,3164
4331,-567,3020
4125,-1042,2916
3793,-1536,2511
3201,-1975,2039
2809,-2142,1680
2276,-2273,1316
1413,-2266,728
675,-2117,383
280,-1900,-19
521,-1446,-638
933,-376,-1179
1510,250,-1119
1828,805,-1028
2074,1343,-846
2396,1607,-566
2728,1870,-166
3369,1586,294
3740,1417,641
3963,1255,839
4289,862,1311
4582,374,2043
4611,139,2689
4624,159,2840
4636,90,2587
4574,-139,2612
4370,-514,2047
4304,-959,2532
4012,-1103,3290
3864,-734,3805
3989,-380,3863
4097,-28,3923
4194,-86,3705
4421,90,3337
4572,90,2475
4492,68,1718
4329,345,1264
4219,931,1105
4249,1091,1228
4230,1069,1209
4168,1030,1102
3839,1424,745
3331,2176,702
3249,2533,1094
3850,2108,1709
4034,1894,2311
4251,1503,2792
4382,870,3028
4476,221,3129
4449,-138,3080
4349,-528,3167
4258,-662,3382
4341,-758,3089
4457,-676,2688
4390,-666,1835
4297,-428,1337
4152,273,860
4024,779,715
4006,993,700
3828,1228,539
3350,1750,341
3456,1854,447
3466,1964,563
3397,2170,740
3248,2499,1193
3396,2592,1562
3112,2804,1788
2760,2963,2472
2830,2721,3211
2697,2908,2787
2828,2928,2555
3240,2641,2676
3598,2345,2701
3667,2269,2533
3616,2341,2636
3706,2292,2576
3872,2094,2649
3747,2189,2716
3943,2018,2680
4063,1844,2523
4242,1611,2133
4410,986,1707
4457,-60,1536
3847,-1133,1269
4013,-749,952
4281,-173,1154
4498,612,1415
4403,935,1435
4329,944,1277
4233,1301,1298
4116,1379,1064
4243,764,1027
4556,-47,1903
4444,-666,2964
3642,-718,4010
3020,126,4517
2328,1208,4495
2510,1723,4261
2518,2408,3727
2349,2990,2838
2240,3226,2019
1951,3275,944
1823,2489,-341
2259,1450,-686
2940,1036,-336
2702,871,-547
2511,383,-650
2404,-341,-523
2525,-778,-284
3018,-1456,662
3119,-1592,955
3347,-1725,1638
3565,-1706,2165
3385,-1803,2827
3336,-1518,3565
3116,-513,4353
2713,916,4543
1639,2684,3581
925,3382,2410
891,3579,1625
1259,3405,862
1509,3129,188
1427,2673,-454
1334,1908,-953
1503,1193,-1096
1503,1193,-1096
1461,699,-1189
1426,406,-1116
1253,456,-1184
934,557,-1288
883,599,-1312
1410,59,-1117
1776,-453,-845
1659,-571,-856
968,-878,-907
659,-1055,-763
524,-1334,-584
506,-1608,-377
619,-1866,-20
684,-2088,493
448,-2247,815
425,-2314,1038
664,-2397,1433
1048,-2472,1869
1399,-2347,2474
1730,-2253,2837
2522,-1991,3058
3463,-1405,3478
3637,-922,3677
3453,111,4381
3124,1102,4364
2620,2296,3750
2161,2473,3846
2406,2500,3693
2790,2509,3386
2923,2778,2595
2791,2954,1687
2840,2517,619
3162,1825,229
3102,969,-260
3268,288,-65
3104,-38,-105
3349,-737,376
3655,-1065,954
3743,-1403,1664
3630,-1667,2466
3299,-1721,3127
3087,-1445,3722
2555,-834,4398
2221,-91,4623
1962,459,4654
1941,1009,4571
1857,1205,4528
1940,2040,4176
1336,3122,3066
664,3569,1926
660,3549,856
934,3215,83
890,2996,-320
1286,2483,-656
1223,1602,-1128
612,665,-1381
-268,-155,-1224
-881,-708,-971
-614,-1305,-520
-464,-1984,438
-265,-2306,1302
124,-2377,1692
595,-2314,2599
876,-1861,3597
1237,-1051,4304
1858,-411,4635
1490,-70,4559
1101,491,4573
848,1211,4461
666,1683,4237
158,2036,3922
-558,2379,3480
-981,2602,2991
-757,2859,2810
-803,3226,2172
-879,3377,1200
-1061,3132,1
-1092,1750,-1246
-475,409,-1416
-186,-334,-1167
360,-1079,-771
968,-1856,-43
557,-2414,1163
517,-2412,1723
704,-2417,2280
903,-1883,3480
1086,-1004,4258
2077,361,4637
3699,1807,3404
2914,2618,3033
2150,3254,1926
1838,3250,690
2344,2576,41
2481,2596,216
2416,2428,-4
2121,2500,-131
2100,1810,-626
1879,1377,-846
1525,239,-1088
944,-854,-873
618,-1773,-106
644,-2146,591
732,-2401,1266
899,-2446,1799
1045,-2415,2325
1176,-2353,2725
1635,-1953,3532
2680,-681,4467
3445,848,4274
3615,2194,3051
3343,2664,2165
2847,2942,1861
2063,3288,1390
1056,3358,501
219,2900,-605
113,1704,-1320
1550,52,-1046
2417,-627,-497
1770,-1181,-470
1253,-1637,-291
1277,-1870,116
1239,-2205,592
778,-2427,1231
868,-2404,2415
1291,-2080,3280
1722,-1580,3971
1934,-828,4488
1924,1048,4563
1748,2904,3185
1688,3362,2106
1674,3357,1464
1457,3348,787
749,3150,-9
-67,2689,-736
-928,1667,-1292
-788,392,-1378
-716,-474,-1080
-1184,-986,-655
-1219,-1410,-43
-1218,-1562,220
-1315,-1618,415
-1820,-1362,587
-1898,-1260,745
-1731,-1486,1318
-1118,-1835,1784
-451,-1520,3125
346,-245,4314
1456,1377,4455
2153,2280,3991
2153,2280,3991
1638,3120,2988
493,3546,1890
169,3587,785
-173,3385,179
-992,3040,-256
-1288,2610,-683
-1395,2077,-1076
-1295,1797,-1167
-626,1333,-1495
717,135,-1324
183,-20,-1373
191,-319,-1247
266,-747,-1047
825,-1532,-410
982,-2326,781
513,-2434,1770
269,-2273,2330
402,-2215,2768
821,-2161,2973
1062,-2074,3237
1130,-2066,3331
1444,-2074,3297
1552,-1911,3583
1449,-1534,3976
1051,-1099,4163
1055,-382,4447
812,693,4481
597,1830,4141
389,2266,3844
152,2361,3638
1,2542,3357
-313,2648,3196
-439,2644,3173
-630,2719,2982
-1095,2860,2434
-1240,3005,1908
-1684,3039,975
-1748,2487,-533
-1248,1646,-1290
-757,539,-1424
-282,20,-1394
-257,-36,-1334
-92,-204,-1287
310,-592,-1065
-38,-522,-1132
-657,-394,-1184
-80,-1592,-140
-125,-2180,1983
-85,-1319,3564
672,-1105,3985
939,-984,4148
1673,-952,4283
1671,-902,4330
1218,-396,4465
1009,768,4528
763,1619,4243
845,2616,3726
938,3409,2522
702,3584,1123
1048,3035,-142
1810,1738,-824
1883,201,-940
2076,-1351,-114
2810,-1847,1144
2938,-2001,1390
3495,-1755,1801
3774,-1629,2305
2417,-2325,2483
2062,-2312,2841
953,-2068,3360
-1671,-404,2977
-1696,-428,2990
-312,-928,3739
2007,-746,4440
1887,-1011,4319
1866,-1009,4315
1868,-1013,4271
1775,-1181,4221
1847,-1201,4238
1801,-1087,4241
1878,-1121,4299
1834,-1146,4253
1687,-993,4396
1407,-583,4482
1290,-588,4450
142,-1193,3768
-382,-1330,3407
-316,-1474,3305
-703,-2000,2057
-858,-1749,173
-1091,-570,-980
-1604,413,-1235
-1414,623,-1291
-1224,408,-1299
-990,222,-1343
-1267,193,-1295
-1556,-71,-972
-1947,-1253,642
-2296,-637,2099
-2503,657,2326
-2650,1290,1925
-2753,1350,1708
-2782,1283,1751
-2767,1400,1656
-2671,2114,1032
-2196,2735,1037
-1684,3088,472
-1455,2934,-172
-1554,2729,-451
-1760,2508,-577
-1823,2398,-630
-2108,1166,-1031
-2293,-104,-623
-2454,-571,255
-2294,-950,664
-2080,-1154,1401
-1771,-1117,2199
-1445,-535,3159
-468,343,3979
-28,849,4182
-371,1168,4001
-355,1582,3909
-451,2486,3254
-1017,2954,2577
-1105,3235,1862
-1348,3285,1104
-1818,3025,1008
-1725,3093,794
-2080,2773,356
-2540,1083,-694
-2494,-290,-140
-2296,-1034,744
-2074,-1085,1765
-1886,-570,2607
-2017,3,2775
-2312,910,2582
-2624,1219,1948
-2880,1191,1622
-3043,1000,983
-3006,1277,940
-2695,2054,1225
-2420,2445,1351
-2461,2394,1025
-2869,1826,578
-3002,1483,314
-2958,751,-90
-2813,215,-164
-2700,-169,-67
-2458,-647,62
-2434,-841,649
-2348,-914,1463
-1925,-1078,2177
-1925,-1078,2177
-1815,-953,2428
-2139,-354,2434
-1780,409,3118
-1083,987,3599
-1074,1293,3572
-1678,2006,2760
-2255,2391,1713
-2551,2300,309
-2594,1969,-279
-2117,1465,-917
-2011,1003,-1106
-2144,190,-888
-1907,-565,-691
-1482,-1154,-336
-1464,-1254,-211
-1753,-1298,213
-2188,-1137,735
-2143,-1192,974
-1879,-1288,1717
-1690,-1250,2163
-1305,-762,3212
-996,-197,3676
-459,658,4034
157,976,4280
252,1531,4132
6,1877,3939
-101,2204,3719
-257,2535,3443
-440,2902,2925
-363,3142,2639
-110,3311,2459
402,3472,2258
773,3546,1898
707,3659,1475
463,3611,973
35,3430,166
149,3103,-418
480,2623,-811
662,2244,-1019
833,1945,-1170
705,1567,-1309
825,1151,-1415
1006,614,-1337
1237,90,-1206
1716,-393,-891
2051,-534,-679
1836,-563,-753
2225,-698,-515
2183,-918,-352
1961,-1267,-283
1567,-1589,-75
1350,-1871,109
1145,-2135,528
1131,-2327,972
681,-2382,1966
271,-2003,2956
-253,-1395,3440
-811,-563,3593
-1477,117,3278
-2025,774,2846
-2319,1341,2440
-2120,1729,2496
-1556,2264,2737
-1035,2675,2784
-631,2942,2674
-250,3110,2635
111,3218,2638
312,3251,2654
555,3204,2798
703,3220,2674
368,3359,2331
109,3508,1711
-13,3573,1158
189,3511,624
101,3237,-42
-646,2622,-862
-885,1889,-1290
-820,991,-1511
-444,-142,-1390
-129,-1134,-853
-158,-1788,-195
-227,-2073,531
-909,-1820,413
-1472,-1675,907
-2277,-853,1288
-2760,-45,1182
-2952,731,1005
-2908,1544,716
-2683,2164,705
-2462,2480,783
-2521,2466,581
-2317,2481,52
-1866,2737,-219
-1707,3004,259
-1504,3197,652
-1652,3061,353
-1961,2727,8
-2389,2159,-270
-2183,1418,-946
-1338,1114,-1345
-1132,980,-1349
-1351,835,-1374
-1664,208,-1146
-1826,-404,-776
-1937,-804,-304
-2229,-271,-507
-2314,472,-839
-2610,592,-410
-2909,754,135
-2916,570,111
-2656,448,-286
-2775,294,-96
-2896,425,196
-2935,531,397
-2995,566,311
-2917,663,-27
-2916,931,-57
-2786,1118,-323
-2845,1035,-277
-2918,842,0
-2862,725,-180
-2870,672,-214
-2874,503,-176
-2885,427,-112
-2858,315,-66
-2781,256,-63
-2740,68,-77
-2664,-126,-58
-2735,-229,222
-2641,-418,440
-2530,-625,409
-2384,-794,409
-2431,-749,507
-2552,-574,479
-2587,-519,471
-2651,-471,660
-2689,-423,890
-2744,-260,1021
-2817,-119,1169
-2888,314,1289
-2980,539,1131
-2908,848,1326
-2913,1261,1311
-2919,1523,1047
-2800,1842,943
-2611,2210,546
-2540,2296,347
-2493,2349,404
-2556,2261,471
-2507,2368,365
-2507,2368,365
-2473,2356,171
-2586,2011,-116
-2653,1404,-453
-2724,806,-346
-2785,370,-196
-2646,112,-65
-2656,-188,-20
-2585,-307,6
-2535,-404,-47
-2419,-534,-95
-2366,-631,102
-2326,-716,85
-2318,-779,289
-2359,-764,471
-2386,-753,448
-2378,-745,396
-2350,-720,245
-2329,-773,242
-2081,-979,191
-2080,-1106,382
-2230,-1041,585
-2156,-1112,853
-2151,-1134,1015
-2176,-1105,1154
-2156,-999,1254
-2082,-1025,1298
-2201,-940,1299
-2339,-749,1178
-2498,-542,984
-2563,-429,970
-2602,-320,880
-2683,-230,691
-2698,-78,565
-2712,38,298
-2731,83,177
-2681,192,16
-2588,224,-154
-2552,259,-302
-2424,261,-491
-2311,269,-605
-2305,154,-574
-2083,125,-674
-1848,4,-840
-1587,-48,-975
-1366,-197,-1000
-1217,-302,-1000
-936,-436,-1057
-890,-308,-1123
-521,-539,-1038
-494,-815,-922
-242,-1212,-637
-44,-1406,-412
-93,-1541,-249
-59,-1710,-47
-267,-1839,256
-414,-1878,436
-525,-1922,639
-568,-1960,611
-693,-1919,771
-675,-1987,918
-823,-1886,1013
-1098,-1851,1007
-1168,-1813,1054
-1435,-1627,944
-1484,-1612,1059
-1501,-1618,1159
-1540,-1565,1093
-1716,-1465,1338
-2030,-1128,1212
-2249,-903,885
-2415,-744,790
-2571,-427,636
-2766,-87,533
-2786,91,397
-2871,123,242
-2795,-1,172
-2778,-45,29
-2617,-436,64
-2221,-874,30
-2043,-1141,255
-1870,-1328,461
-1710,-1546,868
-1505,-1712,1275
-1157,-1851,1671
-876,-1917,2123
-759,-1871,2369
-554,-1805,2723
-426,-1734,3031
-290,-1526,3405
-367,-1167,3627
-430,-760,3873
-303,-304,4119
-471,-36,4040
-564,131,3997
-712,291,4006
-851,589,3921
-1174,1334,3538
-1521,1719,3234
-1744,1890,2874
-1868,2380,2449
-1834,2717,2008
-1614,2897,1941
-1328,3213,1755
-823,3370,1591
-634,3514,1302
-574,3543,864
-810,3374,376
-999,3244,148
-945,3115,-196
-1038,2941,-407
-1241,2731,-541
-1372,2573,-700
-1403,2604,-699
-1393,2663,-588
-1466,2609,-559
-1576,2548,-585
-1710,2570,-540
-1689,2618,-526
-1691,2712,-340
-1732,2802,-270
-1747,2744,-250
-1838,2689,-313
-1903,2707,-238
-1996,2606,-185
-1877,2565,-338
-1894,2521,-457
-1830,2515,-503
-1653,2481,-703
-1581,2462,-695
-1613,2513,-650
-1469,2525,-655
-1281,2558,-764
-1075,2377,-995
-862,2192,-1125
-833,2181,-1118
-807,2045,-1230
-923,1983,-1266
-421,2046,-1291
-152,1880,-1390
-138,1507,-1422
-51,1309,-1448
90,1152,-1476
210,973,-1497
57,950,-1535
-243,655,-1565
-299,538,-1521
281,662,-1488
494,673,-1472
377,707,-1454
377,707,-1454
636,677,-1358
368,671,-1435
-300,692,-1560
-606,709,-1515
-1063,622,-1478
-1348,441,-1366
-1515,451,-1307
-1452,482,-1304
-1398,667,-1312
-1215,872,-1372
-1349,1339,-1307
-1526,1870,-1096
-1739,2162,-832
-2010,2182,-625
-1997,2051,-774
-1662,1810,-1034
-1396,1892,-1137
-1677,2212,-793
-1586,2555,-508
-1767,2631,-335
-1812,2647,-297
-1544,2911,37
-1504,3106,255
-1522,3181,884
-1483,3165,1290
-1512,3043,1708
-1400,2931,2187
-1086,2831,2589
-1189,2470,2999
-1233,2125,3208
-1338,1818,3298
-1369,1615,3323
-1139,1781,3434
-641,2510,3171
-102,3116,2831
576,3477,2161
956,3577,1111
979,3227,84
979,2510,-811
866,1604,-1317
506,657,-1468
153,57,-1452
-251,-427,-1273
-568,-924,-964
-387,-993,-965
-170,-1446,-566
214,-1947,49
733,-2258,754
1517,-2394,1382
1623,-2463,1903
1439,-2399,2535
906,-2085,3105
696,-1934,3237
1170,-2081,3176
1582,-2224,2972
1829,-2153,3108
2247,-1971,3242
2460,-1931,3351
2775,-1847,3285
3425,-1411,3524
3825,-92,4091
3880,1630,3444
2882,2915,2134
1999,3238,893
907,3188,-85
-624,3221,-228
-2117,2719,182
-2869,1763,754
-2881,790,1541
-2638,126,1994
-2302,-603,2000
-2531,-679,1365
-2129,-1170,1242
-1292,-1797,602
-247,-1839,-104
343,-1248,-840
275,-430,-1191
105,347,-1502
492,790,-1480
988,1192,-1289
1553,1422,-1029
2172,1326,-779
2703,1095,-473
3336,709,-20
3979,-211,807
4100,-897,1639
3616,-1669,2399
2736,-2136,2639
1478,-2386,2510
737,-2416,2061
500,-2344,991
8,-2011,248
-787,-1596,-182
-1137,-1582,36
-1119,-1733,173
-1067,-1911,918
-580,-2137,1800
570,-2193,2921
2010,-1961,3490
3268,-1271,3777
3803,-757,3816
4107,-249,3744
4176,128,3756
4287,660,3568
4334,1099,3129
4359,1411,2391
4338,1201,1607
4033,643,747
3747,-159,500
3668,-972,975
3655,-1107,1161
3419,-1516,1178
3158,-1956,1931
2840,-2054,2981
2620,-1693,3717
1988,-1795,3678
1672,-1461,4101
1600,-1098,4308
1615,-227,4589
1677,247,4685
1414,864,4614
1617,1456,4460
1632,1394,4534
1417,1300,4518
1796,1699,4345
2008,2512,3749
2433,2729,3261
3231,2566,2752
3543,2492,2223
3470,2527,1877
3022,2851,1522
2734,2953,1090
2824,2799,974
2990,2651,958
3202,2520,1060
3221,2592,1188
3249,2464,1134
3279,2370,1004
3470,2147,1000
3606,2023,1037
3687,1939,1119
3660,1998,1017
3252,1796,395
2757,1481,-338
2959,1236,-223
2941,881,-258
2941,881,-258
3033,636,-232
3442,621,139
3830,868,587
4059,1014,932
4152,945,1111
4406,423,1482
4474,260,1626
4499,-96,1847
4562,-203,2214
4598,-218,2416
4625,-237,2513
4608,-87,2703
4584,-175,2555
4693,333,2459
4547,1032,2788
3963,1961,2729
3320,2628,2182
3082,2731,1347
2808,2701,765
2814,2384,319
2283,2318,-228
1356,2324,-753
962,1688,-1180
362,1179,-1437
94,912,-1444
-51,532,-1492
-260,-7,-1374
-61,-359,-1278
292,-251,-1268
2167,-769,-333
4074,-1023,1854
4485,-95,3214
4517,545,3214
4343,1068,3383
4231,1340,3180
4260,1543,2861
4018,2012,2570
3540,2487,2245
2939,2976,1785
2025,3331,1400
956,3502,859
-167,3516,983
-562,3441,1719
-1024,3207,1813
-1613,3019,1525
-2245,2598,1151
-2666,2064,1232
-2970,1500,1191
-2918,966,1556
-2633,436,2068
-2773,316,1762
-2838,485,1735
-2773,621,1924
-2465,855,2452
-1919,1306,2929
-1657,1671,3145
-1631,1834,2971
-1748,1929,2819
-1809,2049,2648
-2076,2063,2334
-2284,2097,2031
-2612,1914,1614
-2930,1573,745
-2983,1324,489
-3054,1133,567
-3115,979,940
-3030,936,1245
-2964,817,1526
-2904,722,1637
-2862,635,1528
-2956,721,1442
-3020,797,1269
-3035,848,1007
-3075,721,453
-3055,1128,385
-2965,1578,1011
-2914,1710,744
-2909,1714,238
-2740,1610,-351
-2548,1623,-689
-2181,1576,-986
-1593,1440,-1368
-1071,1489,-1529
-853,1543,-1539
-913,1506,-1505
-1375,1501,-1418
-1777,1424,-1255
-1987,1302,-1214
-1916,1253,-1287
-1757,1248,-1271
-1271,1373,-1390
-540,1414,-1529
-159,1276,-1530
-99,1329,-1525
-234,1371,-1475
-402,1159,-1517
-816,814,-1511
-1055,953,-1479
-1397,1061,-1339
-1734,1108,-1251
-1835,1080,-1194
-2098,1040,-1044
-2367,1071,-892
-2625,1191,-628
-2795,1086,-338
-2926,994,-68
-3001,893,353
-3056,817,637
-3025,724,954
-2991,719,1365
-2794,680,1832
-2552,691,2310
-2166,821,2776
-1672,811,3263
-1046,833,3697
-511,806,4051
-29,854,4204
547,823,4361
843,785,4522
790,767,4504
753,782,4517
1077,756,4555
1488,775,4615
2072,747,4571
2713,744,4436
3431,781,4170
4041,774,3683
4293,786,3268
4380,756,3241
4273,798,3351
4063,836,3676
3820,944,3929
3689,983,4022
3687,946,3971
3910,919,3849
4029,935,3744
3963,909,3815
3797,833,3969
3864,882,3862
4247,712,3358
4550,534,2512
4438,490,1927
4442,566,1851
4359,778,1771
4390,797,1706
4329,766,1544
4329,766,1544
4165,714,1119
4022,749,879
3682,923,487
3340,1008,77
3041,1115,-255
2639,1078,-535
2187,1099,-759
1881,1108,-1005
1434,1117,-1128
944,1103,-1258
549,1060,-1454
4,1106,-1411
-407,1103,-1443
-788,1064,-1467
-1421,1056,-1319
-1833,1023,-1146
-1989,1100,-1076
-2324,877,-876
-2650,664,-518
-2857,454,-36
-2966,305,655
-2983,413,1176
-2760,515,1918
-2246,611,2640
-1660,947,3320
-1122,1383,3578
-884,1428,3655
-534,1447,3882
-206,1458,4061
372,1446,4237
870,1367,4364
1331,1407,4469
1647,1423,4421
2041,1359,4449
2338,1263,4451
2635,1138,4463
3091,1024,4386
3476,991,4186
3752,1130,3911
4112,1013,3537
4366,824,3189
4486,792,2777
4474,709,2553
4452,683,2347
4464,726,2164
4403,848,1719
4216,746,1201
3804,917,510
3018,1276,-124
2545,1622,-408
2018,1829,-674
969,2048,-1098
1115,1979,-968
1165,2038,-914
818,1864,-1176
335,1572,-1360
-342,1141,-1513
-855,619,-1479
-1255,527,-1363
-1635,798,-1152
-1892,916,-1174
-2077,1200,-1040
-2365,1434,-718
-2607,1410,-420
-2889,1409,-12
-2984,1361,524
-2991,1311,890
-2861,1458,1240
-2773,1552,1594
-2601,1565,1868
-2294,1702,2323
-1818,1750,2880
-1631,1807,2996
-1382,1797,3209
-1023,1809,3482
-661,1823,3694
-254,1779,3893
197,1822,4055
759,1801,4249
1100,1781,4292
1685,1745,4299
2352,1767,4218
3145,1694,3963
3715,1710,3486
4051,1594,3039
4199,1606,2525
4211,1599,2005
4116,1465,1571
3905,1455,1079
3628,1431,633
3401,1381,237
3182,1284,-8
2701,1191,-335
2205,1022,-798
1640,893,-1096
936,710,-1343
159,1014,-1502
-740,1552,-1413
-1318,1695,-1291
-1638,1805,-1064
-1787,1720,-1030
-2169,1544,-946
-2451,1387,-720
-2699,1613,-232
-2901,1665,418
-2889,1554,1122
-2648,1395,1783
-2093,1291,2617
-1711,1174,3159
-1545,1256,3200
-1712,1113,3158
-1728,1036,3146
-1472,1279,3273
-1031,1633,3569
-465,1579,3889
345,1357,4250
1081,1250,4461
1565,1154,4501
2038,1149,4486
2420,1219,4426
2787,1290,4268
3378,1110,4059
3746,804,3940
4040,958,3600
4227,1133,3166
4274,1463,2579
3882,2009,1843
3929,1830,1596
3817,1775,1195
3544,1813,623
2999,1522,-176
2175,1165,-766
1459,816,-1176
905,699,-1311
373,801,-1440
-361,958,-1516
-990,1010,-1496
-1178,1140,-1451
-1766,1041,-1289
-2126,824,-1041
-2454,662,-795
-2681,585,-430
-2792,175,-257
-2902,177,352
-2993,256,868
-3002,469,1171
-3002,469,1171
-2935,521,1422
-2888,460,1449
-2733,242,1773
-2140,123,2800
-1439,99,3362
-842,194,3803
-180,328,4134
688,391,4437
1603,404,4533
2407,548,4521
3149,535,4343
3848,538,3914
4199,520,3469
4448,608,2925
4516,737,2316
4406,833,1930
4204,1095,1383
3945,1261,962
3565,1362,372
2903,1134,-314
2372,465,-755
1661,148,-999
1316,234,-1157
816,488,-1283
331,978,-1412
-148,1484,-1384
-908,2083,-1125
-1528,2293,-803
-1875,2415,-519
-2130,2182,-549
-2475,1638,-556
-2699,1704,-305
-2790,1786,-25
-2739,2111,533
-2513,2362,1222
-2063,2545,1820
-2506,2119,1712
-2614,1799,1791
-2411,1924,2200
-2006,2039,2613
-1364,2271,3031
-330,2474,3491
915,2219,4011
1800,1759,4368
2240,811,4572
2118,-174,4484
1615,-1050,4221
983,-1520,3777
131,-1608,3357
-728,-1505,2891
-1266,-1457,2347
-1362,-1567,2164
-1497,-1425,2244
-2257,-403,2297
-2853,746,1582
-2912,1665,1101
-2273,2593,1278
-1422,3058,1878
-966,3224,2080
-647,3347,1978
-826,3380,1684
-1095,3332,1434
-1388,3246,1256
-1465,3241,1152
-1641,3129,964
-1817,3012,622
-2235,2635,218
-2463,2542,360
-2561,2329,209
-2646,2210,233
-2743,2127,228
-2714,2045,80
-2842,1819,-3
-2826,1802,-57
-2914,1645,9
-3010,1376,146
-3108,1262,456
-3024,1467,905
-2779,1695,1386
-2619,2091,1513
-2133,2666,1581
-1240,3335,1408
-497,3519,1255
840,3426,629
1883,2883,264
2243,2345,-179
2339,1855,-438
2345,1377,-714
1843,837,-1070
1205,147,-1343
598,-230,-1312
423,-233,-1338
394,-157,-1395
642,-237,-1243
681,-178,-1233
1365,4,-1118
2156,247,-843
2163,320,-830
1803,235,-1016
1244,202,-1271
1155,161,-1254
797,410,-1355
859,789,-1349
966,1000,-1334
712,1014,-1415
527,708,-1455
181,390,-1479
-120,512,-1548
1357,176,-1234
1512,-530,-956
1702,-1194,-422
1832,-1535,-166
1953,-1566,-26
2214,-1561,87
2235,-1578,154
2462,-1436,118
2845,-1159,146
3181,-815,275
3806,-303,722
4281,-61,1499
4418,-137,1870
4546,41,2431
4366,253,3266
4000,485,3715
3489,1067,3981
2985,1654,4072
1655,2201,4014
137,2725,3357
-1298,2988,2040
-1750,3107,897
-1823,2990,304
-1775,2916,84
-1742,3010,208
-1900,2972,555
-1927,2936,962
-1615,3021,1476
-1410,3077,1758
-1486,3051,1756
-1674,3009,1512
-1683,2981,1469
-1851,2925,1350
-1940,2876,1319
-2063,2843,905
-2177,2772,570
-2257,2605,166
-2257,2605,166
-2315,2251,-372
-2289,1720,-769
-2547,1483,-642
-2558,1181,-664
-2704,1066,-515
-2792,1352,-285
-2735,1185,-288
-2627,1071,-606
-2262,1316,-936
-2177,1271,-1025
-1902,1248,-1138
-1819,1263,-1114
-1844,1450,-1137
-1851,1108,-1183
-1749,998,-1195
-1607,1027,-1256
-1437,1208,-1318
-954,1301,-1463
-862,375,-1462
-1351,-446,-1033
-1186,-931,-774
-1036,-1299,-475
-557,-1960,369
43,-2324,1127
208,-2259,778
508,-2198,537
1050,-2085,335
1531,-1913,309
2649,-1631,613
3821,-1011,1204
4332,-246,1406
4525,380,1715
4437,1177,2217
3864,2163,2281
3214,2724,2104
3008,2879,1941
2750,2980,1649
2339,3108,1295
1959,3214,794
1588,3173,428
1058,3164,104
920,3218,87
413,3299,151
-243,3263,-55
-1119,2782,-625
-1233,1784,-1291
-387,1073,-1538
1434,429,-1165
2749,250,-363
2514,156,-506
2154,242,-785
934,634,-1350
-75,444,-1472
-616,564,-1510
-654,942,-1461
-1283,830,-1384
-1178,38,-1283
-1141,-692,-1020
-1436,-558,-932
-1334,-338,-1099
-1481,-184,-1140
-1340,-409,-1078
-1440,-555,-975
-1563,-545,-860
-1610,-428,-851
-1516,-298,-988
-1334,-218,-1154
-1148,28,-1239
-857,199,-1353
-751,190,-1350
-990,363,-1276
-1001,400,-1408
-1135,683,-1420
-1013,765,-1428
-1232,976,-1432
-1407,1129,-1379
-1063,1231,-1402
-862,1337,-1440
-666,1215,-1596
-1188,1048,-1466
-1768,1104,-1261
-1709,597,-1326
-1982,399,-1133
-1868,386,-1197
-1681,298,-1329
-1182,-25,-1389
-541,-561,-1223
-263,-892,-1043
-154,-589,-1172
570,-667,-1061
1634,-1045,-560
2069,-793,-560
2163,-309,-752
2083,231,-952
2102,551,-921
2418,660,-703
2443,666,-754
2432,646,-737
2440,696,-713
2420,653,-792
2435,666,-723
2664,771,-574
2428,1202,-669
1346,1651,-1033
178,2396,-1047
-238,2466,-1052
-503,2296,-1174
-617,1878,-1320
-1016,1589,-1360
-1485,1330,-1348
-1654,957,-1305
-1722,629,-1349
-1682,328,-1262
-1632,350,-1319
-1738,345,-1212
-1548,392,-1378
-1628,542,-1382
-1732,773,-1367
-1434,1094,-1439
-1186,1535,-1421
-913,1934,-1362
-668,2106,-1345
-514,2229,-1253
-416,2313,-1181
-305,2328,-1125
8,2276,-1197
155,2198,-1232
459,2047,-1218
805,1959,-1175
990,1816,-1163
1178,1692,-1136
1275,1661,-1084
1327,1630,-1095
1464,1529,-1076
1566,1330,-1048
1721,1168,-1042
1903,995,-932
1913,830,-936
1946,693,-989
1966,627,-1007
2027,478,-880
1999,315,-910
1894,128,-916
1797,-35,-910
1673,-168,-940
1673,-168,-940
1601,-273,-909
1434,-396,-933
1337,-570,-804
1383,-827,-743
1477,-856,-702
1480,-843,-774
1450,-819,-716
1475,-835,-729
1546,-848,-691
1467,-831,-691
1505,-823,-686
1552,-847,-774
1428,-729,-902
1308,-777,-876
844,-776,-973
360,-815,-1044
12,-740,-1112
-306,-599,-1143
-492,-476,-1166
-621,-386,-1281
-833,-332,-1285
-1020,-117,-1320
-1311,117,-1308
-1345,236,-1305
-1419,416,-1401
-1302,537,-1425
-1391,707,-1388
-1382,870,-1419
-1332,933,-1387
-1329,1128,-1313
-1251,1430,-1418
-1160,1709,-1343
-1078,1870,-1316
-882,2037,-1262
-886,1966,-1306
-923,2057,-1302
-1073,2088,-1249
-1017,2060,-1210
-1003,2033,-1255
-994,2040,-1284
-973,2052,-1286
-941,2053,-1285
-616,2252,-1213
-279,3066,-499
-50,3614,908
299,3157,3010
808,536,4514
917,-266,4453
409,-693,4202
-157,-758,4015
-103,-693,3965
-178,-717,3957
-216,-736,3912
-215,-733,4001
-238,-744,3942
-77,-778,4034
98,-879,4023
387,-1127,3953
785,-1291,3972
1195,-1345,4025
1565,-1157,4162
1737,-883,4341
2039,-779,4480
2444,-628,4477
2367,-313,4466
2522,-24,4528
2733,257,4492
2871,448,4463
2913,647,4424
2788,929,4462
2607,1144,4442
2363,1286,4433
2092,1508,4426
1933,1626,4395
1880,1721,4328
2079,1841,4235
2062,1869,4222
1992,1861,4195
2056,1876,4246
2062,1878,4208
2048,1835,4209
1957,1808,4218
1939,1822,4225
1607,1971,4174
1406,2165,4049
1159,2227,4028
864,2146,3974
681,2143,4027
515,2110,3954
374,2045,3943
170,2010,3990
-125,1954,3810
-380,1874,3826
-590,1754,3818
-695,1530,3813
-899,1413,3742
-949,1410,3720
-944,929,3823
-1012,546,3860
-879,555,3909
-907,396,3895
-720,-38,3990
-654,-76,4003
-568,-323,3986
-587,-433,3874
-691,-463,3831
-707,-441,3843
-690,-450,3804
-692,-432,3790
-688,-442,3798
-663,-427,3827
-642,-450,3880
-617,-492,3809
-540,-602,3821
-194,-795,3934
145,-1076,3893
620,-1136,4068
977,-1084,4163
1283,-974,4251
1415,-1041,4214
1707,-973,4319
2015,-762,4392
2396,-619,4450
2638,-398,4466
2846,-136,4479
2904,99,4479
2870,206,4537
2777,233,4522
2805,518,4517
2937,532,4500
2935,524,4469
3041,505,4477
3046,509,4462
2948,470,4507
3087,210,4467
3375,-716,4117
3232,-1792,2991
2279,-2306,1672
1441,-2147,545
1279,-2005,252
1273,-1990,252
1221,-1955,228
1264,-2000,265
1313,-1992,278
1313,-1992,278
1205,-1944,197
1344,-1981,316
1263,-1961,295
1329,-1981,306
1546,-2023,444
1776,-2069,629
2039,-2023,699
2140,-2123,881
2264,-2090,996
2569,-2049,1289
2651,-2145,1731
2844,-2106,2104
2876,-2092,2226
2961,-2104,2436
3163,-1973,2623
3202,-1955,2689
3206,-1923,2676
3193,-1912,2730
3114,-1928,2761
3079,-1955,2757
2946,-1983,2856
2797,-1953,3146
2432,-2039,3294
2002,-2107,3329
1495,-2088,3290
1018,-2107,3214
746,-2148,3020
348,-2168,2826
49,-2219,2379
-189,-2213,2072
-459,-2188,1756
-545,-2192,1649
-530,-2202,1387
-451,-2182,1158
-565,-2185,1030
-584,-2101,840
-415,-2124,700
-326,-2132,602
-188,-2107,480
-129,-2072,449
-196,-2086,437
-446,-2075,572
-757,-1990,609
-830,-2039,707
-804,-2034,831
-860,-2057,881
-901,-2024,945
-978,-2003,1089
-988,-2006,1275
-993,-2023,1436
-968,-2009,1638
-851,-2035,1826
-821,-2006,2002
-716,-2018,2156
-615,-2022,2413
-366,-2001,2673
-138,-1966,2920
58,-1956,2927
175,-2096,2864
405,-2118,2958
581,-2131,3007
854,-2193,3008
1164,-2209,3074
1427,-2201,3032
1780,-2306,2879
1974,-2298,2797
2083,-2327,2718
2181,-2323,2513
2250,-2336,2334
2259,-2321,2205
2189,-2354,1940
2172,-2306,1603
2270,-2286,1516
2280,-2260,1422
2021,-2235,983
1684,-2183,710
1623,-2129,614
1492,-2079,486
1195,-2018,326
751,-2029,172
343,-1999,116
-87,-1961,124
-332,-1939,112
-570,-1859,175
-844,-1865,303
-1061,-1836,431
-1147,-1815,462
-1149,-1880,764
-947,-2017,944
-888,-2011,945
-815,-2089,1244
-863,-2078,1388
-896,-2111,1366
-847,-2073,1325
-870,-2124,1393
-855,-2103,1374
-860,-2078,1343
-710,-2116,1742
-564,-2050,2302
-321,-1726,3154
466,-742,4198
499,125,4433
393,941,4383
221,1901,3953
228,2441,3637
42,2856,3086
-774,3328,1661
-713,3411,1471
-399,3484,1656
-491,3490,1674
-951,3364,1468
-1098,3277,1403
-1209,3278,1386
-1349,3188,1460
-1305,3210,1517
-1281,3279,1375
-1282,3224,1556
-1169,3246,1710
-1028,3216,1887
-822,3199,2138
-668,3212,2282
-480,3206,2398
-348,3208,2525
-259,3165,2600
-184,3186,2565
-64,3217,2582
49,3214,2639
182,3232,2662
375,3208,2746
526,3209,2789
571,3175,2822
640,3201,2855
779,3151,2917
866,3128,2931
997,3169,2891
1129,3176,2895
1314,3155,3005
1534,3103,3031
1763,3116,2959
1984,3115,2866
2062,3108,2745
2131,3103,2780
2181,3159,2545
2181,3159,2545
2225,3188,2272
2312,3242,2028
2355,3204,1942
2407,3180,1781
2355,3213,1659
2313,3193,1542
2316,3177,1337
2150,3227,1175
1985,3254,996
1971,3242,975
1787,3254,777
1590,3276,533
1360,3284,336
1065,3267,290
776,3308,205
512,3287,114
368,3316,155
192,3319,162
-116,3323,39
-413,3282,5
-608,3286,3
-733,3302,236
-898,3347,426
-1066,3268,502
-1149,3300,532
-1160,3303,702
-1254,3269,988
-1251,3260,1205
-1262,3233,1426
-1201,3196,1542
-1219,3220,1503
-1385,3157,1444
-1275,3221,1547
-1353,3199,1487
-1379,3183,1512
-1300,3215,1464
-1319,3220,1459
-1295,3234,1466
-1316,3182,1438
-1354,3238,1221
-1566,3153,391
-1685,2867,-118
-1802,2621,-472
-1786,2477,-602
-1898,2287,-619
-1849,2441,-560
-1834,2548,-402
-2103,2488,-305
-2366,2166,-260
-2655,1693,-320
-2727,1509,-235
-2841,1327,-85
-2860,1189,-81
-2893,967,-78
-2949,638,141
-2991,409,740
-2879,191,1048
-2749,-166,1304
-2699,-520,1218
-2688,-386,1307
-2608,-442,1332
-2612,-613,1263
-2503,-743,1024
-2466,-774,820
-2396,-895,842
-2126,-1208,938
-1555,-1650,699
-1541,-1630,534
-1765,-1464,516
-1819,-1378,454
-1916,-1277,315
-1893,-1170,172
-2028,-1012,31
-2187,-794,-74
-2313,-499,-271
-2368,-347,-384
-2434,-142,-526
-2633,163,-461
-2612,470,-448
-2677,712,-449
-2782,969,-437
-2806,1227,-371
-2808,1431,-270
-2852,1560,-86
-2861,1570,83
-2849,1645,273
-2918,1625,376
-2864,1694,583
-2892,1699,753
-2836,1727,942
-2820,1745,1043
-2798,1762,1302
-2725,1716,1542
-2633,1655,1741
-2606,1612,1847
-2570,1616,1807
-2640,1638,1729
-2616,1701,1831
-2572,1681,1884
-2534,1763,1921
-2582,1736,1799
-2620,1712,1711
-2626,1741,1791
-2545,1766,1888
-2518,1620,1959
-2413,1571,2208
-2297,1446,2454
-2332,1333,2452
-2363,1251,2414
-2393,1099,2436
-2413,962,2407
-2425,793,2394
-2518,630,2273
-2542,435,2209
-2601,250,2073
-2636,47,1957
-2589,-129,1869
-2417,-366,2081
-2290,-515,2114
-2357,-649,1883
-2368,-667,1755
-2364,-779,1685
-2402,-794,1566
-2478,-776,1290
-2538,-710,1041
-2550,-713,885
-2620,-640,729
-2716,-419,666
-2674,-435,449
-2689,-462,301
-2668,-464,247
-2735,-369,233
-2690,-261,-30
-2610,-177,-94
-2705,-19,-233
-2763,203,-220
-2752,309,-203
-2835,450,-185
-2902,653,-42
-2921,829,67
-3012,816,193
-2959,630,328
-2929,291,273
-2722,-253,263
-2722,-253,263
-2314,-958,583
-1614,-1605,1049
-1135,-1893,1216
-845,-2050,1152
198,-2348,1217
1021,-2299,771
1738,-2044,543
2467,-1682,401
3095,-1602,905
3667,-964,906
4016,-28,749
3886,852,576
4004,990,787
4062,855,782
4005,675,760
4052,476,691
4025,443,743
4050,310,771
3999,159,727
3936,-28,715
3963,-205,818
4009,-351,906
4043,-451,1033
4032,-574,1150
4143,-573,1349
4194,-530,1480
4258,-528,1605
4300,-547,1719
4373,-486,1841
4427,-419,1972
4331,-543,2040
4379,-661,2161
4322,-709,2062
4319,-796,2118
4306,-845,2190
4270,-830,2217
4242,-870,2233
4252,-837,2195
4272,-909,2197
4362,-843,2300
4397,-726,2511
4400,-576,2961
4329,-564,3262
4272,-492,3402
4270,-332,3646
4220,-198,3707
4193,-30,3739
4180,122,3838
4105,340,3798
4081,533,3832
4048,610,3931
4065,768,3857
4015,928,3890
3963,1014,3833
3902,1148,3883
3846,1241,3845
3841,1296,3790
3867,1237,3836
3891,1151,3841
3801,1345,3788
3737,1631,3677
3769,1730,3500
3684,1814,3541
3502,1936,3530
3397,1995,3567
3440,2107,3286
3595,2232,2849
3815,2086,2815
3842,2132,2547
3870,2078,2247
3945,1973,1982
3914,2073,1806
3956,1945,1513
3697,2099,1305
3728,1822,950
3657,1706,767
3683,1429,586
3791,1153,573
3715,1064,480
3715,998,465
3763,854,523
3820,548,512
3887,376,600
4003,205,741
4022,106,832
4080,54,881
4159,-14,1013
4208,-84,1118
4234,-112,1253
4321,-207,1413
4302,-275,1546
4309,-347,1659
4311,-546,1835
4356,-644,2103
4380,-614,2162
4364,-680,2163
4309,-785,1999
4306,-817,1916
4144,-862,1731
4170,-904,1728
4160,-928,1798
4125,-1013,1958
4057,-1053,1854
4149,-1069,1888
4129,-1093,2089
4120,-1136,2295
4113,-1120,2718
4055,-1092,3062
3977,-954,3461
3823,-684,3817
3600,-547,4098
3111,-451,4326
2419,-147,4567
2114,262,4690
1776,504,4673
1101,584,4602
605,984,4434
507,1039,4384
63,789,4306
-122,877,4189
-154,1129,4160
-251,1679,3974
-237,2218,3574
-292,2636,3322
-310,2975,2886
-370,3213,2472
-392,3352,2058
-398,3467,1793
-478,3506,1514
-402,3517,1317
-494,3520,1026
-801,3437,756
-1019,3258,307
-757,3100,-245
-164,2843,-671
221,2594,-896
101,2273,-1090
-163,2120,-1222
-322,1642,-1403
-51,1479,-1487
-674,1772,-1379
-1303,1799,-1210
-1286,1841,-1219
-1286,1841,-1219
-1250,1837,-1264
-1245,1818,-1239
-1258,1812,-1223
-1243,1619,-1274
-1173,922,-1431
-1008,-140,-1218
-989,-810,-948
-920,-1350,-481
-700,-1801,-4
-629,-2029,418
-556,-2087,745
-500,-2176,1259
-410,-2217,1509
-290,-2293,1873
-19,-2253,2353
170,-2120,2693
310,-2062,3093
430,-1780,3493
339,-1491,3715
-50,-1074,3828
-521,-497,3872
-850,-97,3820
-1163,443,3716
-1245,806,3653
-1204,1002,3653
-1069,681,3736
-793,51,3894
-750,-492,3765
-769,-856,3551
-736,-1204,3361
-688,-1463,3157
-535,-1770,2892
-427,-1980,2608
-448,-2152,2288
-508,-2207,1850
-408,-2270,1476
-411,-2249,1083
-486,-2112,636
-561,-1925,243
-559,-1704,-182
-732,-1255,-729
-747,-732,-1097
-881,16,-1349
-615,816,-1527
972,1588,-1173
2195,2202,-312
2162,2592,-41
2204,3050,722
2146,3273,1727
1956,3326,2136
1374,3257,2707
904,3087,3152
911,2738,3591
546,2612,3616
426,2191,3866
332,1926,4026
148,1724,4080
73,1452,4070
8,941,4258
-108,387,4205
75,-154,4176
53,-536,4060
-317,-678,3777
-603,-1000,3570
-616,-1273,3215
-1008,-1347,2865
-1232,-1549,2282
-1373,-1688,1795
-1110,-1793,1558
-843,-1992,1399
-836,-2015,1370
-562,-1975,2248
-1071,-1680,2203
-1381,-1274,2661
-1158,-492,3430
-1180,80,3636
-1237,693,3666
-1429,1346,3335
-1514,2039,2971
-1349,2620,2543
-1577,2865,1955
-1826,2949,1381
-2107,2798,754
-2290,2541,191
-2369,2380,-18
-2381,1971,-379
-2545,1771,-409
-2486,1620,-585
-2452,1512,-701
-2309,1303,-853
-2120,1344,-1014
-1663,1325,-1241
-1399,1490,-1335
-1477,1401,-1313
-1755,925,-1235
-1893,368,-1107
-2104,256,-937
-2203,236,-934
-2202,380,-921
-2139,606,-1004
-2192,766,-1007
-2070,924,-1142
-2075,1020,-1136
-2190,1001,-984
-2264,825,-999
-2027,871,-1101
-1578,733,-1341
-1460,475,-1356
-1689,517,-1261
-1878,403,-1217
-1906,210,-1048
-2034,187,-989
-1925,185,-992
-1822,-6,-1041
-1638,-339,-1005
-1369,-741,-824
-1599,-932,-525
-1991,-952,-125
-2157,-1011,257
-2530,-611,715
-2742,-317,637
-2632,-297,540
-2539,-601,955
-2376,-819,1056
-2533,-598,621
-2595,-422,568
-2590,-485,835
-2599,-488,832
-2635,-382,1240
-2480,-518,1565
-2224,-581,2012
-2053,-423,2431
-1991,41,2679
-1965,479,2899
-2378,772,2428
-2619,1069,2005
-2837,1521,1617
-2897,1807,1176
-2668,2340,467
-2415,2500,103
-2415,2500,-267
-2181,2539,-615
-1712,2587,-615
-1556,2538,-796
-1539,2502,-831
-1590,2420,-793
-1808,1871,-1100
-1799,1298,-1228
-1940,1396,-1110
-2077,1258,-1089
-2388,1211,-809
-2529,843,-691
-2586,706,-614
-2513,784,-644
-2312,697,-895
-2054,625,-1004
-1604,620,-1235
-1298,931,-1328
-1765,890,-1089
-1687,942,-1214
-1667,880,-1177
-1676,886,-1197
-1637,872,-1179
