raw_mag_x,raw_mag_y,raw_mag_z,raw_acc_x,raw_acc_y,raw_acc_z
-2282,446,-1335,2553,-393,16750
-1519,473,-972,2581,-431,16669
-1519,499,-1026,2579,-407,16704
-1558,453,-1020,2662,-563,16677
-1570,474,-983,2617,-431,16784
-1538,455,-1013,2693,-611,16831
-1549,454,-1016,2906,-46,16199
-1612,460,-1026,3121,-191,16831
-1584,461,-1012,3837,-347,16275
-1563,483,-1073,2614,-406,17018
-1498,450,-1052,3626,471,16194
-1452,446,-1039,3946,-220,20670
-1594,380,-1001,3337,-240,19884
-2048,330,-742,9117,282,14949
-2543,339,-179,11521,2939,14876
-2745,273,328,13129,1045,13151
-2849,357,1045,13065,2082,6128
-2680,549,1896,12423,-953,-1082
-2093,673,2907,12297,-2558,-5535
-1397,677,3472,11312,-752,-7852
-643,408,3962,8746,243,-9623
193,388,4311,3114,636,-15179
1195,418,4674,1160,-1423,-14263
1904,523,4652,-2753,-5719,-22099
2363,244,4694,-1748,-2128,-21127
1987,217,4636,5238,-1419,-9337
974,429,4566,10025,-1936,-13779
323,458,4380,11435,-2971,-10048
-341,682,4128,11787,-4729,-12080
-929,786,3829,13071,-609,-7881
-1658,882,3202,14485,-1167,-2648
-2292,806,2588,13950,-315,-344
-2679,640,1827,13535,365,5846
-2937,544,975,11869,1660,12208
-2931,492,304,11146,1304,11979
-2901,478,-178,8992,2304,15358
-2689,439,-496,7495,3040,16525
-2449,414,-758,7737,3432,15307
-2306,442,-994,4835,3958,16746
-2142,576,-1114,5088,2653,16874
-1992,879,-1226,4066,-3673,18666
-1917,1358,-1243,6362,-3415,18566
-2016,1726,-1007,4230,-6744,15170
-2144,2638,-70,4749,-10149,5340
-1608,3136,1248,2476,-11070,3690
-645,3252,2165,-885,-14065,5277
732,3442,2237,-7801,-19198,9160
1831,3315,2061,-7816,-18499,5337
1777,3356,1217,-3385,-14899,10247
1074,3363,487,557,-14970,3657
237,3507,457,6453,-9699,5447
-637,3446,553,8703,-13604,1523
-760,3521,956,7684,-11440,-4246
-999,3257,2016,10589,-5123,-10334
-1086,2540,2977,9423,-464,-14351
-1174,1621,3420,7321,2392,-14893
-1592,586,3294,9096,10217,-8733
-2328,-212,2331,13369,12494,2769
-2887,-164,901,12899,8864,7415
-3004,714,-94,9491,254,15693
-2702,1861,-258,5415,-7801,12841
-1755,2995,61,-978,-11983,9020
-227,3587,826,-5933,-10406,12214
1315,3527,1412,-7433,-16335,12441
2105,3250,1757,-7923,-19048,3107
2033,3260,1214,-3807,-15894,8519
1420,3414,900,-313,-14504,8650
671,3598,873,2301,-15363,494
17,3639,1259,3945,-11077,-817
-536,3475,1815,5766,-10738,-11583
-982,2742,2820,9354,-1486,-17232
-1482,1541,3301,12406,9057,-13610
-2141,364,2801,8168,9915,-493
-2734,-376,1434,9443,11458,9164
-2931,467,-204,8225,615,13049
-2617,1926,-401,4546,-8632,12842
-1669,3042,-17,-2093,-10398,10370
-66,3575,646,-8272,-13973,12943
1074,3497,788,-6010,-12286,14881
1681,3334,927,-6171,-17425,6476
1399,3348,587,-2436,-14190,9362
692,3471,402,528,-15577,4750
-252,3564,655,5777,-12968,-2101
-1004,3393,1367,6589,-9454,-7370
-1701,2570,2415,8713,799,-10764
-2100,1191,2845,12013,7422,-13024
-2419,208,2470,11241,10063,-4201
-2637,-544,1525,10350,14197,7346
-2767,-543,685,12467,11689,7443
-2857,-52,55,9756,6060,10371
-2863,820,-447,8899,2035,12336
-2513,1578,-742,7418,-575,13209
-2020,2159,-857,4794,-7833,14322
-1654,2530,-713,3515,-6018,16998
-1023,2925,-562,668,-15224,19837
-1257,3281,586,3742,-11461,12592
-2101,2784,1191,10977,-6568,3932
-2140,2460,1852,12735,-9118,2111
-1928,2825,1486,10204,-8742,6787
-1905,2801,1608,10891,-10220,-6860
-1657,2587,2300,8929,-6725,-11558
-1666,1410,3152,4894,8797,-14274
-2253,-252,2304,6768,18825,4789
-2995,187,326,6258,937,11118
-2632,1994,-258,4460,-4005,14512
-1583,3067,294,-1219,-14145,19272
-558,3479,587,-2146,-19623,16733
-1124,3357,1023,3559,-17197,-2591
-1787,2692,1953,6596,-7744,-9711
-2193,1234,2566,13290,10983,-15437
-2835,362,1566,9508,9717,6245
-3081,1357,380,9334,-7298,19973
-2694,2188,260,8575,-12751,20713
-2597,2190,1278,12583,-10610,-13874
-2864,1227,1480,15304,17367,-620
-2977,1583,849,13040,1681,22705
-2682,2175,1031,11739,-14791,5591
-2573,1626,2027,12346,686,-15830
-2881,985,1606,13303,11793,2822
-2886,1838,574,11123,-2583,23204
-2376,2613,762,9787,-16189,10637
-2331,2307,1749,11070,-8504,-7922
-2509,1210,2259,14075,7623,-3607
-2766,421,1732,13581,8518,5627
-2988,514,1079,15842,-6359,11605
-2918,356,1477,19629,462,-13437
-2702,175,1840,13293,-3811,-5173
-2708,662,2018,13849,749,-4305
-2941,1116,1332,13665,5914,319
-3015,898,1084,16772,11350,1623
-3071,840,1090,14890,5551,312
-3015,676,1233,15367,15059,4745
-2938,685,1403,14960,7707,-778
-2839,776,1676,14588,-1273,4454
-2588,344,2231,14441,-1700,-4056
-2279,-201,2424,14123,-555,-7093
-2158,-446,2377,14068,-1358,-9786
-2124,-593,2371,13085,375,-8315
-2012,-697,2378,13153,-496,-6891
-1922,-563,2651,10880,-1190,-10001
-1970,-444,2609,11642,188,-17781
-2511,-338,1798,13722,-271,-5693
-2703,-219,1478,14980,-877,-7418
-2794,-103,1516,11972,1942,-5843
-2671,-46,1873,11753,-1880,-20027
-2911,179,1296,14081,-605,-8653
-3021,363,840,13252,-340,-8714
-3023,525,423,14821,2257,3291
-3006,751,889,13065,5885,-5474
-2970,1191,1159,10604,103,-11085
-3081,1315,787,12747,1601,4034
-3050,923,650,9181,5797,4598
-3050,923,650,16525,8624,3588
-3027,548,126,14805,13623,7136
-2952,344,-65,12123,10023,8864
-2887,514,-233,12657,5781,9582
-2839,727,-455,11010,3372,11031
-2679,955,-501,9425,-1545,13875
-2696,1008,-726,6716,1782,11249
-2698,630,-647,3427,-3402,18536
-2221,481,-1056,3053,2759,13310
-1755,-188,-1022,-1013,5078,14736
-882,-912,-902,-4321,9679,11507
185,-1441,-678,-9362,7175,14480
1144,-1830,-46,-9987,9268,12466
1857,-2135,698,-14109,9601,-101
2669,-2018,1006,-11618,6621,8746
3024,-1801,1036,-14795,1230,9428
3611,-1248,1053,-14670,-6746,10295
4273,-336,1391,-12860,160,-1668
4508,209,1739,-15238,-4923,-1228
4512,758,1963,-15046,-8991,-2883
4396,1212,1958,-13305,-6726,-5258
4293,1489,2551,-11439,-4896,-9851
4176,1658,2546,-13659,-1420,-8147
4102,1818,2753,-13079,-699,-8550
4057,1728,2893,-14393,-329,-7917
4180,1502,2991,-13452,2755,-4950
4339,1109,3043,-16519,4636,-1625
4455,728,3048,-14330,7689,-3778
4489,277,3133,-13640,9692,-4463
4405,-22,3164,-14530,12415,-2462
4331,-567,3020,-10760,12843,531
4125,-1042,2916,-9122,12326,5080
3793,-1536,2511,-7664,11500,4432
3201,-1975,2039,-2315,14114,8431
2809,-2142,1680,-1393,14088,13269
2276,-2273,1316,-1512,11945,11092
1413,-2266,728,-436,10622,9540
675,-2117,383,1452,7976,14341
280,-1900,-19,3733,10243,15487
521,-1446,-638,-1038,-3259,20664
933,-376,-1179,-4726,-5978,16360
1510,250,-1119,-5548,-5064,12985
1828,805,-1028,-6491,-8149,13935
2074,1343,-846,-5143,-8144,10407
2396,1607,-566,-7252,-16048,9464
2728,1870,-166,-8857,-12406,12502
3369,1586,294,-11408,-10366,5407
3740,1417,641,-9433,-9894,3853
3963,1255,839,-13378,-9054,4295
4289,862,1311,-15896,-5719,-4389
4582,374,2043,-14187,-3650,350
4611,139,2689,-14547,-3919,-2038
4624,159,2840,-15642,-4263,-1140
4636,90,2587,-14637,-2307,-2505
4574,-139,2612,-17518,-972,6312
4370,-514,2047,-14453,-2462,6048
4304,-959,2532,-9227,8079,5472
4012,-1103,3290,-12111,11617,-4412
3864,-734,3805,-12718,8633,-2824
3989,-380,3863,-14564,7944,-6712
4097,-28,3923,-14391,7356,-3679
4194,-86,3705,-14452,5522,1776
4421,90,3337,-16277,6036,661
4572,90,2475,-14842,998,1592
4492,68,1718,-15005,-6900,2366
4329,345,1264,-15067,-6931,2598
4219,931,1105,-14630,-7678,372
4249,1091,1228,-15800,-6906,-2560
4230,1069,1209,-14771,-2394,-4843
4168,1030,1102,-18102,-1720,32
3839,1424,745,-15764,-858,2220
3331,2176,702,-14161,-5663,-1489
3249,2533,1094,-16661,-5255,4952
3850,2108,1709,-14515,-1840,-5298
4034,1894,2311,-16688,-1620,1317
4251,1503,2792,-17755,3447,556
4382,870,3028,-15140,2973,-4621
4476,221,3129,-16272,3353,1767
4449,-138,3080,-14332,10812,-2522
4349,-528,3167,-13025,4282,2121
4258,-662,3382,-16515,6784,-649
4341,-758,3089,-14176,6322,7422
4457,-676,2688,-16571,2604,6715
4390,-666,1835,-12845,-60,7795
4297,-428,1337,-13782,-1171,10510
4152,273,860,-12259,-7489,4141
4024,779,715,-13102,-5287,4662
4006,993,700,-15189,-10049,5295
3828,1228,539,-6604,-7551,-263
3350,1750,341,-11413,-8867,3644
3456,1854,447,-13493,-11509,1044
3466,1964,563,-14626,-10954,786
3397,2170,740,-13622,-5656,59
3248,2499,1193,-17001,-6911,3548
3396,2592,1562,-14686,-7657,-4772
3112,2804,1788,-15522,-6514,1192
2760,2963,2472,-16455,-4281,587
2830,2721,3211,-13322,-8890,-4414
2697,2908,2787,-14562,-6881,-1442
2828,2928,2555,-13509,-5718,-2442
3240,2641,2676,-13636,-9662,1937
3598,2345,2701,-12376,-9218,3914
3667,2269,2533,-11938,-17310,-2689
3616,2341,2636,-14016,-3683,8515
3706,2292,2576,-12146,-8393,1423
3872,2094,2649,-12762,-11906,-323
3747,2189,2716,-15220,-7667,6376
3943,2018,2680,-14119,-12841,6095
4063,1844,2523,-11648,-8297,3895
4242,1611,2133,-11308,-11289,4061
4410,986,1707,-12843,-10571,-9813
4457,-60,1536,-12847,2612,-4848
3847,-1133,1269,-26216,343,2504
4013,-749,952,-6638,9140,5081
4281,-173,1154,-18794,353,1786
4498,612,1415,-19414,-2860,-3490
4403,935,1435,-15806,-6261,-912
4329,944,1277,-16687,-9655,893
4233,1301,1298,-14690,-12973,1016
4116,1379,1064,-8528,-7634,6505
4243,764,1027,-6623,855,12025
4556,-47,1903,-12694,7509,4836
4444,-666,2964,-11293,13525,2451
3642,-718,4010,-11882,5482,-9439
3020,126,4517,-3723,10789,-14992
2328,1208,4495,-1646,4128,-14035
2510,1723,4261,-6430,-3954,-14510
2518,2408,3727,-868,-2026,-17906
2349,2990,2838,-5634,-11496,-9951
2240,3226,2019,-8880,-16922,-3770
1951,3275,944,-4281,-15796,2904
1823,2489,-341,-5617,-11964,1476
2259,1450,-686,-6145,-9673,8137
2940,1036,-336,-8920,-8828,11976
2702,871,-547,-7962,-7517,4269
2511,383,-650,-5479,-2228,13093
2404,-341,-523,-7654,-2341,17286
2525,-778,-284,-4107,2146,11538
3018,-1456,662,-13255,6056,15662
3119,-1592,955,-9490,8671,13274
3347,-1725,1638,-7428,10560,8440
3565,-1706,2165,-4048,14874,5070
3385,-1803,2827,-8706,12281,-1666
3336,-1518,3565,-8811,9274,-2240
3116,-513,4353,-10745,15761,-8004
2713,916,4543,-7796,3969,-13896
1639,2684,3581,-7180,-6219,-12226
925,3382,2410,-7610,-9059,-9512
891,3579,1625,-8407,-14889,112
1259,3405,862,-9024,-14398,2445
1509,3129,188,-9213,-11624,6567
1427,2673,-454,-10285,-7430,10908
1334,1908,-953,-8889,-4546,14535
1503,1193,-1096,-9984,361,15267
1503,1193,-1096,-7931,5074,13153
1461,699,-1189,-8930,4225,11973
1426,406,-1116,-8803,2495,12104
1253,456,-1184,-9461,2837,13455
934,557,-1288,-9793,1296,11155
883,599,-1312,-10573,-2523,5756
1410,59,-1117,-10612,5075,14632
1776,-453,-845,-13083,5414,15647
1659,-571,-856,-6098,6026,17147
968,-878,-907,-3312,2487,16384
659,-1055,-763,-2378,7905,14586
524,-1334,-584,-2473,4456,16854
506,-1608,-377,-182,7839,14122
619,-1866,-20,1736,10023,11731
684,-2088,493,5653,15397,6377
448,-2247,815,3908,10317,9290
425,-2314,1038,2864,12244,6479
664,-2397,1433,-2981,15567,5986
1048,-2472,1869,-23229,16727,10416
1399,-2347,2474,-8081,12378,2708
1730,-2253,2837,-10813,8050,1184
2522,-1991,3058,-10676,11178,-5117
3463,-1405,3478,-11269,6012,-3836
3637,-922,3677,-14554,8976,-4720
3453,111,4381,-12089,4263,-13759
3124,1102,4364,-10249,-1558,-12271
2620,2296,3750,3028,-464,-18395
2161,2473,3846,-4880,-7082,-17413
2406,2500,3693,-6647,-4065,-14435
2790,2509,3386,-7578,-4184,-17457
2923,2778,2595,-9104,-9161,-8060
2791,2954,1687,-7667,-7477,-585
2840,2517,619,-11313,-5470,6629
3162,1825,229,-14737,-7042,3693
3102,969,-260,-18008,-6037,14445
3268,288,-65,-10756,-4116,12137
3104,-38,-105,-11294,-291,12553
3349,-737,376,-12021,3986,11676
3655,-1065,954,-9784,7176,7887
3743,-1403,1664,-6479,13442,10832
3630,-1667,2466,-7794,12706,4491
3299,-1721,3127,1401,25459,-9942
3087,-1445,3722,-5339,13998,-7326
2555,-834,4398,-1555,9464,-12296
2221,-91,4623,-1843,11318,-15831
1962,459,4654,-4110,5119,-16409
1941,1009,4571,-2520,1388,-21638
1857,1205,4528,-6479,-256,-14584
1940,2040,4176,-5482,-6795,-19022
1336,3122,3066,-3677,-10087,-14422
664,3569,1926,-3955,-11998,-4788
660,3549,856,-9944,-15642,4526
934,3215,83,-8565,-17867,7229
890,2996,-320,-3829,-13776,6732
1286,2483,-656,-8550,-10492,7674
1223,1602,-1128,-6522,-6629,12903
612,665,-1381,556,-5411,14167
-268,-155,-1224,8480,3056,26100
-881,-708,-971,64,5812,14932
-614,-1305,-520,1455,9435,15182
-464,-1984,438,1201,14589,10532
-265,-2306,1302,-3259,13559,6726
124,-2377,1692,-1033,16954,5396
595,-2314,2599,-4480,16993,-2342
876,-1861,3597,-5911,13989,-5750
1237,-1051,4304,-7373,7918,-9265
1858,-411,4635,-5528,7961,-15040
1490,-70,4559,-7992,4381,-17416
1101,491,4573,-6230,1518,-13958
848,1211,4461,-6956,-3035,-13751
666,1683,4237,-2770,-3614,-14603
158,2036,3922,-814,-3091,-15127
-558,2379,3480,11900,-7473,-28858
-981,2602,2991,4442,-6866,-10994
-757,2859,2810,-817,-15580,-16311
-803,3226,2172,1591,-13703,-6482
-879,3377,1200,588,-14847,-4146
-1061,3132,1,-541,-9505,6357
-1092,1750,-1246,-2951,1110,10355
-475,409,-1416,-4686,3352,14064
-186,-334,-1167,-5919,9530,13958
360,-1079,-771,-8140,7477,11148
968,-1856,-43,-11981,20228,7980
557,-2414,1163,-412,13493,-2253
517,-2412,1723,-2171,13706,-9925
704,-2417,2280,1464,16755,2921
903,-1883,3480,1967,8773,-10012
1086,-1004,4258,-841,-2533,-20336
2077,361,4637,-9199,-9693,-10207
3699,1807,3404,-7919,-11254,-13995
2914,2618,3033,-80,-14165,-10101
2150,3254,1926,-2208,-7966,-147
1838,3250,690,-5313,-3544,12312
2344,2576,41,-3014,-9685,13831
2481,2596,216,-5462,-12618,9952
2416,2428,-4,-6275,-3969,15186
2121,2500,-131,1316,-10437,11280
2100,1810,-626,-5351,-6720,14062
1879,1377,-846,-1907,3856,15845
1525,239,-1088,-6,7603,14374
944,-854,-873,4780,16534,11691
618,-1773,-106,5418,17701,41
644,-2146,591,4728,15283,-1220
732,-2401,1266,3814,16790,-5004
899,-2446,1799,7532,20528,-5353
1045,-2415,2325,2329,15179,-7683
1176,-2353,2725,739,12978,-7891
1635,-1953,3532,-331,6137,-16726
2680,-681,4467,-6655,-2164,-14172
3445,848,4274,-6052,-10038,-13831
3615,2194,3051,-6851,-11803,-1008
3343,2664,2165,-7924,-16165,5744
2847,2942,1861,-5865,-16394,5087
2063,3288,1390,-8288,-18465,11567
1056,3358,501,-2338,-11214,9646
219,2900,-605,2249,-3530,13992
113,1704,-1320,2211,7944,11768
1550,52,-1046,-5992,19752,13136
2417,-627,-497,-8503,9903,22766
1770,-1181,-470,-1498,17299,2338
1253,-1637,-291,3069,13308,5139
1277,-1870,116,1709,17170,5136
1239,-2205,592,-4141,18837,4614
778,-2427,1231,1163,17755,-1972
868,-2404,2415,665,13813,-11884
1291,-2080,3280,2199,8483,-14236
1722,-1580,3971,-2617,4370,-15019
1934,-828,4488,207,-2606,-13139
1924,1048,4563,3423,-2137,-12759
1748,2904,3185,-4242,-13934,-1814
1688,3362,2106,-1024,-16886,-502
1674,3357,1464,-6169,-16217,5871
1457,3348,787,-4017,-12029,10385
749,3150,-9,-5068,-9232,8878
-67,2689,-736,2192,-6049,12992
-928,1667,-1292,6447,5194,12561
-788,392,-1378,3484,12564,15334
-716,-474,-1080,3947,11292,15417
-1184,-986,-655,6308,8233,4853
-1219,-1410,-43,6355,17789,4079
-1218,-1562,220,5457,13460,6088
-1315,-1618,415,4809,20126,805
-1820,-1362,587,4174,12612,-3831
-1898,-1260,745,9361,13561,-6025
-1731,-1486,1318,6862,12238,965
-1118,-1835,1784,4781,18639,-3598
-451,-1520,3125,642,11558,-12240
346,-245,4314,-391,8838,-12432
1456,1377,4455,-8761,640,-13579
2153,2280,3991,-13576,-7761,-13313
2153,2280,3991,-11149,-12115,-9865
1638,3120,2988,-8158,-10069,-352
493,3546,1890,-4125,-12300,6450
169,3587,785,-3768,-13634,3253
-173,3385,179,1881,-13953,6165
-992,3040,-256,-1116,-9639,13801
-1288,2610,-683,1856,-10529,12081
-1395,2077,-1076,1694,-16798,6693
-1295,1797,-1167,6313,-3652,11278
-626,1333,-1495,389,24974,32764
717,135,-1324,-6651,1977,13854
183,-20,-1373,-2117,2622,17721
191,-319,-1247,-5623,5632,16265
266,-747,-1047,-6284,14188,7428
825,-1532,-410,-8751,17972,5762
982,-2326,781,-6157,16240,-872
513,-2434,1770,-3167,14870,-2387
269,-2273,2330,-3000,12458,-4155
402,-2215,2768,-3907,16988,-5170
821,-2161,2973,-6073,17820,-6029
1062,-2074,3237,-6143,15466,-5960
1130,-2066,3331,-4434,13449,-8417
1444,-2074,3297,-6793,14874,-6283
1552,-1911,3583,-6608,13598,-8613
1449,-1534,3976,-7591,12349,-14265
1051,-1099,4163,-6867,7944,-15484
1055,-382,4447,-6563,4988,-9436
812,693,4481,-5393,-3191,-8288
597,1830,4141,-1113,-6840,-12231
389,2266,3844,-1653,-7369,-19981
152,2361,3638,-2914,-8397,-13578
1,2542,3357,-427,-10698,-11624
-313,2648,3196,1126,-7855,-15032
-439,2644,3173,1,-11349,-11526
-630,2719,2982,4301,-5751,-9801
-1095,2860,2434,1168,-15066,-10349
-1240,3005,1908,4419,-13347,-4804
-1684,3039,975,8305,-11891,-916
-1748,2487,-533,4653,-9954,9874
-1248,1646,-1290,765,-6020,18976
-757,539,-1424,-660,771,17912
-282,20,-1394,380,-4945,16662
-257,-36,-1334,2671,569,12007
-92,-204,-1287,-3919,3010,19521
310,-592,-1065,-1621,3695,18485
-38,-522,-1132,859,-550,21567
-657,-394,-1184,-169,3427,2258
-80,-1592,-140,6264,15123,9215
-125,-2180,1983,8593,9306,-3429
-85,-1319,3564,12673,7939,-15482
672,-1105,3985,11068,11624,-12899
939,-984,4148,7327,5345,-14415
1673,-952,4283,4890,3541,-13922
1671,-902,4330,3488,1272,-18839
1218,-396,4465,3569,-1680,-18126
1009,768,4528,1472,-8510,-10537
763,1619,4243,-760,-13094,-9336
845,2616,3726,-4980,-17339,-3595
938,3409,2522,-6640,-12295,5569
702,3584,1123,-2676,-4689,7149
1048,3035,-142,-8044,-2932,15305
1810,1738,-824,-6070,2491,5051
1883,201,-940,-5547,11192,4770
2076,-1351,-114,-15884,17494,-644
2810,-1847,1144,-7980,20530,-5191
2938,-2001,1390,-6457,14473,-11399
3495,-1755,1801,-759,16870,-6237
3774,-1629,2305,-3230,13854,-7529
2417,-2325,2483,3590,22769,-7375
2062,-2312,2841,2232,15535,-18204
953,-2068,3360,-717,17598,-10580
-1671,-404,2977,32732,-25375,-7720
-1696,-428,2990,9169,6715,-2075
-312,-928,3739,-491,1903,-10150
2007,-746,4440,-809,-6992,-13522
1887,-1011,4319,4674,3353,-14164
1866,-1009,4315,1041,3031,-15698
1868,-1013,4271,1176,2134,-13690
1775,-1181,4221,512,2197,-14936
1847,-1201,4238,1382,2398,-18060
1801,-1087,4241,1336,3590,-15660
1878,-1121,4299,1245,4073,-15752
1834,-1146,4253,631,7115,-16720
1687,-993,4396,4104,2417,-18858
1407,-583,4482,3190,186,-18528
1290,-588,4450,3470,3457,-15049
142,-1193,3768,6520,2845,-10505
-382,-1330,3407,5084,2501,-14387
-316,-1474,3305,5909,8714,-14097
-703,-2000,2057,5875,6998,-2994
-858,-1749,173,6873,18374,5072
-1091,-570,-980,6339,4834,21720
-1604,413,-1235,7320,9519,11300
-1414,623,-1291,6207,8796,15026
-1224,408,-1299,5588,7580,14755
-990,222,-1343,3972,12780,17771
-1267,193,-1295,7664,7192,12270
-1556,-71,-972,8129,8796,6096
-1947,-1253,642,12286,8127,-4202
-2296,-637,2099,13015,-1467,-8548
-2503,657,2326,13040,-8935,-2579
-2650,1290,1925,13115,-9296,841
-2753,1350,1708,14597,-6404,2040
-2782,1283,1751,13999,-14623,10077
-2767,1400,1656,15765,-1276,-1620
-2671,2114,1032,9406,-12951,10759
-2196,2735,1037,6175,-13195,9452
-1684,3088,472,7020,-5788,16529
-1455,2934,-172,5568,-7383,16647
-1554,2729,-451,4465,-9961,15612
-1760,2508,-577,8224,-1354,18349
-1823,2398,-630,8637,-11021,4978
-2108,1166,-1031,12317,5833,13014
-2293,-104,-623,13339,8462,3508
-2454,-571,255,13845,7496,-8781
-2294,-950,664,12870,8030,-10064
-2080,-1154,1401,13830,4836,-6183
-1771,-1117,2199,12625,1744,-7978
-1445,-535,3159,12094,691,-6706
-468,343,3979,9263,-4620,-10603
-28,849,4182,6754,-8300,-11586
-371,1168,4001,14717,-4466,-17968
-355,1582,3909,12638,-3991,-12789
-451,2486,3254,10818,-9122,-5660
-1017,2954,2577,9446,-15027,431
-1105,3235,1862,7659,-13056,6824
-1348,3285,1104,10474,-5564,7682
-1818,3025,1008,9984,-10511,6505
-1725,3093,794,11215,-11521,7369
-2080,2773,356,10063,-10853,-445
-2540,1083,-694,14350,7053,-967
-2494,-290,-140,12655,12642,-5985
-2296,-1034,744,13333,9416,-5321
-2074,-1085,1765,13104,8458,-8547
-1886,-570,2607,10934,1999,-10294
-2017,3,2775,9576,-2265,-14708
-2312,910,2582,12216,-6849,-6751
-2624,1219,1948,9223,-13421,-2322
-2880,1191,1622,9107,-10264,-5280
-3043,1000,983,15948,-4494,-874
-3006,1277,940,17179,-4589,2497
-2695,2054,1225,8147,-12435,-2246
-2420,2445,1351,8890,-15761,-721
-2461,2394,1025,6358,-14367,879
-2869,1826,578,18116,-515,7751
-3002,1483,314,11663,-6675,7879
-2958,751,-90,12019,6847,10312
-2813,215,-164,9495,7455,12607
-2700,-169,-67,10843,6340,10509
-2458,-647,62,8541,13174,24931
-2434,-841,649,8561,10198,6640
-2348,-914,1463,7316,11590,-483
-1925,-1078,2177,6259,14996,-10032
-1925,-1078,2177,5568,15181,-10622
-1815,-953,2428,7378,9929,-5904
-2139,-354,2434,4892,1569,-7133
-1780,409,3118,4815,-1156,-21160
-1083,987,3599,5895,-9353,-23753
-1074,1293,3572,3902,-6387,-15848
-1678,2006,2760,6185,-7154,-13316
-2255,2391,1713,10230,-12187,6601
-2551,2300,309,12783,-15668,-998
-2594,1969,-279,7876,-10531,11170
-2117,1465,-917,8074,-11393,16941
-2011,1003,-1106,8342,-3732,16844
-2144,190,-888,8310,1182,12189
-1907,-565,-691,5525,12355,18723
-1482,-1154,-336,6386,2611,17783
-1464,-1254,-211,6723,10434,12776
-1753,-1298,213,9915,3812,-2181
-2188,-1137,735,9549,68,14628
-2143,-1192,974,8646,13631,6722
-1879,-1288,1717,9276,9547,4131
-1690,-1250,2163,8987,12804,-1769
-1305,-762,3212,14915,23132,-3455
-996,-197,3676,6505,6123,-8245
-459,658,4034,2739,-97,-17834
157,976,4280,1944,6035,-18125
252,1531,4132,2484,-1230,-13158
6,1877,3939,5810,2584,-17068
-101,2204,3719,5159,-6804,-15137
-257,2535,3443,4832,-7582,-13428
-440,2902,2925,8841,-8615,-8368
-363,3142,2639,10652,-9317,-6632
-110,3311,2459,5375,-12969,-6812
402,3472,2258,6004,-16845,-1386
773,3546,1898,4798,-15731,-4570
707,3659,1475,7597,-14556,-701
463,3611,973,6922,-12481,1287
35,3430,166,5383,-15833,7012
149,3103,-418,5224,-9180,10414
480,2623,-811,6920,-3817,15777
662,2244,-1019,4225,-4684,18303
833,1945,-1170,5878,-1286,13950
705,1567,-1309,5496,-2543,14495
825,1151,-1415,3892,117,13577
1006,614,-1337,2466,2670,12845
1237,90,-1206,2378,8347,15243
1716,-393,-891,-593,13117,15004
2051,-534,-679,-1791,8386,8506
1836,-563,-753,1475,18990,10126
2225,-698,-515,-3092,9166,15947
2183,-918,-352,-121,12134,13694
1961,-1267,-283,-30,13042,6360
1567,-1589,-75,3831,15604,2550
1350,-1871,109,4615,13505,5011
1145,-2135,528,2619,14835,2167
1131,-2327,972,3885,13167,-4753
681,-2382,1966,6614,13126,-10652
271,-2003,2956,6299,6942,-10261
-253,-1395,3440,5750,3846,-18394
-811,-563,3593,3573,104,-18574
-1477,117,3278,4689,-2524,-16204
-2025,774,2846,5678,-3943,-15008
-2319,1341,2440,4457,-8660,-7648
-2120,1729,2496,10126,-1137,-11950
-1556,2264,2737,7506,-5146,-12546
-1035,2675,2784,5397,-6037,-16304
-631,2942,2674,5419,-8232,-15293
-250,3110,2635,3456,-11431,-11009
111,3218,2638,4614,-11231,-6213
312,3251,2654,6529,-12037,-12685
555,3204,2798,7355,-13002,-4449
703,3220,2674,6671,-14612,-4853
368,3359,2331,6500,-15739,-5582
109,3508,1711,4183,-13873,4147
-13,3573,1158,2799,-14019,5756
189,3511,624,-1961,-14921,12456
101,3237,-42,1955,-9029,14780
-646,2622,-862,6531,-3707,12788
-885,1889,-1290,4392,-170,15853
-820,991,-1511,4265,5949,11225
-444,-142,-1390,3956,14750,9857
-129,-1134,-853,3969,14229,5467
-158,-1788,-195,3889,17525,53
-227,-2073,531,5259,15694,-353
-909,-1820,413,10313,13212,-1438
-1472,-1675,907,11046,10138,-6375
-2277,-853,1288,13780,3459,-6745
-2760,-45,1182,12552,-1498,-6864
-2952,731,1005,11064,-4722,-2074
-2908,1544,716,9045,-13812,1021
-2683,2164,705,8799,-15514,3571
-2462,2480,783,9250,-15744,-1199
-2521,2466,581,9743,-11835,5270
-2317,2481,52,7405,-10057,10999
-1866,2737,-219,3754,-11958,14294
-1707,3004,259,1470,-16135,2821
-1504,3197,652,1282,-20146,3503
-1652,3061,353,551,-15088,10897
-1961,2727,8,2061,-15370,6847
-2389,2159,-270,7199,-14792,3776
-2183,1418,-946,9258,-10086,10187
-1338,1114,-1345,9879,-8705,10561
-1132,980,-1349,10180,-3246,12428
-1351,835,-1374,9903,3416,17471
-1664,208,-1146,11185,13441,7613
-1826,-404,-776,12490,14843,5475
-1937,-804,-304,12600,15203,905
-2229,-271,-507,11677,2369,6112
-2314,472,-839,14901,-4432,4073
-2610,592,-410,15589,1966,2901
-2909,754,135,16829,2250,1024
-2916,570,111,17829,6288,1550
-2656,448,-286,12030,1868,6487
-2775,294,-96,14499,5997,-128
-2896,425,196,12508,1120,1363
-2935,531,397,14756,7755,-4054
-2995,566,311,19733,5073,-5105
-2917,663,-27,18442,4237,5771
-2916,931,-57,15164,-3108,-2835
-2786,1118,-323,13962,-3458,4516
-2845,1035,-277,16094,2576,-1091
-2918,842,0,17234,366,-1386
-2862,725,-180,16077,-1175,858
-2870,672,-214,15873,-1675,2310
-2874,503,-176,15755,-1900,675
-2885,427,-112,16056,-222,1661
-2858,315,-66,16532,-2804,104
-2781,256,-63,16662,-1889,981
-2740,68,-77,15657,-2040,2654
-2664,-126,-58,14559,-1946,8398
-2735,-229,222,16347,-1921,-4322
-2641,-418,440,17670,-1094,-4821
-2530,-625,409,15746,1009,5084
-2384,-794,409,15186,265,6115
-2431,-749,507,16822,153,-280
-2552,-574,479,16500,-1065,3850
-2587,-519,471,13923,518,7088
-2651,-471,660,14913,1234,10485
-2689,-423,890,14885,-217,7111
-2744,-260,1021,16166,430,6246
-2817,-119,1169,13934,-455,5026
-2888,314,1289,16138,-1104,5611
-2980,539,1131,14011,-2659,9284
-2908,848,1326,15167,1061,1478
-2913,1261,1311,16618,1528,4452
-2919,1523,1047,15699,-1138,7408
-2800,1842,943,15708,-1697,5759
-2611,2210,546,12166,-6318,9914
-2540,2296,347,14185,-3307,11068
-2493,2349,404,15877,-4489,8049
-2556,2261,471,14655,-1470,4049
-2507,2368,365,13767,-3723,9213
-2507,2368,365,13664,-4698,7382
-2473,2356,171,15618,213,5021
-2586,2011,-116,15001,2554,7168
-2653,1404,-453,16424,6242,4812
-2724,806,-346,15356,6159,2301
-2785,370,-196,14236,6913,544
-2646,112,-65,14347,6894,-1278
-2656,-188,-20,15180,6973,-1990
-2585,-307,6,15696,6070,-771
-2535,-404,-47,16024,4973,1693
-2419,-534,-95,15518,4071,-711
-2366,-631,102,16102,4484,1920
-2326,-716,85,16128,4452,1266
-2318,-779,289,15655,2684,843
-2359,-764,471,16356,1255,83
-2386,-753,448,15995,-1998,1882
-2378,-745,396,17792,592,3627
-2350,-720,245,14475,1570,3409
-2329,-773,242,14363,6151,6994
-2081,-979,191,16709,1938,9179
-2080,-1106,382,15902,3202,5657
-2230,-1041,585,15033,4504,5383
-2156,-1112,853,14508,4603,4308
-2151,-1134,1015,14166,5006,4331
-2176,-1105,1154,14198,5253,7098
-2156,-999,1254,14438,9177,6718
-2082,-1025,1298,14497,2200,6550
-2201,-940,1299,13682,5784,8016
-2339,-749,1178,12283,6613,9640
-2498,-542,984,12451,7170,8041
-2563,-429,970,11509,9770,6648
-2602,-320,880,11596,9060,7101
-2683,-230,691,11765,9910,7023
-2698,-78,565,11939,9312,7755
-2712,38,298,11936,8809,7570
-2731,83,177,11265,9578,8293
-2681,192,16,11014,9378,12924
-2588,224,-154,12178,8475,6261
-2552,259,-302,11107,7408,7782
-2424,261,-491,9345,10169,10179
-2311,269,-605,11541,10726,1113
-2305,154,-574,9825,9310,10378
-2083,125,-674,8986,9367,9273
-1848,4,-840,7913,8535,11685
-1587,-48,-975,7414,9559,10688
-1366,-197,-1000,7353,11555,9653
-1217,-302,-1000,7138,12753,9630
-936,-436,-1057,5516,10628,12116
-890,-308,-1123,5254,11031,14140
-521,-539,-1038,6144,13023,8417
-494,-815,-922,8329,9453,7175
-242,-1212,-637,8355,12688,11485
-44,-1406,-412,8320,13299,7173
-93,-1541,-249,9654,13423,4862
-59,-1710,-47,9559,11036,7364
-267,-1839,256,10901,10722,6596
-414,-1878,436,11327,10720,6784
-525,-1922,639,11218,9474,6344
-568,-1960,611,11204,9302,8269
-693,-1919,771,11606,10282,8801
-675,-1987,918,11766,10056,6869
-823,-1886,1013,12307,9125,5799
-1098,-1851,1007,10785,8677,3251
-1168,-1813,1054,10554,6810,10186
-1435,-1627,944,11220,7252,10138
-1484,-1612,1059,10544,9071,9911
-1501,-1618,1159,9711,10738,8228
-1540,-1565,1093,11139,11601,7691
-1716,-1465,1338,10092,10212,6734
-2030,-1128,1212,11159,9952,5455
-2249,-903,885,10274,9194,6771
-2415,-744,790,10426,10783,8398
-2571,-427,636,11856,10618,6575
-2766,-87,533,11139,9003,9370
-2786,91,397,11593,8362,8752
-2871,123,242,10679,8868,8212
-2795,-1,172,15329,12081,6615
-2778,-45,29,10847,9183,1538
-2617,-436,64,9960,15517,3457
-2221,-874,30,8821,14290,3412
-2043,-1141,255,9945,14812,-11
-1870,-1328,461,10116,14000,-1654
-1710,-1546,868,9873,13025,-5789
-1505,-1712,1275,9944,11401,-4773
-1157,-1851,1671,9070,10815,-9146
-876,-1917,2123,9701,9135,-9924
-759,-1871,2369,9874,8173,-10922
-554,-1805,2723,9531,7617,-8480
-426,-1734,3031,9475,6933,-11566
-290,-1526,3405,11034,4788,-13027
-367,-1167,3627,11456,3834,-12112
-430,-760,3873,11608,2320,-9784
-303,-304,4119,10520,-950,-16907
-471,-36,4040,12396,-1892,-9344
-564,131,3997,12580,-2816,-11127
-712,291,4006,11940,-2535,-10074
-851,589,3921,13184,-1458,-10463
-1174,1334,3538,13662,-5353,16
-1521,1719,3234,15764,-7048,-6885
-1744,1890,2874,13639,-8306,-290
-1868,2380,2449,12575,-10052,-2013
-1834,2717,2008,10011,-10976,7719
-1614,2897,1941,16356,-11118,-113
-1328,3213,1755,12681,-12118,5613
-823,3370,1591,10305,-13295,3602
-634,3514,1302,9601,-14250,3639
-574,3543,864,9640,-12500,6681
-810,3374,376,11380,-10353,6144
-999,3244,148,11287,-11059,5240
-945,3115,-196,10101,-9412,7306
-1038,2941,-407,11988,-7691,9536
-1241,2731,-541,12955,-7925,5967
-1372,2573,-700,12359,-6245,7970
-1403,2604,-699,11658,-9441,8550
-1393,2663,-588,12540,-6090,3023
-1466,2609,-559,13383,-11373,8281
-1576,2548,-585,11681,-9955,5408
-1710,2570,-540,10285,-10614,5256
-1689,2618,-526,8822,-10881,3614
-1691,2712,-340,10140,-11894,837
-1732,2802,-270,8375,-15609,1738
-1747,2744,-250,8130,-15918,814
-1838,2689,-313,7687,-11757,257
-1903,2707,-238,6377,-14413,367
-1996,2606,-185,7753,-15246,-181
-1877,2565,-338,6011,-15169,2990
-1894,2521,-457,8048,-12049,6770
-1830,2515,-503,5385,-13435,7755
-1653,2481,-703,1922,-13081,11272
-1581,2462,-695,61,-13857,11538
-1613,2513,-650,1919,-10589,12637
-1469,2525,-655,1147,-10181,13153
-1281,2558,-764,242,-9161,13945
-1075,2377,-995,2610,-7325,16131
-862,2192,-1125,2438,-2686,18350
-833,2181,-1118,4057,-722,14811
-807,2045,-1230,4630,604,18628
-923,1983,-1266,3815,-827,13423
-421,2046,-1291,5300,2521,14493
-152,1880,-1390,3881,1917,17438
-138,1507,-1422,5956,4906,16482
-51,1309,-1448,6451,4643,16072
90,1152,-1476,5014,2084,16641
210,973,-1497,4205,-1934,17409
57,950,-1535,2363,5763,17787
-243,655,-1565,7990,5229,12127
-299,538,-1521,9554,1569,9593
281,662,-1488,6402,-2149,13682
494,673,-1472,6966,2749,18525
377,707,-1454,4793,-3050,16591
377,707,-1454,4504,-3770,15125
636,677,-1358,2503,-7247,13383
368,671,-1435,8398,-6974,7629
-300,692,-1560,4506,-8333,12915
-606,709,-1515,4805,-8839,12975
-1063,622,-1478,9113,-2623,15902
-1348,441,-1366,8009,-6731,11309
-1515,451,-1307,5203,-2476,16279
-1452,482,-1304,5576,-4706,12448
-1398,667,-1312,2984,-4626,15890
-1215,872,-1372,2290,-11622,13540
-1349,1339,-1307,3501,-11079,9468
-1526,1870,-1096,6994,-11653,12620
-1739,2162,-832,7148,-12153,5552
-2010,2182,-625,4739,-15129,5453
-1997,2051,-774,4190,-11880,11239
-1662,1810,-1034,-1054,-10922,14933
-1396,1892,-1137,6849,-7997,6576
-1677,2212,-793,465,-11631,9978
-1586,2555,-508,878,-10686,9690
-1767,2631,-335,3654,-9948,10664
-1812,2647,-297,1730,-13981,9890
-1544,2911,37,1255,-14382,11264
-1504,3106,255,2701,-14970,3555
-1522,3181,884,2824,-14988,3812
-1483,3165,1290,3281,-16115,-67
-1512,3043,1708,3011,-14506,-2222
-1400,2931,2187,2005,-16578,-5578
-1086,2831,2589,3354,-14546,-8713
-1189,2470,2999,2583,-13332,-9774
-1233,2125,3208,3661,-10299,-11259
-1338,1818,3298,4684,-9294,-11520
-1369,1615,3323,3877,-9914,-11761
-1139,1781,3434,605,-14892,-8937
-641,2510,3171,-1971,-15666,-4544
-102,3116,2831,-5501,-18316,361
576,3477,2161,-5328,-14718,5643
956,3577,1111,-4531,-10901,10159
979,3227,84,-3227,-5079,12502
979,2510,-811,-1636,78,15477
866,1604,-1317,785,3392,15443
506,657,-1468,2938,8929,13552
153,57,-1452,2452,13459,15332
-251,-427,-1273,6049,13956,7259
-568,-924,-964,5543,15201,5761
-387,-993,-965,1439,16151,6437
-170,-1446,-566,4049,15347,2085
214,-1947,49,1081,20045,-3253
733,-2258,754,-1605,21137,-3567
1517,-2394,1382,-2702,17364,-7656
1623,-2463,1903,-2437,11601,-3779
1439,-2399,2535,-188,9835,-14196
906,-2085,3105,5216,4414,-9818
696,-1934,3237,3391,8778,-13530
1170,-2081,3176,1720,10244,-14727
1582,-2224,2972,-3452,9918,-9826
1829,-2153,3108,-7404,9299,-12449
2247,-1971,3242,-9706,10148,-11677
2460,-1931,3351,-8060,9435,-13118
2775,-1847,3285,-11922,7917,-10692
3425,-1411,3524,-13586,216,-11561
3825,-92,4091,-13698,-9735,-3430
3880,1630,3444,-9401,-11853,-3657
2882,2915,2134,-3911,-15995,9105
1999,3238,893,3008,-14334,10161
907,3188,-85,6455,-15732,13829
-624,3221,-228,9042,-4927,8395
-2117,2719,182,11794,-2756,5306
-2869,1763,754,13922,1366,-798
-2881,790,1541,16079,10377,-3070
-2638,126,1994,15720,14115,-3466
-2302,-603,2000,8526,13743,2505
-2531,-679,1365,10939,12252,-1458
-2129,-1170,1242,4105,13522,3955
-1292,-1797,602,-1276,16652,12404
-247,-1839,-104,-4623,15394,20210
343,-1248,-840,-6436,5118,12922
275,-430,-1191,-3741,-2751,12877
105,347,-1502,-4729,-2019,13713
492,790,-1480,-7146,-4902,13558
988,1192,-1289,-10880,-5235,12521
1553,1422,-1029,-9471,-808,10875
2172,1326,-779,-13649,1351,12842
2703,1095,-473,-16544,-1912,8030
3336,709,-20,-16568,461,2604
3979,-211,807,-15589,6924,-717
4100,-897,1639,-12022,11758,-7511
3616,-1669,2399,-10192,12939,-5371
2736,-2136,2639,-6145,14743,-6031
1478,-2386,2510,-4873,11469,-8047
737,-2416,2061,-6716,18186,-5985
500,-2344,991,-3684,16777,-1667
8,-2011,248,-1481,14608,4625
-787,-1596,-182,361,13828,8434
-1137,-1582,36,3929,10988,5083
-1119,-1733,173,520,9775,13367
-1067,-1911,918,3395,15547,11708
-580,-2137,1800,4312,14011,5351
570,-2193,2921,-1553,13225,-82
2010,-1961,3490,-2830,18200,-10449
3268,-1271,3777,-8828,18011,-2249
3803,-757,3816,-9676,11194,-8186
4107,-249,3744,-9683,9554,-9545
4176,128,3756,-10963,6974,-9259
4287,660,3568,-11188,4476,-8182
4334,1099,3129,-10339,-191,-10833
4359,1411,2391,-13882,-3892,-4373
4338,1201,1607,-12881,-8132,3745
4033,643,747,-13855,-7719,3571
3747,-159,500,-11760,1261,4876
3668,-972,975,-11784,6051,6720
3655,-1107,1161,-11378,3574,8184
3419,-1516,1178,-12562,6101,6036
3158,-1956,1931,-16080,10439,8663
2840,-2054,2981,-9456,14099,813
2620,-1693,3717,-8680,9834,-3385
1988,-1795,3678,-9556,11760,-3579
1672,-1461,4101,-6951,8841,-12876
1600,-1098,4308,-2507,11877,-5787
1615,-227,4589,-5678,7569,-10226
1677,247,4685,-7196,11622,-14597
1414,864,4614,-2268,4846,-11594
1617,1456,4460,-404,5924,-19529
1632,1394,4534,-3314,6116,-19507
1417,1300,4518,-630,-3843,-8972
1796,1699,4345,1677,1114,-9764
2008,2512,3749,1461,-7516,-9753
2433,2729,3261,-2109,-12163,-6874
3231,2566,2752,-5221,-18083,-7508
3543,2492,2223,-7832,-12707,-2762
3470,2527,1877,-7650,-12491,-213
3022,2851,1522,-1678,-15585,6116
2734,2953,1090,-2034,-10211,8193
2824,2799,974,-4157,-11412,7632
2990,2651,958,-4462,-9060,8823
3202,2520,1060,-8216,-7612,12155
3221,2592,1188,-11784,-10131,9211
3249,2464,1134,-9978,-9327,9129
3279,2370,1004,-12597,-2470,11595
3470,2147,1000,-13742,-2720,7037
3606,2023,1037,-14744,-1985,6399
3687,1939,1119,-14047,-2169,4945
3660,1998,1017,-14439,-4778,7016
3252,1796,395,-15016,-417,6214
2757,1481,-338,-14033,-889,5698
2959,1236,-223,-17490,3607,7831
2941,881,-258,-15825,4430,8003
2941,881,-258,-16263,-137,7324
3033,636,-232,-17028,-559,-1707
3442,621,139,-16850,-4179,1371
3830,868,587,-16364,-9128,-1076
4059,1014,932,-15094,-4375,361
4152,945,1111,-18860,-4081,5168
4406,423,1482,-15460,-5756,-1950
4474,260,1626,-13332,-4835,4334
4499,-96,1847,-15993,-2053,6341
4562,-203,2214,-16452,-1486,4707
4598,-218,2416,-15547,-1290,-178
4625,-237,2513,-16841,-1115,3306
4608,-87,2703,-18073,921,3150
4584,-175,2555,-14854,1073,2131
4693,333,2459,-16200,-3094,-259
4547,1032,2788,-13544,-5467,-1913
3963,1961,2729,-11697,-1730,-3825
3320,2628,2182,-12208,-5235,1105
3082,2731,1347,-14344,-1691,4230
2808,2701,765,-14448,-1389,2228
2814,2384,319,-14809,-4181,7157
2283,2318,-228,-13178,-1831,7630
1356,2324,-753,-13088,-5100,15727
962,1688,-1180,-7343,-795,16036
362,1179,-1437,-7198,-632,17030
94,912,-1444,-4247,-4264,12747
-51,532,-1492,-2896,-2357,10152
-260,-7,-1374,-2702,7006,23936
-61,-359,-1278,-2361,-850,14885
292,-251,-1268,-9246,1146,10965
2167,-769,-333,-18421,3293,-720
4074,-1023,1854,-20602,4659,1374
4485,-95,3214,-14222,-7043,-2299
4517,545,3214,-12432,-6227,-2475
4343,1068,3383,-13167,-11489,-2875
4231,1340,3180,-12791,-7687,-2825
4260,1543,2861,-12611,-9221,556
4018,2012,2570,-13456,-11839,3479
3540,2487,2245,-11313,-12662,4950
2939,2976,1785,-6274,-14534,2401
2025,3331,1400,-3401,-12372,10986
956,3502,859,2225,-10556,12014
-167,3516,983,10174,-11721,3735
-562,3441,1719,9633,-15223,-1095
-1024,3207,1813,7489,-13876,3167
-1613,3019,1525,11589,-10362,5252
-2245,2598,1151,17760,-2863,-417
-2666,2064,1232,14894,-2831,7453
-2970,1500,1191,16781,686,5661
-2918,966,1556,17739,4425,-3807
-2633,436,2068,15126,7782,-2456
-2773,316,1762,15905,13388,3217
-2838,485,1735,14104,7224,2223
-2773,621,1924,14826,5175,-3960
-2465,855,2452,13914,6037,-9382
-1919,1306,2929,13315,4760,-8313
-1657,1671,3145,12102,517,-11265
-1631,1834,2971,12521,-937,-7048
-1748,1929,2819,15163,-2653,-7587
-1809,2049,2648,14701,-2812,-5432
-2076,2063,2334,15462,-4693,-1931
-2284,2097,2031,15002,-2762,761
-2612,1914,1614,13680,-4287,4843
-2930,1573,745,14532,1166,9475
-2983,1324,489,12737,-1129,9492
-3054,1133,567,13594,3171,9454
-3115,979,940,17903,2705,2515
-3030,936,1245,16422,1723,1245
-2964,817,1526,15977,3119,2373
-2904,722,1637,16044,4243,1365
-2862,635,1528,15778,3254,3256
-2956,721,1442,16082,3803,5024
-3020,797,1269,15389,203,4566
-3035,848,1007,13552,859,5538
-3075,721,453,11608,2723,15918
-3055,1128,385,13295,-5024,8900
-2965,1578,1011,13786,-9642,1820
-2914,1710,744,11159,-4775,6942
-2909,1714,238,10000,-2731,13417
-2740,1610,-351,9094,-4137,14366
-2548,1623,-689,7115,-3317,13536
-2181,1576,-986,3845,-1790,15089
-1593,1440,-1368,1081,-1778,17951
-1071,1489,-1529,-2081,-2078,19064
-853,1543,-1539,-1923,-3461,20520
-913,1506,-1505,-1651,-2954,21950
-1375,1501,-1418,2410,-3279,16718
-1777,1424,-1255,4973,-3921,13306
-1987,1302,-1214,7539,-1143,14569
-1916,1253,-1287,3408,-1795,16896
-1757,1248,-1271,2895,-1400,12646
-1271,1373,-1390,-1867,-2254,13111
-540,1414,-1529,-6056,-1203,17822
-159,1276,-1530,-6932,-2774,16006
-99,1329,-1525,-4604,-3091,15824
-234,1371,-1475,-4351,-2870,19876
-402,1159,-1517,-4316,-1874,18111
-816,814,-1511,-2443,207,16917
-1055,953,-1479,-843,-316,13179
-1397,1061,-1339,2064,-796,16796
-1734,1108,-1251,4303,-1583,14492
-1835,1080,-1194,4203,-592,17216
-2098,1040,-1044,5496,-1269,15584
-2367,1071,-892,6965,-1624,14273
-2625,1191,-628,9187,-1654,13632
-2795,1086,-338,10548,-1084,13088
-2926,994,-68,11365,-994,12841
-3001,893,353,12951,119,9029
-3056,817,637,14390,1011,7055
-3025,724,954,14729,1121,7806
-2991,719,1365,15567,830,4851
-2794,680,1832,16284,1126,2711
-2552,691,2310,16080,1866,59
-2166,821,2776,15145,-564,-1980
-1672,811,3263,14425,-81,-6866
-1046,833,3697,12667,-344,-9067
-511,806,4051,12097,-97,-11216
-29,854,4204,9944,-1457,-11352
547,823,4361,8951,-1912,-13591
843,785,4522,7749,784,-16572
790,767,4504,7684,-1049,-12030
753,782,4517,8846,-972,-14457
1077,756,4555,6649,1320,-15018
1488,775,4615,4694,-671,-14219
2072,747,4571,1066,-592,-14069
2713,744,4436,-1024,-279,-14701
3431,781,4170,-5747,173,-15378
4041,774,3683,-8933,-493,-16334
4293,786,3268,-10935,-443,-13922
4380,756,3241,-11118,-267,-11873
4273,798,3351,-10533,-1012,-13894
4063,836,3676,-8573,-891,-12843
3820,944,3929,-7272,-660,-13322
3689,983,4022,-5768,-901,-13771
3687,946,3971,-6912,-1930,-14330
3910,919,3849,-6956,-1361,-14278
4029,935,3744,-8142,-11,-14173
3963,909,3815,-8098,-767,-14993
3797,833,3969,-8404,-2010,-12564
3864,882,3862,-8517,224,-12295
4247,712,3358,-12891,34,-10634
4550,534,2512,-13532,-18,-10152
4438,490,1927,-14225,1880,-8342
4442,566,1851,-13837,-1085,-3883
4359,778,1771,-15947,196,-4922
4390,797,1706,-15260,-1010,-5301
4329,766,1544,-16493,-483,-1175
4329,766,1544,-16208,-2679,-1553
4165,714,1119,-17083,-461,911
4022,749,879,-16607,-815,1951
3682,923,487,-14961,-888,3880
3340,1008,77,-14565,-756,6532
3041,1115,-255,-14027,-878,8597
2639,1078,-535,-12823,-837,9464
2187,1099,-759,-11519,-1127,10133
1881,1108,-1005,-11013,-1709,12382
1434,1117,-1128,-9129,-652,14887
944,1103,-1258,-7558,-402,15646
549,1060,-1454,-4850,-951,15467
4,1106,-1411,-2754,-7,16229
-407,1103,-1443,-2100,-425,15848
-788,1064,-1467,640,262,17059
-1421,1056,-1319,3626,-2857,19304
-1833,1023,-1146,4444,-1455,16229
-1989,1100,-1076,5579,482,15546
-2324,877,-876,9847,1922,14630
-2650,664,-518,10838,3389,11015
-2857,454,-36,13262,7192,7194
-2966,305,655,14243,5507,5933
-2983,413,1176,14402,3350,1400
-2760,515,1918,15665,3477,-835
-2246,611,2640,15275,532,-5279
-1660,947,3320,13967,188,-7901
-1122,1383,3578,14169,-2813,-8636
-884,1428,3655,12540,-3037,-10765
-534,1447,3882,10652,-4306,-12109
-206,1458,4061,9592,-4467,-12898
372,1446,4237,7581,-3757,-12964
870,1367,4364,6921,-4016,-13911
1331,1407,4469,4343,-3764,-14769
1647,1423,4421,2846,-3646,-15116
2041,1359,4449,2245,-2428,-16089
2338,1263,4451,-272,-1104,-16423
2635,1138,4463,-2470,-105,-16256
3091,1024,4386,-5409,418,-15272
3476,991,4186,-6926,1077,-15948
3752,1130,3911,-9643,2053,-12945
4112,1013,3537,-11811,1475,-12053
4366,824,3189,-12425,4623,-9664
4486,792,2777,-13162,3153,-6935
4474,709,2553,-15543,3194,-5338
4452,683,2347,-14390,5182,-6403
4464,726,2164,-15849,4961,-2054
4403,848,1719,-15951,2954,-1019
4216,746,1201,-15577,4482,374
3804,917,510,-15245,2633,6820
3018,1276,-124,-11779,-2315,8719
2545,1622,-408,-11929,-74,9763
2018,1829,-674,-7943,-2168,13717
969,2048,-1098,-6140,-6040,14312
1115,1979,-968,-10531,-2844,13293
1165,2038,-914,-2471,-565,12056
818,1864,-1176,-5822,-154,16871
335,1572,-1360,-2147,1261,16111
-342,1141,-1513,1948,10334,18692
-855,619,-1479,5458,8775,16384
-1255,527,-1363,5182,5979,12761
-1635,798,-1152,10369,5814,14338
-1892,916,-1174,10616,3665,11443
-2077,1200,-1040,10471,2356,15975
-2365,1434,-718,14556,3262,8323
-2607,1410,-420,14882,1187,9945
-2889,1409,-12,14454,3602,4570
-2984,1361,524,16437,4182,-757
-2991,1311,890,16729,4201,1986
-2861,1458,1240,16260,803,470
-2773,1552,1594,17456,63,-2829
-2601,1565,1868,15935,-567,630
-2294,1702,2323,14998,281,-6512
-1818,1750,2880,14709,-4477,-15037
-1631,1807,2996,11586,-2359,-9976
-1382,1797,3209,11318,-341,-9481
-1023,1809,3482,8065,-868,-13793
-661,1823,3694,7132,-564,-15392
-254,1779,3893,5009,1079,-13142
197,1822,4055,1255,638,-14376
759,1801,4249,-1116,-120,-15199
1100,1781,4292,-3789,-156,-15354
1685,1745,4299,-6632,212,-14749
2352,1767,4218,-9886,378,-13032
3145,1694,3963,-13810,131,-10322
3715,1710,3486,-14969,1526,-5735
4051,1594,3039,-16415,520,-2789
4199,1606,2525,-17165,224,1818
4211,1599,2005,-15416,2296,4205
4116,1465,1571,-16489,-406,7490
3905,1455,1079,-14220,1397,8807
3628,1431,633,-12955,3122,10473
3401,1381,237,-12709,1453,12857
3182,1284,-8,-11945,959,13805
2701,1191,-335,-8845,2413,13523
2205,1022,-798,-7707,5181,12287
1640,893,-1096,-5741,3889,14246
936,710,-1343,-3545,7914,13017
159,1014,-1502,-3981,6905,16839
-740,1552,-1413,4072,2307,16323
-1318,1695,-1291,5762,-3232,16353
-1638,1805,-1064,4207,-2963,20002
-1787,1720,-1030,7467,-875,18236
-2169,1544,-946,9387,581,13121
-2451,1387,-720,11272,2149,13299
-2699,1613,-232,12800,646,9062
-2901,1665,418,12985,1168,3533
-2889,1554,1122,17681,1057,2445
-2648,1395,1783,14422,3685,-2160
-2093,1291,2617,13696,663,-4425
-1711,1174,3159,15473,3105,-8834
-1545,1256,3200,13793,3350,-9277
-1712,1113,3158,16079,5735,-10563
-1728,1036,3146,15799,2532,-10151
-1472,1279,3273,13598,2185,-8466
-1031,1633,3569,11907,-223,-14546
-465,1579,3889,8346,2620,-11828
345,1357,4250,5125,1899,-13788
1081,1250,4461,2133,2772,-15152
1565,1154,4501,429,3621,-13057
2038,1149,4486,-2436,3664,-15346
2420,1219,4426,-1164,2331,-14342
2787,1290,4268,-3589,1469,-16359
3378,1110,4059,-6526,2155,-12820
3746,804,3940,-10132,1333,-14039
4040,958,3600,-10543,2486,-12725
4227,1133,3166,-10748,4901,-9530
4274,1463,2579,-13717,284,-6214
3882,2009,1843,-11098,-6140,-8927
3929,1830,1596,-17935,-4193,-2017
3817,1775,1195,-16634,-1076,1144
3544,1813,623,-14627,-2411,959
2999,1522,-176,-12040,-1131,6242
2175,1165,-766,-10502,2304,9261
1459,816,-1176,-6228,6186,13975
905,699,-1311,-5898,4966,16681
373,801,-1440,-4484,5250,20084
-361,958,-1516,-2424,2945,16483
-990,1010,-1496,4899,4200,12241
-1178,1140,-1451,1475,1093,15152
-1766,1041,-1289,5484,4581,14333
-2126,824,-1041,6130,4280,16484
-2454,662,-795,10033,5142,13015
-2681,585,-430,12329,4253,10584
-2792,175,-257,9028,10867,10468
-2902,177,352,10751,8000,7147
-2993,256,868,13598,6326,6439
-3002,469,1171,15495,3431,3615
-3002,469,1171,13617,6141,-1514
-2935,521,1422,14246,6157,1563
-2888,460,1449,13817,8201,-997
-2733,242,1773,15435,8444,-7355
-2140,123,2800,6050,12362,-11949
-1439,99,3362,4235,10998,-12659
-842,194,3803,1822,5943,-15853
-180,328,4134,-3482,4917,-13559
688,391,4437,-7060,5034,-13988
1603,404,4533,-10409,4290,-10905
2407,548,4521,-14376,2129,-6880
3149,535,4343,-13918,3749,-7670
3848,538,3914,-14774,3373,-3049
4199,520,3469,-16790,2505,1537
4448,608,2925,-16624,1401,4459
4516,737,2316,-14046,2017,7100
4406,833,1930,-13664,3649,9538
4204,1095,1383,-13682,-3977,5999
3945,1261,962,-12413,-707,11203
3565,1362,372,-6477,1910,15203
2903,1134,-314,-5926,-1723,17946
2372,465,-755,-3842,1872,12986
1661,148,-999,4075,5925,20324
1316,234,-1157,6438,6321,15626
816,488,-1283,2857,-1773,13789
331,978,-1412,6012,-6275,20173
-148,1484,-1384,11030,-434,18528
-908,2083,-1125,9314,-7978,11119
-1528,2293,-803,13925,-2506,5453
-1875,2415,-519,11637,-6515,8461
-2130,2182,-549,13988,1561,12073
-2475,1638,-556,14635,1987,6118
-2699,1704,-305,15494,4942,8027
-2790,1786,-25,15371,3671,2861
-2739,2111,533,13068,-815,4271
-2513,2362,1222,14938,-11771,-4307
-2063,2545,1820,12994,-3405,-3953
-2506,2119,1712,14668,1580,-6650
-2614,1799,1791,15884,4302,-7504
-2411,1924,2200,16141,-799,-9157
-2006,2039,2613,14081,-1942,-12552
-1364,2271,3031,9037,2729,-11648
-330,2474,3491,6735,-5442,-14192
915,2219,4011,3954,1509,-17375
1800,1759,4368,-1349,-3901,-17060
2240,811,4572,-2492,-737,-18041
2118,-174,4484,-3513,-407,-17662
1615,-1050,4221,-2033,3939,-16996
983,-1520,3777,-434,5725,-17652
131,-1608,3357,2986,10675,-14089
-728,-1505,2891,7568,8368,-4179
-1266,-1457,2347,12427,12089,-7063
-1362,-1567,2164,14048,15705,-7793
-1497,-1425,2244,13130,8132,-6431
-2257,-403,2297,13876,1249,159
-2853,746,1582,15055,-2913,11736
-2912,1665,1101,9619,-11248,13036
-2273,2593,1278,6556,-17529,8326
-1422,3058,1878,7450,-14423,-1772
-966,3224,2080,7346,-12116,-712
-647,3347,1978,11865,-15773,-4114
-826,3380,1684,12058,-10162,-2540
-1095,3332,1434,12201,-9447,-2165
-1388,3246,1256,14295,-10858,-4361
-1465,3241,1152,12901,-14675,4614
-1641,3129,964,12968,-17325,-905
-1817,3012,622,10875,-10859,-1943
-2235,2635,218,15781,-6467,-2769
-2463,2542,360,11324,-8106,-1880
-2561,2329,209,15094,-6212,-1013
-2646,2210,233,12918,-8191,-2418
-2743,2127,228,14348,-8815,-3995
-2714,2045,80,12319,-7583,490
-2842,1819,-3,9660,-8872,3096
-2826,1802,-57,9493,-13280,-121
-2914,1645,9,14454,-12688,3340
-3010,1376,146,13707,-10627,94
-3108,1262,456,12299,-9738,5284
-3024,1467,905,12457,-10727,3706
-2779,1695,1386,12710,-8968,4996
-2619,2091,1513,11251,-10827,6110
-2133,2666,1581,7928,-13562,5563
-1240,3335,1408,5429,-12391,6981
-497,3519,1255,6416,-15148,6984
840,3426,629,-1557,-9700,10773
1883,2883,264,-3847,-11126,11376
2243,2345,-179,-4358,-6049,17421
2339,1855,-438,-1852,-3583,15471
2345,1377,-714,-1389,-534,16652
1843,837,-1070,-735,-322,16778
1205,147,-1343,7256,4730,20143
598,-230,-1312,5482,6614,16403
423,-233,-1338,7534,4076,12353
394,-157,-1395,8967,5013,12871
642,-237,-1243,1885,-2828,15225
681,-178,-1233,1606,-2397,15536
1365,4,-1118,-1513,9111,22286
2156,247,-843,-5835,-4378,21643
2163,320,-830,-3532,-3201,15170
1803,235,-1016,-5065,-6275,14794
1244,202,-1271,-4641,-5717,13823
1155,161,-1254,-4590,-5542,15291
797,410,-1355,-1300,-6410,14098
859,789,-1349,296,-5914,14197
966,1000,-1334,-3408,-7210,13915
712,1014,-1415,-712,-8369,14798
527,708,-1455,-1333,-9379,15793
181,390,-1479,1081,-5125,11706
-120,512,-1548,-2413,-6555,6670
1357,176,-1234,-10904,-4831,17601
1512,-530,-956,-11098,2546,12078
1702,-1194,-422,-11963,9006,9348
1832,-1535,-166,-10895,11752,7177
1953,-1566,-26,-9841,11757,6079
2214,-1561,87,-10580,14761,2696
2235,-1578,154,-10041,13467,3604
2462,-1436,118,-8706,12828,4507
2845,-1159,146,-9632,11672,4546
3181,-815,275,-9480,10935,2649
3806,-303,722,-15236,9042,3014
4281,-61,1499,-13929,8503,742
4418,-137,1870,-14089,8157,-2404
4546,41,2431,-12484,7267,-8993
4366,253,3266,-10650,6755,-8977
4000,485,3715,-9822,1141,-14056
3489,1067,3981,-6000,1878,-10518
2985,1654,4072,-357,-3439,-19917
1655,2201,4014,3244,-3778,-18089
137,2725,3357,10640,-8879,-12760
-1298,2988,2040,14277,-4549,-3696
-1750,3107,897,15244,-6313,4491
-1823,2990,304,14314,-6482,8123
-1775,2916,84,12244,-7386,10849
-1742,3010,208,9727,-7835,8981
-1900,2972,555,11634,-9993,6428
-1927,2936,962,14331,-5799,2306
-1615,3021,1476,12118,-11675,2634
-1410,3077,1758,12618,-11095,793
-1486,3051,1756,13328,-10723,-753
-1674,3009,1512,12564,-10107,3010
-1683,2981,1469,12597,-11103,2794
-1851,2925,1350,12295,-10353,4280
-1940,2876,1319,12933,-11375,2900
-2063,2843,905,10247,-11221,8550
-2177,2772,570,12329,-8900,9384
-2257,2605,166,13446,-4688,8440
-2257,2605,166,12230,-4281,11649
-2315,2251,-372,11031,537,14382
-2289,1720,-769,10213,2094,7960
-2547,1483,-642,8412,3671,14324
-2558,1181,-664,12047,3241,11787
-2704,1066,-515,12086,-596,7447
-2792,1352,-285,8915,2923,15442
-2735,1185,-288,7971,2762,14876
-2627,1071,-606,3561,1313,15609
-2262,1316,-936,8925,1984,14352
-2177,1271,-1025,6598,431,16244
-1902,1248,-1138,5795,944,19180
-1819,1263,-1114,7795,2735,9260
-1844,1450,-1137,4826,-1138,17177
-1851,1108,-1183,5473,928,15240
-1749,998,-1195,5219,4089,15775
-1607,1027,-1256,4560,2371,17640
-1437,1208,-1318,-2267,-4180,17205
-954,1301,-1463,563,4633,17774
-862,375,-1462,6074,11155,9862
-1351,-446,-1033,1503,13456,12160
-1186,-931,-774,1854,13230,8162
-1036,-1299,-475,2587,13924,1594
-557,-1960,369,818,16777,797
43,-2324,1127,142,17399,-5549
208,-2259,778,-2244,18573,3115
508,-2198,537,-2603,11965,1685
1050,-2085,335,-5215,14646,249
1531,-1913,309,-9272,12316,-226
2649,-1631,613,-15727,10113,-443
3821,-1011,1204,-13412,4198,-3451
4332,-246,1406,-14304,11,-4379
4525,380,1715,-15125,-6342,-6140
4437,1177,2217,-12101,-9976,-3843
3864,2163,2281,-6068,-12418,-6691
3214,2724,2104,-5444,-15230,-4092
3008,2879,1941,-4561,-15770,-2838
2750,2980,1649,-3670,-16745,1097
2339,3108,1295,-628,-15481,2955
1959,3214,794,1230,-16128,3682
1588,3173,428,152,-10971,11302
1058,3164,104,5356,-13724,8991
920,3218,87,2206,-13408,8352
413,3299,151,1311,-11877,14761
-243,3263,-55,3151,-5861,10396
-1119,2782,-625,2241,-1817,11004
-1233,1784,-1291,-658,3045,16828
-387,1073,-1538,-12303,9616,11565
1434,429,-1165,-17831,6590,8705
2749,250,-363,-14231,3558,8196
2514,156,-506,-13996,3880,9037
2154,242,-785,-12049,2757,12598
934,634,-1350,-3136,2309,16567
-75,444,-1472,-7202,1071,20173
-616,564,-1510,-4445,1205,18259
-654,942,-1461,-3120,-5276,17529
-1283,830,-1384,1757,229,3762
-1178,38,-1283,-1770,9639,13453
-1141,-692,-1020,3867,10162,14898
-1436,-558,-932,1618,7441,19596
-1334,-338,-1099,4967,6524,16023
-1481,-184,-1140,3778,11536,18373
-1340,-409,-1078,214,11532,15995
-1440,-555,-975,-189,7177,14351
-1563,-545,-860,3087,2695,11313
-1610,-428,-851,3760,-452,14834
-1516,-298,-988,-341,311,18806
-1334,-218,-1154,-1696,-593,15321
-1148,28,-1239,-4261,-3063,16424
-857,199,-1353,-3929,3129,14956
-751,190,-1350,-535,2887,19602
-990,363,-1276,3124,4389,16225
-1001,400,-1408,3069,2004,14443
-1135,683,-1420,291,1273,12596
-1013,765,-1428,-121,166,14480
-1232,976,-1432,1086,-594,14087
-1407,1129,-1379,-1553,-3778,17586
-1063,1231,-1402,-2787,-5967,21243
-862,1337,-1440,-4209,-5669,22310
-666,1215,-1596,-2293,77,22638
-1188,1048,-1466,-3067,-6555,14359
-1768,1104,-1261,7897,-2973,24834
-1709,597,-1326,6326,13050,24762
-1982,399,-1133,7923,1650,13753
-1868,386,-1197,4898,877,16189
-1681,298,-1329,-71,3122,18447
-1182,-25,-1389,-1837,-355,14418
-541,-561,-1223,-4065,2277,19411
-263,-892,-1043,-496,3534,17460
-154,-589,-1172,3924,867,14738
570,-667,-1061,-3017,3700,15673
1634,-1045,-560,-5652,2191,20023
2069,-793,-560,-3311,1806,14717
2163,-309,-752,-2738,293,16139
2083,231,-952,-893,-2281,15012
2102,551,-921,-746,-143,15600
2418,660,-703,-5714,-894,20753
2443,666,-754,-2026,676,17656
2432,646,-737,-1888,-634,16065
2440,696,-713,-2305,-900,16614
2420,653,-792,-2331,-1121,16545
2435,666,-723,-2202,-204,18679
2664,771,-574,-4528,-1535,16144
2428,1202,-669,-5304,-1837,17099
1346,1651,-1033,1221,121,14843
178,2396,-1047,3341,-7486,15824
-238,2466,-1052,1696,-4339,19336
-503,2296,-1174,596,-3176,14345
-617,1878,-1320,-827,206,17507
-1016,1589,-1360,-918,-2266,16810
-1485,1330,-1348,270,-1432,17693
-1654,957,-1305,2288,3852,13494
-1722,629,-1349,658,-2617,17177
-1682,328,-1262,5504,435,10042
-1632,350,-1319,1676,1947,14245
-1738,345,-1212,4934,1606,14833
-1548,392,-1378,664,1563,18489
-1628,542,-1382,2119,-115,17303
-1732,773,-1367,4155,1276,14397
-1434,1094,-1439,2886,3316,16768
-1186,1535,-1421,3383,452,18162
-913,1934,-1362,1792,-1684,16913
-668,2106,-1345,992,-2782,16885
-514,2229,-1253,1320,-2210,16804
-416,2313,-1181,2737,-2340,16056
-305,2328,-1125,2849,-2085,16002
8,2276,-1197,2407,-1900,16137
155,2198,-1232,2433,-2510,17128
459,2047,-1218,2052,-493,16942
805,1959,-1175,-453,-2448,16854
990,1816,-1163,1397,-2251,15287
1178,1692,-1136,822,-1479,17713
1275,1661,-1084,1001,-2151,17416
1327,1630,-1095,688,-2667,16425
1464,1529,-1076,727,-3139,16020
1566,1330,-1048,393,-3249,17023
1721,1168,-1042,-452,-1586,16160
1903,995,-932,291,-1639,16899
1913,830,-936,-171,-1771,16642
1946,693,-989,132,-1294,16505
1966,627,-1007,-335,-1291,16946
2027,478,-880,-1493,-1596,16525
1999,315,-910,-1484,-748,17697
1894,128,-916,-702,586,16273
1797,-35,-910,-838,-1185,16773
1673,-168,-940,-1214,-461,16672
1673,-168,-940,-828,288,16815
1601,-273,-909,-879,609,16134
1434,-396,-933,-387,127,14651
1337,-570,-804,-3331,2423,18872
1383,-827,-743,-2459,3498,18300
1477,-856,-702,-1143,2527,16465
1480,-843,-774,-1459,2220,16443
1450,-819,-716,-1549,2181,16686
1475,-835,-729,-1684,2084,16572
1546,-848,-691,-1230,2329,16853
1467,-831,-691,-778,1280,16579
1505,-823,-686,-1209,4267,18003
1552,-847,-774,-1620,898,15714
1428,-729,-902,-3376,2718,19077
1308,-777,-876,-3547,584,16854
844,-776,-973,-1810,1733,16074
360,-815,-1044,-516,1878,18138
12,-740,-1112,-895,1603,16233
-306,-599,-1143,-620,1158,17853
-492,-476,-1166,-1304,1135,18456
-621,-386,-1281,476,1919,16717
-833,-332,-1285,638,1902,18323
-1020,-117,-1320,1274,792,15757
-1311,117,-1308,808,237,15851
-1345,236,-1305,817,1062,16890
-1419,416,-1401,907,1093,17299
-1302,537,-1425,1046,879,16705
-1391,707,-1388,1076,740,16813
-1382,870,-1419,1916,1095,16762
-1332,933,-1387,1740,758,16703
-1329,1128,-1313,716,-4271,16189
-1251,1430,-1418,1159,302,16422
-1160,1709,-1343,2715,-3927,16632
-1078,1870,-1316,2024,-1271,17261
-882,2037,-1262,1493,-2030,22134
-886,1966,-1306,2529,-3615,16790
-923,2057,-1302,4264,-1418,13061
-1073,2088,-1249,3238,-679,15564
-1017,2060,-1210,3439,-1774,16759
-1003,2033,-1255,2906,-1853,16509
-994,2040,-1284,4438,-1271,15667
-973,2052,-1286,3528,-2801,16516
-941,2053,-1285,2530,-854,19566
-616,2252,-1213,815,-7062,16292
-279,3066,-499,711,-10942,9064
-50,3614,908,-2168,-11452,5085
299,3157,3010,1044,-5178,-11733
808,536,4514,-219,1127,-19016
917,-266,4453,-791,2656,-19766
409,-693,4202,5220,2426,-17372
-157,-758,4015,2192,1311,-17672
-103,-693,3965,3525,1211,-15513
-178,-717,3957,3004,1616,-15666
-216,-736,3912,3397,1718,-15751
-215,-733,4001,3490,1642,-15756
-238,-744,3942,3092,1263,-16042
-77,-778,4034,1821,2354,-14858
98,-879,4023,1564,2295,-15528
387,-1127,3953,3461,4052,-16282
785,-1291,3972,1282,4135,-14328
1195,-1345,4025,1060,4313,-17406
1565,-1157,4162,1046,3481,-15100
1737,-883,4341,1881,4669,-13928
2039,-779,4480,1959,3868,-17067
2444,-628,4477,1388,3301,-16328
2367,-313,4466,-204,1782,-14641
2522,-24,4528,-395,1109,-17116
2733,257,4492,-707,2453,-15999
2871,448,4463,-2248,1104,-17320
2913,647,4424,-1795,-291,-17210
2788,929,4462,-679,1150,-16155
2607,1144,4442,-98,403,-15308
2363,1286,4433,-27,-41,-16982
2092,1508,4426,1118,1273,-15823
1933,1626,4395,-36,-921,-16389
1880,1721,4328,-123,-1310,-15839
2079,1841,4235,646,-4010,-11284
2062,1869,4222,-543,-2641,-15026
1992,1861,4195,-815,-1553,-15800
2056,1876,4246,-1012,-1456,-16082
2062,1878,4208,-1033,-1412,-16051
2048,1835,4209,-1763,-1209,-15926
1957,1808,4218,-1423,-1499,-17879
1939,1822,4225,-650,-2689,-17571
1607,1971,4174,-13,-1973,-14375
1406,2165,4049,62,-2024,-15443
1159,2227,4028,1006,-3215,-15737
864,2146,3974,693,-2123,-16059
681,2143,4027,472,-2268,-15820
515,2110,3954,589,-1533,-14973
374,2045,3943,183,-2231,-16798
170,2010,3990,1396,-2518,-16044
-125,1954,3810,971,-2094,-16030
-380,1874,3826,486,-2479,-16261
-590,1754,3818,1247,-1916,-14851
-695,1530,3813,1516,-3008,-17697
-899,1413,3742,2347,-2572,-15200
-949,1410,3720,1812,-3237,-14352
-944,929,3823,3366,-1366,-17086
-1012,546,3860,3847,1406,-15671
-879,555,3909,555,-1394,-15478
-907,396,3895,1816,-785,-16153
-720,-38,3990,2700,1868,-15473
-654,-76,4003,1234,-1108,-16889
-568,-323,3986,1712,2422,-14410
-587,-433,3874,4019,132,-19909
-691,-463,3831,3423,-55,-15811
-707,-441,3843,3762,1161,-15990
-690,-450,3804,3842,1187,-15689
-692,-432,3790,3711,978,-15642
-688,-442,3798,3879,1146,-15737
-663,-427,3827,3897,927,-15354
-642,-450,3880,2894,1773,-17145
-617,-492,3809,4806,2194,-14919
-540,-602,3821,2365,-315,-17331
-194,-795,3934,2926,3025,-16010
145,-1076,3893,1881,4717,-14715
620,-1136,4068,2531,3237,-14871
977,-1084,4163,2265,3460,-16083
1283,-974,4251,2015,3308,-14698
1415,-1041,4214,2260,4271,-15969
1707,-973,4319,2017,4457,-14742
2015,-762,4392,888,2067,-15058
2396,-619,4450,-151,1802,-16828
2638,-398,4466,-424,2411,-16659
2846,-136,4479,-1037,2667,-16013
2904,99,4479,-1512,965,-15240
2870,206,4537,-1669,609,-16658
2777,233,4522,37,2071,-13819
2805,518,4517,-725,2183,-12928
2937,532,4500,-1892,1677,-17214
2935,524,4469,-807,2115,-15360
3041,505,4477,-1207,1864,-15547
3046,509,4462,-2260,1177,-16902
2948,470,4507,-645,1445,-17702
3087,210,4467,-2025,5490,-16394
3375,-716,4117,-5190,10239,-13089
3232,-1792,2991,-6535,8684,-8144
2279,-2306,1672,-2231,9269,-4084
1441,-2147,545,-1301,14618,-3847
1279,-2005,252,-187,16476,2629
1273,-1990,252,38,17510,2463
1221,-1955,228,-198,16836,1181
1264,-2000,265,-911,15370,3065
1313,-1992,278,-1840,15472,737
1313,-1992,278,95,15642,3817
1205,-1944,197,-242,16231,2539
1344,-1981,316,-365,17018,3389
1263,-1961,295,-2228,15088,2598
1329,-1981,306,-311,17814,1604
1546,-2023,444,1277,17814,2205
1776,-2069,629,-1705,13922,2825
2039,-2023,699,-1008,15713,743
2140,-2123,881,-1083,15866,1814
2264,-2090,996,-532,16620,331
2569,-2049,1289,-2442,15544,2715
2651,-2145,1731,-1239,17048,2396
2844,-2106,2104,-2338,16135,585
2876,-2092,2226,-1226,17457,-461
2961,-2104,2436,-2993,15180,-3079
3163,-1973,2623,-3649,15220,382
3202,-1955,2689,-3567,16003,-663
3206,-1923,2676,-3284,15984,-275
3193,-1912,2730,-3047,15277,-955
3114,-1928,2761,-4109,15837,946
3079,-1955,2757,-2568,14145,-1815
2946,-1983,2856,-1535,16705,-2300
2797,-1953,3146,-1409,15471,-2433
2432,-2039,3294,-1955,16343,-3674
2002,-2107,3329,-2137,15739,-1241
1495,-2088,3290,-1620,15729,-878
1018,-2107,3214,-923,15535,-1591
746,-2148,3020,-375,16577,420
348,-2168,2826,-571,16946,-535
49,-2219,2379,-461,16789,-347
-189,-2213,2072,-546,15684,-137
-459,-2188,1756,-67,16491,269
-545,-2192,1649,193,16677,1722
-530,-2202,1387,1046,16386,-369
-451,-2182,1158,371,16588,-3254
-565,-2185,1030,478,16234,-38
-584,-2101,840,2167,15946,43
-415,-2124,700,1158,17205,370
-326,-2132,602,1456,17079,1313
-188,-2107,480,1175,16720,1916
-129,-2072,449,2180,16181,620
-196,-2086,437,2233,16004,1639
-446,-2075,572,1842,16312,-2
-757,-1990,609,2386,16314,1237
-830,-2039,707,1830,15734,924
-804,-2034,831,2131,16352,553
-860,-2057,881,2116,16442,462
-901,-2024,945,2269,16964,765
-978,-2003,1089,2024,16124,305
-988,-2006,1275,1867,16385,437
-993,-2023,1436,2490,16649,-821
-968,-2009,1638,1996,16747,188
-851,-2035,1826,1301,15707,-646
-821,-2006,2002,1689,16091,-387
-716,-2018,2156,1682,16136,-805
-615,-2022,2413,2006,16562,-1597
-366,-2001,2673,1559,16306,-925
-138,-1966,2920,2129,16647,-631
58,-1956,2927,2757,16721,-1773
175,-2096,2864,2382,15515,-174
405,-2118,2958,3098,16138,243
581,-2131,3007,1747,15608,1089
854,-2193,3008,2588,15686,-262
1164,-2209,3074,1436,16195,-1372
1427,-2201,3032,1784,15928,-600
1780,-2306,2879,2080,16647,-1544
1974,-2298,2797,1795,17061,-51
2083,-2327,2718,1351,16322,-765
2181,-2323,2513,1745,16243,-309
2250,-2336,2334,1699,16358,343
2259,-2321,2205,1197,17304,805
2189,-2354,1940,875,16590,327
2172,-2306,1603,464,15985,519
2270,-2286,1516,1183,17181,-983
2280,-2260,1422,240,18015,3146
2021,-2235,983,-591,14922,-992
1684,-2183,710,19,16973,2495
1623,-2129,614,-82,16135,2133
1492,-2079,486,186,17399,2082
1195,-2018,326,-819,17049,4124
751,-2029,172,-4,15927,2145
343,-1999,116,560,16523,3602
-87,-1961,124,2062,16099,2195
-332,-1939,112,2018,16210,2659
-570,-1859,175,3087,17110,2575
-844,-1865,303,1539,16393,3728
-1061,-1836,431,2662,16019,3066
-1147,-1815,462,1921,15963,3431
-1149,-1880,764,3423,14843,1458
-947,-2017,944,1516,19535,3471
-888,-2011,945,1521,17642,612
-815,-2089,1244,2621,16161,-2199
-863,-2078,1388,1993,16684,-2274
-896,-2111,1366,2009,16253,-223
-847,-2073,1325,2066,16495,-955
-870,-2124,1393,1784,16474,-787
-855,-2103,1374,1734,16541,-907
-860,-2078,1343,1772,18439,1571
-710,-2116,1742,950,17162,-5313
-564,-2050,2302,2262,15172,-3940
-321,-1726,3154,-4886,8543,-14093
466,-742,4198,-1319,4970,-17722
499,125,4433,-3472,1294,-14819
393,941,4383,-2860,-7444,-14479
221,1901,3953,-3105,-7161,-9377
228,2441,3637,-4190,-13937,-12916
42,2856,3086,-3509,-15328,-12047
-774,3328,1661,2354,-8621,4361
-713,3411,1471,-1878,-14905,-3256
-399,3484,1656,-6035,-22819,-1842
-491,3490,1674,-3433,-13355,-1583
-951,3364,1468,1428,-16228,1708
-1098,3277,1403,-138,-14910,1370
-1209,3278,1386,889,-16604,1267
-1349,3188,1460,3525,-14548,-432
-1305,3210,1517,2022,-15947,-297
-1281,3279,1375,2307,-16079,3765
-1282,3224,1556,2510,-18114,-2551
-1169,3246,1710,2504,-17752,-1329
-1028,3216,1887,1579,-16564,-712
-822,3199,2138,1822,-16102,-1631
-668,3212,2282,1304,-16198,-1507
-480,3206,2398,1403,-16103,-1977
-348,3208,2525,749,-16502,-1936
-259,3165,2600,741,-16817,-1355
-184,3186,2565,693,-16109,-1178
-64,3217,2582,757,-16420,-851
49,3214,2639,621,-15723,-444
182,3232,2662,449,-16296,-1129
375,3208,2746,751,-16955,-1364
526,3209,2789,395,-16535,-1272
571,3175,2822,768,-16482,-1030
640,3201,2855,673,-16578,-1344
779,3151,2917,638,-16999,-2115
866,3128,2931,834,-16398,-1809
997,3169,2891,738,-16054,-1657
1129,3176,2895,427,-16009,-1879
1314,3155,3005,139,-15817,-2030
1534,3103,3031,-298,-16819,-2395
1763,3116,2959,-648,-16403,-1796
1984,3115,2866,-723,-16178,-1756
2062,3108,2745,-341,-15755,-1957
2131,3103,2780,-367,-16212,-2225
2181,3159,2545,-1252,-16626,-1171
2181,3159,2545,-1204,-16807,-1001
2225,3188,2272,-1716,-16730,-886
2312,3242,2028,-1328,-16363,216
2355,3204,1942,-1168,-17135,-1167
2407,3180,1781,-70,-15644,476
2355,3213,1659,-1085,-16420,516
2313,3193,1542,-1487,-17193,582
2316,3177,1337,-1473,-16529,-66
2150,3227,1175,-1036,-16100,-640
1985,3254,996,-1208,-16828,-126
1971,3242,975,-800,-17145,-411
1787,3254,777,-1095,-16912,422
1590,3276,533,-475,-16702,825
1360,3284,336,-237,-17401,705
1065,3267,290,262,-15894,768
776,3308,205,-141,-15826,413
512,3287,114,181,-17633,99
368,3316,155,-644,-17008,158
192,3319,162,-677,-16895,708
-116,3323,39,-533,-16373,980
-413,3282,5,696,-16168,1060
-608,3286,3,967,-15530,223
-733,3302,236,240,-16997,834
-898,3347,426,-9,-16758,1486
-1066,3268,502,610,-15729,128
-1149,3300,532,905,-15293,1082
-1160,3303,702,1202,-16626,-570
-1254,3269,988,369,-17264,411
-1251,3260,1205,1327,-16356,-59
-1262,3233,1426,2628,-15950,-2150
-1201,3196,1542,569,-16836,-1030
-1219,3220,1503,2982,-16034,-321
-1385,3157,1444,1031,-17290,-455
-1275,3221,1547,2763,-15635,-254
-1353,3199,1487,2200,-16283,-490
-1379,3183,1512,1849,-16699,-415
-1300,3215,1464,2012,-16273,-431
-1319,3220,1459,2156,-16293,-361
-1295,3234,1466,1929,-16132,-560
-1316,3182,1438,1061,-20389,-8372
-1354,3238,1221,2878,-15925,3449
-1566,3153,391,3005,-11133,9163
-1685,2867,-118,3496,-12314,13253
-1802,2621,-472,3431,-10963,13627
-1786,2477,-602,4216,-10411,12407
-1898,2287,-619,4256,-12769,12913
-1849,2441,-560,3296,-10700,11154
-1834,2548,-402,4839,-12106,9842
-2103,2488,-305,6336,-14143,9605
-2366,2166,-260,7803,-9542,8104
-2655,1693,-320,8924,-9783,9321
-2727,1509,-235,12745,-9723,6664
-2841,1327,-85,10437,-8437,9661
-2860,1189,-81,11938,-8113,8362
-2893,967,-78,12190,-6079,8989
-2949,638,141,12866,-3768,4986
-2991,409,740,14118,-4928,4856
-2879,191,1048,15066,-1495,2109
-2749,-166,1304,18156,-604,452
-2699,-520,1218,18216,-956,-766
-2688,-386,1307,17435,-2061,-1426
-2608,-442,1332,15467,357,-2646
-2612,-613,1263,15937,-1346,636
-2503,-743,1024,15678,1807,-7384
-2466,-774,820,18087,4455,9550
-2396,-895,842,14566,-11,2378
-2126,-1208,938,14108,8307,7026
-1555,-1650,699,14927,6718,1815
-1541,-1630,534,14489,5120,5102
-1765,-1464,516,14937,5220,4557
-1819,-1378,454,15363,5793,4113
-1916,-1277,315,15117,3821,2105
-1893,-1170,172,15758,5094,4207
-2028,-1012,31,16219,4623,2877
-2187,-794,-74,15284,2585,2376
-2313,-499,-271,15899,4674,1730
-2368,-347,-384,15163,2706,2323
-2434,-142,-526,15702,2200,3187
-2633,163,-461,16360,1836,2361
-2612,470,-448,16503,826,1965
-2677,712,-449,15734,783,2338
-2782,969,-437,15967,423,2238
-2806,1227,-371,16742,549,1915
-2808,1431,-270,16359,378,1332
-2852,1560,-86,16928,-425,1704
-2861,1570,83,16782,303,867
-2849,1645,273,16828,236,971
-2918,1625,376,16420,880,953
-2864,1694,583,16053,826,1518
-2892,1699,753,15969,745,669
-2836,1727,942,16756,491,126
-2820,1745,1043,16544,40,746
-2798,1762,1302,16270,536,1111
-2725,1716,1542,15125,-653,-716
-2633,1655,1741,16076,1516,-322
-2606,1612,1847,19128,-564,1025
-2570,1616,1807,17339,559,-3678
-2640,1638,1729,15437,-1669,1794
-2616,1701,1831,16484,-557,-731
-2572,1681,1884,16174,-28,-72
-2534,1763,1921,16693,-3088,-1234
-2582,1736,1799,14627,-3916,858
-2620,1712,1711,16359,-1316,-261
-2626,1741,1791,16891,249,-72
-2545,1766,1888,16972,-2011,-3026
-2518,1620,1959,16198,-875,-1855
-2413,1571,2208,15611,439,-2101
-2297,1446,2454,16624,-330,-2391
-2332,1333,2452,15766,159,-1334
-2363,1251,2414,16493,645,-1408
-2393,1099,2436,16880,-320,-891
-2413,962,2407,15847,-86,-1658
-2425,793,2394,16318,33,95
-2518,630,2273,16469,385,-6
-2542,435,2209,16122,-237,773
-2601,250,2073,16603,-392,39
-2636,47,1957,16391,261,867
-2589,-129,1869,16590,43,-142
-2417,-366,2081,16348,294,-1176
-2290,-515,2114,16811,1284,-953
-2357,-649,1883,15634,1404,-205
-2368,-667,1755,16053,894,-778
-2364,-779,1685,16881,605,-1490
-2402,-794,1566,16415,376,50
-2478,-776,1290,16025,1272,-350
-2538,-710,1041,16050,679,-274
-2550,-713,885,16617,799,-793
-2620,-640,729,16447,388,-626
-2716,-419,666,16028,1086,-1685
-2674,-435,449,16454,838,-704
-2689,-462,301,16297,796,-395
-2668,-464,247,16927,828,-701
-2735,-369,233,15420,1337,212
-2690,-261,-30,16325,1670,994
-2610,-177,-94,16343,3416,1018
-2705,-19,-233,17249,2620,1007
-2763,203,-220,16697,1905,810
-2752,309,-203,16175,1981,788
-2835,450,-185,16591,2065,325
-2902,653,-42,16125,2526,-354
-2921,829,67,14858,-2672,-2289
-3012,816,193,15245,-1391,-2678
-2959,630,328,16509,-861,-6558
-2929,291,273,14807,1154,-1583
-2722,-253,263,14648,5859,-2501
-2722,-253,263,14177,12107,-7733
-2314,-958,583,11429,11648,-5286
-1614,-1605,1049,11305,5654,4454
-1135,-1893,1216,5837,13768,-5057
-845,-2050,1152,3360,17428,-1028
198,-2348,1217,1007,17379,-1590
1021,-2299,771,-3617,14716,2464
1738,-2044,543,-5959,15428,1567
2467,-1682,401,-7990,7289,4253
3095,-1602,905,-12676,8264,-1719
3667,-964,906,-17249,7012,794
4016,-28,749,-16401,2553,-638
3886,852,576,-17793,496,4272
4004,990,787,-16893,-886,1580
4062,855,782,-16623,-189,1292
4005,675,760,-15561,-597,758
4052,476,691,-16276,167,924
4025,443,743,-15862,-1464,2273
4050,310,771,-15749,-1758,2098
3999,159,727,-16136,-1641,2997
3936,-28,715,-15549,-752,2921
3963,-205,818,-15759,-944,3057
4009,-351,906,-16368,-184,4172
4043,-451,1033,-15790,61,2929
4032,-574,1150,-16279,-299,1771
4143,-573,1349,-16203,-674,2795
4194,-530,1480,-15265,-945,2524
4258,-528,1605,-16707,-1275,4662
4300,-547,1719,-15664,-1466,3256
4373,-486,1841,-14679,61,4898
4427,-419,1972,-14735,-659,4224
4331,-543,2040,-22967,-1479,5929
4379,-661,2161,-14205,-1170,2022
4322,-709,2062,-16108,1089,3189
4319,-796,2118,-15919,1377,3296
4306,-845,2190,-15792,1538,2678
4270,-830,2217,-16126,1330,2654
4242,-870,2233,-15846,1593,2903
4252,-837,2195,-15409,1387,3830
4272,-909,2197,-16446,-530,3594
4362,-843,2300,-15858,2669,3358
4397,-726,2511,-16781,1212,-759
4400,-576,2961,-16505,1575,35
4329,-564,3262,-15460,1196,110
4272,-492,3402,-15672,2871,-2401
4270,-332,3646,-16366,815,-2179
4220,-198,3707,-15539,2890,-3603
4193,-30,3739,-15737,2156,-3044
4180,122,3838,-16067,2230,-4017
4105,340,3798,-15849,1354,-2653
4081,533,3832,-15304,2136,-4021
4048,610,3931,-16076,1384,-4028
4065,768,3857,-15332,1380,-5221
4015,928,3890,-15482,1120,-4242
3963,1014,3833,-14898,1659,-5824
3902,1148,3883,-15217,1063,-6247
3846,1241,3845,-14167,1052,-7895
3841,1296,3790,-15286,1193,-9659
3867,1237,3836,-13013,924,-6766
3891,1151,3841,-12755,893,-7674
3801,1345,3788,-11492,4196,-7802
3737,1631,3677,-13719,-1090,-10857
3769,1730,3500,-12616,-142,-7083
3684,1814,3541,-13327,-1693,-9307
3502,1936,3530,-11922,-2069,-9771
3397,1995,3567,-11117,-1344,-11942
3440,2107,3286,-13679,-2595,-8931
3595,2232,2849,-15553,-3505,-4888
3815,2086,2815,-13978,-4074,-4750
3842,2132,2547,-14188,-2927,-2712
3870,2078,2247,-16046,-1609,-477
3945,1973,1982,-16566,-1830,24
3914,2073,1806,-16485,-565,-1002
3956,1945,1513,-16467,-3501,549
3697,2099,1305,-16065,-1533,1523
3728,1822,950,-14559,-4212,886
3657,1706,767,-16065,-1551,1683
3683,1429,586,-16186,-2088,1639
3791,1153,573,-15976,-1260,2946
3715,1064,480,-17043,-2196,2176
3715,998,465,-16180,-2101,1676
3763,854,523,-14275,-1527,2880
3820,548,512,-16071,-1404,2013
3887,376,600,-15808,-1315,3319
4003,205,741,-16538,-2685,1238
4022,106,832,-15941,-651,2441
4080,54,881,-15887,-2365,2285
4159,-14,1013,-16362,-2623,1986
4208,-84,1118,-15943,-1605,2946
4234,-112,1253,-15768,-2066,2035
4321,-207,1413,-15871,-2106,1745
4302,-275,1546,-15344,-1980,1838
4309,-347,1659,-13990,601,-218
4311,-546,1835,-16904,-2505,3627
4356,-644,2103,-16052,-89,2156
4380,-614,2162,-13794,2003,1569
4364,-680,2163,-17614,-726,2649
4309,-785,1999,-15086,152,3204
4306,-817,1916,-15475,721,3588
4144,-862,1731,-14782,1542,5977
4170,-904,1728,-14897,1735,4943
4160,-928,1798,-14812,1705,4376
4125,-1013,1958,-16316,1991,83
4057,-1053,1854,-14789,3520,4804
4149,-1069,1888,-15851,1728,2827
4129,-1093,2089,-16949,3106,3022
4120,-1136,2295,-15012,4101,2314
4113,-1120,2718,-15566,4602,-198
4055,-1092,3062,-15107,3999,-1735
3977,-954,3461,-15866,4747,-3865
3823,-684,3817,-14880,5414,-3320
3600,-547,4098,-13226,4846,-8426
3111,-451,4326,-12363,1910,-10376
2419,-147,4567,-11264,4951,-10579
2114,262,4690,-8594,79,-11706
1776,504,4673,-8373,988,-12442
1101,584,4602,-6511,-1127,-15199
605,984,4434,-5045,-5971,-13325
507,1039,4384,-2110,-4508,-16356
63,789,4306,-2379,-780,-15601
-122,877,4189,-1489,-3360,-15981
-154,1129,4160,-900,-5377,-15934
-251,1679,3974,-1211,-8960,-13409
-237,2218,3574,-762,-10389,-12025
-292,2636,3322,-1383,-13598,-9931
-310,2975,2886,-1402,-14033,-6059
-370,3213,2472,-1828,-15946,-4430
-392,3352,2058,-610,-14190,-231
-398,3467,1793,-1758,-16495,1811
-478,3506,1514,-924,-15094,3300
-402,3517,1317,-155,-16612,3557
-494,3520,1026,1187,-15775,8037
-801,3437,756,3602,-14721,7268
-1019,3258,307,5376,-10214,8507
-757,3100,-245,1658,-10926,10794
-164,2843,-671,-1476,-4543,21089
221,2594,-896,-4072,-7065,14745
101,2273,-1090,-1954,-3141,15711
-163,2120,-1222,-240,-5377,15413
-322,1642,-1403,-907,-2406,14854
-51,1479,-1487,-2999,5158,21766
-674,1772,-1379,-170,-3026,19572
-1303,1799,-1210,6644,-7,16048
-1286,1841,-1219,5457,-476,16690
-1286,1841,-1219,4462,-905,16591
-1250,1837,-1264,3128,-1002,17547
-1245,1818,-1239,1018,-5893,10079
-1258,1812,-1223,2737,95,21237
-1243,1619,-1274,1866,4164,14626
-1173,922,-1431,942,5664,14508
-1008,-140,-1218,387,11981,14701
-989,-810,-948,1144,13479,9987
-920,-1350,-481,777,14427,8396
-700,-1801,-4,-205,16713,5314
-629,-2029,418,-253,17090,3675
-556,-2087,745,1066,15411,1368
-500,-2176,1259,216,16075,-889
-410,-2217,1509,-611,16349,-3200
-290,-2293,1873,-1287,15868,-5357
-19,-2253,2353,-1880,14324,-7971
170,-2120,2693,-1875,15401,-4482
310,-2062,3093,-4074,10471,-14631
430,-1780,3493,-2100,9976,-11780
339,-1491,3715,-800,8399,-13879
-50,-1074,3828,1482,4653,-14006
-521,-497,3872,2736,1750,-15445
-850,-97,3820,4381,-1534,-14464
-1163,443,3716,4056,-3239,-15537
-1245,806,3653,3876,-7818,-15865
-1204,1002,3653,3322,-3629,-14492
-1069,681,3736,2083,573,-17554
-793,51,3894,2308,3099,-14920
-750,-492,3765,2754,5162,-14973
-769,-856,3551,2963,6622,-14199
-736,-1204,3361,3027,8299,-13677
-688,-1463,3157,2410,11320,-12295
-535,-1770,2892,1750,12912,-10136
-427,-1980,2608,1588,14954,-8670
-448,-2152,2288,2455,13356,-7834
-508,-2207,1850,2654,15419,-5427
-408,-2270,1476,2153,16237,-3119
-411,-2249,1083,2158,16797,-266
-486,-2112,636,2772,16281,2222
-561,-1925,243,2688,16009,3390
-559,-1704,-182,3046,15219,7197
-732,-1255,-729,2539,14303,10558
-747,-732,-1097,2735,9992,11829
-881,16,-1349,3501,7842,14776
-615,816,-1527,-3515,1090,8389
972,1588,-1173,-16534,-1964,23203
2195,2202,-312,-11995,-4955,10140
2162,2592,-41,-12180,-5745,10469
2204,3050,722,-10883,-10944,3743
2146,3273,1727,-13586,-12285,2599
1956,3326,2136,-9723,-13081,1053
1374,3257,2707,-6678,-12313,-2483
904,3087,3152,-3055,-13566,-9612
911,2738,3591,-3418,-14960,-5317
546,2612,3616,-120,-16763,-7851
426,2191,3866,733,-12072,-11562
332,1926,4026,1720,-11752,-8906
148,1724,4080,4187,-11470,-11019
73,1452,4070,3329,-9226,-13001
8,941,4258,3359,-7445,-14064
-108,387,4205,4533,-5362,-14566
75,-154,4176,3924,-2697,-16332
53,-536,4060,4823,-421,-16004
-317,-678,3777,8156,2725,-12413
-603,-1000,3570,8900,4926,-13677
-616,-1273,3215,10257,3779,-12233
-1008,-1347,2865,12961,2984,-8516
-1232,-1549,2282,13697,5713,-3822
-1373,-1688,1795,13743,7828,-1846
-1110,-1793,1558,12219,10962,-4732
-843,-1992,1399,12566,12126,-2013
-836,-2015,1370,13871,9752,-953
-562,-1975,2248,15731,17818,-8299
-1071,-1680,2203,13565,2362,-2423
-1381,-1274,2661,14031,9493,-6716
-1158,-492,3430,14794,-1296,-4051
-1180,80,3636,14202,1350,-10122
-1237,693,3666,13775,-538,-9064
-1429,1346,3335,15355,-3085,-5203
-1514,2039,2971,14290,-7906,-4844
-1349,2620,2543,13825,-8258,-2232
-1577,2865,1955,14131,-8284,-179
-1826,2949,1381,15242,-6989,4697
-2107,2798,754,14274,-7120,3462
-2290,2541,191,15228,-5382,7927
-2369,2380,-18,15319,-314,7859
-2381,1971,-379,14206,-73,7289
-2545,1771,-409,14464,1579,6394
-2486,1620,-585,14337,-418,5754
-2452,1512,-701,16140,-41,4792
-2309,1303,-853,14568,1205,7698
-2120,1344,-1014,14466,3470,5562
-1663,1325,-1241,11538,-2822,11414
-1399,1490,-1335,11502,-6026,9604
-1477,1401,-1313,12875,-5098,8027
-1755,925,-1235,13364,-1565,11487
-1893,368,-1107,16355,4522,8368
-2104,256,-937,17480,2856,5718
-2203,236,-934,15590,753,7097
-2202,380,-921,14493,-2660,4338
-2139,606,-1004,14919,-2076,6757
-2192,766,-1007,12937,-5865,8789
-2070,924,-1142,9462,-6807,9604
-2075,1020,-1136,9650,-9345,9702
-2190,1001,-984,8083,-9657,11604
-2264,825,-999,9143,-8130,11929
-2027,871,-1101,7859,-6907,13294
-1578,733,-1341,2600,-4590,17914
-1460,475,-1356,2114,-2216,18641
-1689,517,-1261,3746,-3240,16527
-1878,403,-1217,4787,-580,17262
-1906,210,-1048,3798,4610,16005
-2034,187,-989,5170,5183,13021
-1925,185,-992,3057,6593,13950
-1822,-6,-1041,7273,1086,11924
-1638,-339,-1005,4247,9892,12527
-1369,-741,-824,1564,15977,12393
-1599,-932,-525,3719,13667,9673
-1991,-952,-125,4601,13959,8865
-2157,-1011,257,12420,17644,2450
-2530,-611,715,13652,11438,-5492
-2742,-317,637,10875,11764,-4625
-2632,-297,540,10254,5542,2518
-2539,-601,955,12760,10545,-3762
-2376,-819,1056,13679,9261,-4084
-2533,-598,621,16915,5610,-12133
-2595,-422,568,14883,3709,-5153
-2590,-485,835,15576,3011,-6490
-2599,-488,832,15120,2311,-3235
-2635,-382,1240,14986,-2563,-2504
-2480,-518,1565,15679,540,-4468
-2224,-581,2012,15142,610,-5098
-2053,-423,2431,14864,-120,-5881
-1991,41,2679,14894,-1354,-3868
-1965,479,2899,16757,-1710,-6696
-2378,772,2428,14026,-4402,-1124
-2619,1069,2005,14568,-5436,-2474
-2837,1521,1617,13731,-5548,1204
-2897,1807,1176,15515,-7171,3524
-2668,2340,467,8344,-10266,8056
-2415,2500,103,9396,-10358,9355
-2415,2500,-267,11263,-5556,19569
-2181,2539,-615,2230,-9148,13267
-1712,2587,-615,6533,-10261,12957
-1556,2538,-796,-209,-8885,15256
-1539,2502,-831,4229,-9024,15878
-1590,2420,-793,6041,-4018,14890
-1808,1871,-1100,3344,744,16768
-1799,1298,-1228,3165,-142,14630
-1940,1396,-1110,3810,981,16415
-2077,1258,-1089,7037,-249,15497
-2388,1211,-809,8917,1882,14800
-2529,843,-691,10617,2856,12819
-2586,706,-614,9320,868,12212
-2513,784,-644,6446,2560,14511
-2312,697,-895,2795,4061,15406
-2054,625,-1004,-737,2897,12981
-1604,620,-1235,-13294,-3012,32749
-1298,931,-1328,7795,-1614,15147
-1765,890,-1089,846,-1368,18141
-1687,942,-1214,3147,-1118,16410
-1667,880,-1177,2466,-1261,16531
-1676,886,-1197,2380,-1148,16609
-1637,872,-1179,2265,-974,16828
