angle,s0,s1,s2,s3,s4
1.5686163898447452,0,0,0,0,0
1.5686037191570137,0,0,0,0,0
1.5686028038608288,0,0,0,0,0
1.5686039004918964,0,0,0,0,0
1.5686143215039503,0,0,0,0,0
1.5686345660147611,0,0,0,0,0
1.5686559082796303,0,0,0,0,0
1.5686866008107057,0,0,0,0,0
1.5686894225217207,0,0,0,0,0
1.5686924432706075,0,0,0,0,0
1.5687415863471053,0,0,0,0,0
1.5687542609347236,0,0,0,0,0
1.5687675669461938,0,0,0,0,0
1.56878039256545,0,0,0,0,0
1.568783500392627,0,0,0,0,0
1.5687686145400646,0,0,0,0,0
1.568743236510054,0,0,0,0,0
1.5687549057572077,0,0,0,0,0
1.568758962472859,0,0,0,0,0
1.568746123848249,0,0,0,0,0
1.5687424804499432,0,0,0,0,0
1.568766078676684,0,0,0,0,0
1.5687611908375387,0,0,0,0,0
1.5688112279478157,0,0,0,0,0
1.5688431015130637,0,0,0,0,0
1.5688932635212671,0,0,0,0,0
1.5688902651415035,0,0,0,0,0
1.5688957257264329,0,0,0,0,0
1.5688827625891237,0,0,0,0,0
1.5689332321551857,0,0,0,0,0
1.568973030520023,0,0,0,0,0
1.569013774857735,0,0,0,0,0
1.5690821967753095,0,0,0,0,0
1.5691049507304458,0,0,0,0,0
1.5691000983213137,0,0,0,0,0
1.5691304615655222,0,0,0,0,0
1.5691337859225845,0,0,0,0,0
1.5691553882399663,0,0,0,0,0
1.5691487576550718,0,0,0,0,0
1.5691683479352738,0,0,0,0,0
1.569180013369217,0,0,0,0,0
1.5692346358582403,0,0,0,0,0
1.569288894656018,0,0,0,0,0
1.5693340157654925,0,0,0,0,0
1.569361254975577,0,0,0,0,0
1.5693707874422507,0,0,0,0,0
1.5693795856850339,0,0,0,0,0
1.5693520232061777,0,0,0,0,0
1.5693070027422134,0,0,0,0,0
1.5693173648189465,0,0,0,0,0
1.569346054933132,0,0,0,0,0
1.5693382468047172,0,0,0,0,0
1.569340049642558,0,0,0,0,0
1.5693764787589155,0,0,0,0,0
1.5693759254672535,0,0,0,0,0
1.5693923497037876,0,0,0,0,0
1.5693893102672483,0,0,0,0,0
1.5694032725051275,0,0,0,0,0
1.5694176790928946,0,0,0,0,0
1.5694407786767832,0,0,0,0,0
1.5694545215269862,0,0,0,0,0
1.5694684777300687,0,0,0,0,0
1.5694175367576764,0,0,0,0,0
1.5694121501555323,0,0,0,0,0
1.5694161180252142,0,0,0,0,0
1.5694386512201135,0,0,0,0,0
1.5694525357575912,0,0,0,0,0
1.56945158338884,0,0,0,0,0
1.5695260702475617,0,0,0,0,0
1.5696138701284572,0,0,0,0,0
1.5696125621655435,0,0,0,0,0
1.5696794989817795,0,0,0,0,0
1.569683504644248,0,0,0,0,0
1.5696944349937905,0,0,0,0,0
1.569319314612903,0,0,0,0,0
1.569619214610264,0,0,0,0,0
1.569652952764254,0,0,0,0,0
1.569873039401751,0,0,0,0,0
1.5697748398370126,0,0,0,0,0
1.5694928456211494,0,0,0,0,0
1.569353388766195,0,0,0,0,0
1.5693921512195488,0,0,0,0,0
1.5694197336030682,0,0,0,0,0
1.569387349046588,0,0,0,0,0
1.568976718476526,0,0,0,0,0
1.5680351143442606,0,0,0,0,0
1.566595567818443,0,0,0,0,0
1.5642193973846688,0,0,0,0,0
1.5612319058690138,0,0,0,0,0
1.5582430392864315,0,0,0,0,0
1.5554472007421984,0,0,0,0,0
1.552707102121687,0,0,0,0,0
1.549259766460398,0,0,0,0,0
1.5450193727546437,0,0,0,0,0
1.5399500131487547,0,0,0,0,0
1.5341853285394158,0,0,0,0,0
1.527941440497742,0,0,0,0,0
1.521014910176096,0,0,0,0,0
1.513436970825487,0,0,0,0,0
1.5054738273642223,0,0,0,0,0
1.4972114598096722,0,0,0,0,0
1.4886027520757812,0,0,0,0,0
1.4798768447726063,0,0,0,0,0
1.4710329012108048,0,0,0,0,0
1.4622902057048115,0,0,0,0,0
1.4536392687044388,0,0,0,0,0
1.4449481413546457,0,0,0,0,0
1.4362939206595822,0,0,0,0,0
1.4273728073120342,0,0,0,0,0
1.4181176124967443,0,0,0,0,0
1.4087216531059576,0,0,0,0,0
1.3993324108520135,0,0,0,0,0
1.3899718903366594,0,0,0,0,0
1.3807255826930211,0,0,0,0,0
1.3713523873145452,0,0,0,0,0
1.361871429817303,0,0,0,0,0
1.3522720869588365,0,0,0,0,0
1.342802743742702,0,0,0,0,0
1.3334137053655781,0,0,0,0,0
1.3240863956426983,0,0,0,0,0
1.314931279937319,0,0,0,0,0
1.3060170449999429,0,0,0,0,0
1.2974620214248573,0,0,0,0,0
1.2893716456830948,0,0,0,0,0
1.2815869936124953,0,0,0,0,0
1.274135028852161,0,0,0,0,0
1.2670618940245673,0,0,0,0,0
1.2603757910296987,0,0,0,0,0
1.2541265245656072,0,0,0,0,0
1.2482490775725508,0,0,0,0,0
1.2427613583543953,0,0,0,0,0
1.2376115691678622,0,0,0,0,0
1.23282170131786,0,0,0,0,0
1.2283254203017966,0,0,0,0,0
1.2238969585160995,0,0,0,0,0
1.2192746594679995,0,0,0,0,0
1.2145946845831495,0,0,0,0,0
1.210079235525655,0,0,0,0,0
1.2058316010786236,0,0,0,0,0
1.2017131173819944,0,0,0,0,0
1.197560684904708,0,0,0,0,0
1.1933662592537648,0,0,0,0,0
1.1891067857414477,0,0,0,0,0
1.1847664283378005,0,0,0,0,0
1.18029082390762,0,0,0,0,0
1.1754812111094197,0,0,0,0,0
1.1705283146383676,0,0,0,0,0
1.1655853367111493,0,0,0,0,0
1.1605834149130916,0,0,0,0,0
1.1555157498705684,0,0,0,0,0
1.1503993830492198,0,0,0,0,0
1.1451614481188326,0,0,0,0,0
1.1397963297329026,0,0,0,0,0
1.1341655863649647,0,0,0,0,0
1.1282075329071228,0,0,0,0,0
1.1218470961707454,0,0,0,0,0
1.1151812594450838,0,0,0,0,0
1.108473561660782,0,0,0,0,0
1.1016109462716797,0,0,0,0,0
1.0948225526328577,0,0,0,0,0
1.0881792503977399,0,0,0,0,0
1.0817967551863323,0,0,0,0,0
1.0751040325790477,0,0,0,0,0
1.067896910884786,0,0,0,0,0
1.0609366302519354,0,0,0,0,0
1.0537303829643734,0,0,0,0,0
1.0467252203544146,0,0,0,0,0
1.0396625322832092,0,0,0,0,0
1.032605529523027,0,0,0,0,0
1.0255883729165909,0,0,0,0,0
1.0186020028812515,0,0,0,0,0
1.0115446756126207,0,0,0,0,0
1.0045319495989395,0,0,0,0,0
0.9976520612623122,0,0,0,0,0
0.9907890292284459,0,0,0,0,0
0.9837899441190866,0,0,0,0,0
0.9766711066973502,0,0,0,0,0
0.9696126721725655,0,0,0,0,0
0.9629104735303319,0,0,0,0,0
0.9566385506391637,0,0,0,0,0
0.9505726537871402,0,0,0,0,0
0.9445796979105321,0,0,0,0,0
0.9384265014352273,0,0,0,0,0
0.932282798681811,0,0,0,0,0
0.9262931778305905,0,0,0,0,0
0.9206250759190608,0,0,0,0,0
0.9152855785777718,0,0,0,0,0
0.9101403659499419,0,0,0,0,0
0.9051485193761049,0,0,0,0,0
0.9002652173275766,0,0,0,0,0
0.8955520790505481,0,0,0,0,0
0.8910268862058994,0,0,0,0,0
0.8866668735534502,0,0,0,0,0
0.8823055108387916,0,0,0,0,0
0.877881921731588,0,0,0,0,0
0.8733988099683121,0,0,0,0,0
0.8688975970720704,0,0,4,0,0
0.8645029312731543,0,0,80,0,0
0.8601698576350398,0,0,96,0,0
0.8557358595380814,0,0,132,0,0
0.8510462761708287,0,0,192,0,0
0.8461276592312231,0,0,224,0,0
0.8409165083111748,0,0,252,0,0
0.83558941544626,0,0,304,0,0
0.8302540955325132,0,0,340,0,0
0.8249220944501218,0,0,396,0,0
0.8194684875914166,0,0,428,0,0
0.8137061515268653,0,0,488,0,0
0.8075985634272884,0,0,516,0,0
0.8010298493447267,0,0,552,64,0
0.7940137979608668,0,52,604,112,0
0.7866279926310212,0,116,660,176,0
0.7789375011931121,0,180,692,212,0
0.7711419162261912,0,240,752,272,0
0.7633823046088377,0,300,816,328,0
0.7556648974878118,0,352,844,384,0
0.7480422457867041,0,416,908,448,0
0.7402911684292103,0,472,960,504,0
0.7322086675156979,0,504,988,532,0
0.7238264804897804,0,560,1040,592,0
0.7151403866704864,0,624,1080,652,20
0.7062854738926093,0,688,1112,688,56
0.6973791185836135,0,740,1172,772,148
0.6885887918570184,72,804,1200,804,204
0.6799708058215421,100,836,1228,836,260
0.6714539195632011,184,888,1276,888,312
0.6630682877805354,252,924,1316,952,384
0.6547418605113463,284,948,1344,980,444
0.6465414013741644,376,1004,1376,1004,504
0.6385261427372796,436,1040,1404,1040,564
0.6308010945832152,464,1076,1432,1076,600
0.6233843279347031,524,1132,1464,1104,620
0.6164842606102554,552,1156,1492,1156,680
0.6097201286063476,616,1188,1524,1188,720
0.6030063597349747,656,1220,1532,1192,752
0.5961076587099191,672,1244,1548,1216,768
0.5889854041936066,736,1276,1580,1244,832
0.5815637050675596,764,1280,1608,1280,860
0.5738822324053076,800,1308,1636,1308,896
0.5660387478506463,856,1340,1640,1340,924
0.5583513588612266,892,1368,1668,1336,960
0.550906687973936,924,1400,1672,1368,992
0.5439743579102536,988,1428,1704,1400,1052
0.5373076816189265,1008,1420,1728,1420,1072
0.5309822444443789,1040,1456,1732,1456,1104
0.524483361563316,1076,1492,1764,1456,1140
0.5179011384143725,1104,1488,1756,1488,1144
0.5110401825771662,1136,1516,1788,1488,1168
0.5041721832053451,1160,1548,1816,1516,1228
0.497358196010339,1168,1544,1812,1512,1232
0.4907789953470658,1224,1572,1844,1544,1256
0.48465401608129804,1220,1580,1848,1580,1292
0.47891479442387164,1244,1604,1844,1572,1316
0.4734115965293987,1292,1608,1880,1572,1324
0.46804411016330616,1312,1632,1872,1604,1344
0.4625011539734573,1320,1632,1872,1600,1352
0.4566475332059666,1344,1660,1900,1632,1376
0.450432710635532,1348,1664,1904,1632,1412
0.4438717863330825,1376,1692,1932,1660,1440
0.4371653000396348,1408,1692,1936,1660,1440
0.43024038695595396,1440,1724,1932,1692,1472
0.42329621527522676,1468,1720,1960,1688,1500
0.4161704344586866,1468,1752,1968,1724,1536
0.40888365805574983,1496,1748,1964,1720,1564
0.4013248645508075,1532,1780,1972,1752,1564
0.3936006274949456,1564,1788,1996,1756,1596
0.38572952989218195,1592,1816,2000,1784,1624
0.3779487066949208,1592,1816,2032,1784,1624
0.3701788138643291,1628,1848,2032,1816,1660
0.36264202151742186,1656,1852,2032,1812,1688
0.3548261309079484,1656,1848,2028,1820,1688
0.34649152388795584,1680,1868,2052,1836,1712
0.3374351645273382,1716,1880,2060,1848,1716
0.328236473944549,1724,1880,2060,1848,1756
0.3191313558697425,1740,1900,2080,1872,1776
0.3102550249040954,1780,1936,2084,1872,1780
0.30166826905641947,1804,1928,2108,1896,1804
0.29334037635520854,1840,1932,2112,1904,1840
0.28540283033070746,1840,1964,2112,1932,1840
0.27774490265073115,1864,1960,2108,1928,1864
0.26983786371452284,1868,1960,2116,1932,1868
0.26154647971887346,1892,1988,2136,1956,1892
0.25281430478546957,1924,1988,2140,1956,1892
0.24391397452188518,1928,1992,2148,1960,1896
0.23485020977325308,1924,2016,2136,1988,1924
0.22597902340015047,1952,2016,2164,1984,1920
0.2172968088139043,1956,2024,2172,1992,1956
0.2088394335925576,1984,2048,2168,1984,1952
0.20042264264816118,1984,2048,2168,2016,1984
0.19199273236073267,1992,2052,2172,2020,1992
0.1835243982027201,1992,2052,2172,2020,1992
0.17538576092922042,2016,2076,2196,2016,2016
0.16749993068465185,2020,2080,2200,2020,2020
0.15994799061598367,2044,2080,2200,2044,2012
0.15255611219136944,2044,2076,2196,2044,2012
0.1457067414520375,2048,2080,2200,2048,2016
0.1391254373670202,2048,2080,2200,2048,2048
0.1327960156766181,2044,2076,2196,2044,2044
0.12648671107895537,2052,2084,2204,2052,2052
0.12070228106628444,2072,2104,2200,2072,2040
0.1156497514953878,2080,2108,2200,2080,2048
0.11116031976391678,2080,2112,2200,2080,2048
0.10709650889030699,2072,2104,2200,2072,2072
0.10316195060483661,2080,2112,2200,2080,2048
0.09915937600188113,2080,2112,2204,2080,2080
0.09542548497998184,2072,2104,2228,2072,2072
0.09198848299508772,2104,2104,2224,2072,2072
0.08898918688181474,2080,2112,2232,2080,2080
0.08624281262930847,2076,2112,2232,2076,2076
0.08354473331313746,2104,2104,2224,2072,2072
0.0806993282860266,2112,2112,2228,2080,2080
0.07796361656609745,2112,2112,2232,2080,2080
0.07500226307021102,2104,2104,2228,2072,2072
0.0720331987649112,2108,2108,2232,2076,2076
0.06904530330364565,2104,2104,2232,2072,2072
0.06645914718986332,2104,2104,2232,2072,2072
0.06402093773893583,2112,2112,2236,2080,2080
0.06146233209140831,2104,2104,2224,2104,2068
0.05853705336639443,2104,2104,2232,2104,2072
0.05558756099166212,2116,2116,2236,2080,2080
0.05261570433854357,2104,2132,2228,2104,2072
0.04936475071556515,2108,2108,2228,2072,2072
0.04560657352635174,2112,2112,2232,2080,2080
0.041696118402001645,2108,2108,2236,2076,2076
0.03775916639800159,2108,2108,2232,2076,2076
0.03371354263268783,2108,2108,2236,2076,2076
0.029333195420425784,2116,2116,2236,2084,2084
0.024706559212741584,2116,2116,2236,2080,2080
0.02002968295567758,2108,2108,2228,2076,2076
0.015551488681038218,2116,2116,2236,2084,2084
0.011385880975445902,2116,2116,2236,2084,2084
0.007387247858749027,2108,2140,2236,2108,2076
0.00381508877260351,2116,2116,2236,2084,2084
0.0007870166331081025,2112,2112,2232,2084,2084
-0.0017832657002600605,2112,2112,2232,2080,2080
-0.004229614787646665,2116,2116,2236,2084,2084
-0.006792370037384452,2112,2112,2232,2080,2080
-0.009309141832186297,2112,2112,2232,2080,2080
-0.011746588317257986,2108,2108,2228,2076,2076
-0.013871545819863657,2108,2108,2228,2076,2076
-0.01598518943491347,2112,2112,2232,2080,2080
-0.018328543946638947,2136,2136,2224,2104,2104
-0.020697886645374027,2132,2132,2228,2100,2100
-0.022942125919157893,2112,2112,2236,2080,2080
-0.024930791649366985,2132,2132,2224,2104,2104
-0.026990257857949333,2104,2104,2232,2104,2104
-0.029674962824096773,2108,2108,2228,2076,2076
-0.03244808970643527,2136,2136,2224,2104,2104
-0.03471851828836337,2108,2108,2228,2072,2072
-0.036054746463164734,2108,2108,2228,2076,2076
-0.03720606523567742,2136,2104,2224,2104,2104
-0.03836748646825433,2104,2104,2232,2104,2104
-0.03967468894430099,2116,2116,2236,2084,2084
-0.040715464130381,2112,2112,2232,2080,2080
-0.04166593400905661,2104,2104,2228,2072,2104
-0.04262966000071289,2112,2112,2236,2080,2080
-0.04380316184208158,2116,2116,2236,2084,2084
-0.04482933009679407,2136,2104,2232,2072,2104
-0.04572239614492736,2108,2108,2236,2076,2076
-0.04665425493739108,2116,2116,2236,2084,2084
-0.04763546352222419,2104,2104,2232,2072,2104
-0.04838605310788209,2108,2108,2236,2076,2076
-0.04903488683602913,2116,2116,2236,2084,2084
-0.049852372963019136,2108,2108,2228,2080,2080
-0.05095607491397692,2108,2108,2236,2076,2076
-0.05186688647492662,2116,2116,2236,2084,2084
-0.051991822174066074,2108,2108,2228,2076,2076
-0.05145564511579834,2112,2112,2236,2080,2080
-0.05042341884430997,2112,2112,2232,2080,2080
-0.05018020294283076,2112,2112,2232,2080,2080
-0.050481047635061504,2112,2112,2232,2080,2080
-0.05209342449949052,2116,2116,2236,2084,2084
-0.05455653262845318,2108,2108,2232,2076,2076
-0.056486119530482826,2108,2108,2228,2076,2076
-0.05785873137316812,2136,2104,2224,2072,2072
-0.058736752006899616,2116,2116,2236,2080,2080
-0.06172433082850737,2140,2108,2236,2076,2076
-0.06444343609265031,2136,2104,2224,2072,2072
-0.06716419702356886,2116,2116,2236,2084,2084
-0.06983901418574304,2112,2112,2236,2080,2080
-0.07207387171189669,2132,2104,2224,2072,2072
-0.07285082600997629,2112,2112,2232,2080,2048
-0.07050853457537719,2108,2108,2228,2076,2076
-0.06752184031418809,2132,2104,2236,2072,2072
-0.06254311468475454,2116,2116,2236,2084,2084
-0.05587574635192519,2108,2108,2232,2108,2076
-0.048992514810389715,2132,2132,2224,2100,2068
-0.041555820012593565,2116,2116,2236,2116,2084
-0.03421837573774637,2108,2140,2228,2108,2076
-0.029674273213974076,2104,2136,2224,2136,2104
-0.027411598344219957,2108,2140,2228,2108,2076
-0.024618192892104887,2116,2144,2236,2116,2080
-0.02464385642297169,2116,2144,2236,2116,2084
-0.024658627878476745,2100,2140,2228,2100,2100
-0.030701786985542046,2116,2116,2236,2116,2084
-0.03594622060853643,2116,2116,2236,2116,2084
-0.04422072950809971,2104,2132,2228,2104,2104
-0.05235139014276745,2116,2116,2236,2116,2084
-0.059443746624831095,2116,2116,2236,2116,2084
-0.06611636172288837,2112,2112,2232,2112,2080
-0.07199787852071336,2116,2116,2236,2116,2084
-0.07685820308951204,2104,2104,2224,2104,2072
-0.08065064895519715,2108,2108,2228,2108,2076
-0.08424506194753563,2112,2112,2232,2112,2080
-0.08644583683934301,2104,2104,2224,2104,2072
-0.09004809478405254,2108,2108,2236,2108,2076
-0.0926870090582548,2116,2116,2236,2116,2084
-0.0950422353898915,2104,2104,2224,2104,2072
-0.0961243746362657,2112,2112,2232,2112,2080
-0.09588548847137665,2116,2116,2236,2116,2052
-0.09416739668992069,2104,2104,2228,2104,2072
-0.0931742071193715,2112,2112,2232,2112,2076
-0.09193866090878615,2112,2112,2232,2112,2080
-0.08867238013313682,2108,2108,2236,2108,2072
-0.08852136689033886,2112,2112,2232,2112,2080
-0.08411956962166832,2108,2108,2228,2108,2072
-0.0830696809028366,2104,2132,2224,2104,2072
-0.07949180463383007,2108,2108,2228,2108,2076
-0.07330651095200924,2108,2108,2236,2108,2076
-0.07083139875528208,2112,2140,2232,2112,2080
-0.06634642777701062,2116,2144,2236,2116,2084
-0.06255451226474129,2108,2144,2236,2108,2076
-0.0599991652537454,2112,2144,2232,2112,2080
-0.0598430948012699,2140,2140,2228,2108,2076
-0.061445979025466314,2108,2148,2236,2108,2076
-0.06097339159113496,2112,2144,2232,2112,2080
-0.060986638096917345,2116,2148,2236,2116,2084
-0.06103922591061033,2108,2140,2236,2108,2076
-0.06050834357107959,2112,2144,2236,2084,2084
-0.060435959132425554,2112,2140,2208,2112,2080
-0.05997577578458774,2116,2144,2236,2116,2076
-0.06006588575876254,2108,2140,2228,2108,2076
-0.06152638360742261,2116,2144,2204,2116,2076
-0.05913407327925706,2112,2144,2232,2112,2080
-0.0608710028058338,2112,2144,2236,2112,2080
-0.06196740845127541,2112,2144,2236,2112,2080
-0.06111009314760558,2116,2144,2236,2116,2084
-0.06065031298739479,2116,2148,2236,2116,2084
-0.06176218329794935,2108,2140,2228,2108,2076
-0.05922745552445692,2108,2108,2236,2108,2076
-0.06034348696679251,2112,2112,2232,2112,2080
-0.061906549343234106,2112,2140,2232,2112,2076
-0.0628664436931656,2112,2112,2232,2112,2080
-0.06662512171472572,2116,2116,2236,2116,2084
-0.06998273632136819,2108,2108,2228,2108,2076
-0.07403231358168755,2112,2112,2232,2112,2080
-0.07767260473308198,2116,2116,2236,2116,2080
-0.08081616823882944,2108,2108,2228,2108,2076
-0.08443586709115954,2112,2112,2232,2112,2080
-0.08627430107637873,2116,2116,2236,2116,2080
-0.0865326296624307,2112,2112,2232,2112,2076
-0.08418323219621224,2112,2112,2232,2112,2080
-0.08465922542951461,2116,2116,2236,2116,2084
-0.08006160894066942,2112,2112,2232,2112,2080
-0.07610010156051365,2116,2116,2204,2084,2084
-0.07386583654309303,2116,2116,2208,2116,2084
-0.07032051734090762,2108,2140,2228,2108,2076
-0.06918659765927411,2116,2116,2208,2116,2084
-0.06600645955972523,2116,2148,2208,2116,2084
-0.06363038832497916,2108,2140,2228,2108,2076
-0.06270114506358326,2104,2140,2228,2104,2072
-0.061774095186688346,2108,2144,2204,2108,2076
-0.06502872752833927,2112,2140,2200,2112,2080
-0.06659616427004257,2112,2144,2204,2112,2080
-0.06799594469633874,2116,2116,2204,2116,2084
-0.07018209670273343,2108,2140,2200,2108,2076
-0.06944111106343215,2100,2140,2200,2100,2068
-0.07028298571902904,2112,2144,2204,2112,2080
-0.06712923541635919,2112,2140,2200,2112,2080
-0.0675157922609625,2116,2116,2208,2116,2084
-0.06751126114628567,2116,2116,2208,2116,2084
-0.0675625150591518,2108,2108,2200,2108,2076
-0.06742693098176607,2116,2116,2204,2116,2084
-0.0693986814079562,2116,2116,2204,2116,2084
-0.068960626778288,2108,2108,2200,2108,2072
-0.06928614068616351,2112,2112,2208,2112,2076
-0.06866751561849865,2116,2116,2204,2116,2084
-0.06807140806458237,2112,2112,2208,2112,2080
-0.06954884505320266,2112,2112,2200,2112,2080
-0.06907728205840367,2116,2116,2204,2084,2084
-0.07174078685474446,2112,2112,2200,2112,2080
-0.07280931806170166,2108,2108,2200,2108,2072
-0.07345516631381939,2112,2112,2208,2112,2080
-0.07484874166538018,2112,2112,2200,2112,2080
-0.0738904719284995,2104,2104,2196,2104,2072
-0.0752765255072011,2080,2112,2208,2080,2080
-0.0748657392703304,2088,2116,2208,2088,2088
-0.0761382710052757,2080,2108,2200,2080,2080
-0.07545510365066813,2080,2108,2200,2080,2080
-0.07400768344989168,2080,2108,2204,2080,2080
-0.07552208055080929,2080,2112,2200,2112,2080
-0.07396333214313888,2080,2108,2200,2080,2080
-0.07587416878276154,2080,2112,2200,2080,2080
-0.07533686154242751,2072,2104,2192,2104,2072
-0.07826011102631565,2072,2100,2196,2100,2072
-0.07740585919443514,2080,2112,2200,2112,2080
-0.07870980787212042,2076,2108,2200,2108,2076
-0.0787453456773398,2080,2112,2208,2112,2080
-0.0757011362629134,2080,2112,2200,2112,2080
-0.07654157930390994,2080,2112,2200,2112,2080
-0.07584625161115754,2084,2116,2204,2084,2084
-0.0744919032916726,2080,2112,2200,2112,2080
-0.07458131970212574,2080,2112,2204,2112,2080
-0.0770292918591339,2084,2116,2208,2116,2052
-0.07566901794279894,2076,2108,2228,2108,2076
-0.07772741786468938,2084,2116,2204,2116,2052
-0.0784012103105192,2072,2104,2228,2104,2072
-0.07648296838038875,2068,2132,2228,2100,2068
-0.0765563538998463,2084,2116,2208,2116,2052
-0.07574463287837249,2072,2136,2224,2104,2072
-0.07627398140270134,2068,2132,2220,2100,2068
-0.07597703101277234,2084,2116,2236,2116,2084
-0.07899349906156233,2080,2112,2232,2112,2080
-0.07872223718174369,2080,2112,2232,2112,2080
-0.08212287789448051,2084,2112,2232,2112,2084
-0.08064848559059194,2076,2140,2228,2108,2076
-0.08183649298674023,2076,2140,2228,2108,2076
-0.07930182498330246,2084,2116,2236,2116,2084
-0.07954058739391028,2108,2140,2228,2108,2076
-0.07719016324912853,2108,2136,2232,2108,2076
-0.07626472098038152,2084,2116,2236,2116,2084
-0.07787272894576149,2108,2140,2228,2108,2076
-0.07606784125049607,2108,2140,2228,2108,2076
-0.07778697590158248,2108,2140,2232,2108,2076
-0.0761503914204068,2108,2140,2228,2108,2076
-0.07605281041882579,2108,2140,2236,2108,2076
-0.07684318399220903,2108,2140,2228,2108,2076
-0.07456950505217753,2108,2140,2228,2108,2076
-0.0756457083583989,2108,2140,2236,2108,2108
-0.0718214834375712,2104,2136,2224,2104,2104
-0.0684612638678035,2116,2144,2236,2116,2084
-0.06873368302788538,2108,2140,2236,2108,2108
-0.06550793246488816,2108,2140,2232,2108,2108
-0.06545375450704369,2116,2148,2236,2116,2084
-0.06713078659504162,2112,2140,2232,2112,2112
-0.06607797329296859,2116,2148,2236,2116,2084
-0.06705913292333585,2116,2144,2236,2116,2084
-0.0683630633849213,2108,2140,2228,2108,2108
-0.06756795924613715,2108,2140,2228,2108,2108
-0.0652903010776098,2112,2144,2236,2112,2080
-0.06556024867302221,2112,2140,2232,2112,2112
-0.06355770893452051,2116,2144,2236,2116,2080
-0.06297195072848728,2112,2144,2236,2112,2080
-0.0637933577461078,2108,2140,2236,2108,2108
-0.06459742756137499,2116,2148,2236,2116,2084
-0.06373848638573629,2116,2144,2236,2116,2084
-0.062188606179808655,2108,2144,2232,2108,2108
-0.060337133841378024,2112,2144,2236,2112,2112
-0.05711462362395424,2116,2148,2236,2116,2116
-0.05353974896257938,2116,2148,2236,2116,2116
-0.0493794050596157,2116,2144,2236,2116,2116
-0.044588042760762024,2116,2148,2236,2116,2116
-0.039222474784626864,2112,2144,2232,2112,2112
-0.03344352375159737,2112,2144,2232,2112,2112
-0.02765532163680044,2108,2140,2232,2140,2108
-0.022043718203672895,2108,2140,2228,2140,2108
-0.01626678066415595,2108,2140,2228,2140,2108
-0.010530672550745978,2108,2140,2228,2140,2108
-0.004659778002701523,2112,2140,2232,2140,2112
0.0013768991626735149,2108,2140,2232,2140,2108
0.007716315593608634,2108,2140,2228,2140,2108
0.014259153967732897,2108,2140,2228,2140,2108
0.020807805806073217,2100,2132,2224,2132,2100
0.027289894602051664,2100,2132,2228,2132,2100
0.03383132082546218,2108,2140,2236,2108,2108
0.04046180256434598,2100,2132,2224,2132,2100
0.047039018104856244,2108,2140,2228,2108,2068
0.05379461273240937,2108,2140,2228,2108,2076
0.06047240327397371,2104,2132,2236,2104,2104
0.06752095637954567,2080,2140,2232,2112,2080
0.07467388575429554,2076,2140,2228,2108,2076
0.08200351655198317,2076,2108,2236,2108,2076
0.0892134092655339,2080,2112,2236,2112,2080
0.096479239658333,2080,2112,2232,2112,2080
0.10386396986704033,2084,2116,2204,2116,2052
0.11144665627138825,2080,2116,2208,2080,2048
0.11929873105488432,2048,2108,2204,2076,2048
0.12744973529945686,2052,2116,2208,2084,2052
0.13551624634392076,2052,2116,2208,2088,2052
0.14345806957306878,2056,2088,2208,2088,2056
0.15129813066404244,2012,2080,2204,2080,2012
0.15911269018184082,2016,2080,2204,2080,2016
0.16675190170841525,2016,2080,2204,2080,2016
0.17401883105716673,2012,2080,2204,2044,2012
0.1811778947319819,1992,2052,2180,2052,1992
0.18828421157095604,1984,2048,2196,2048,1984
0.19538888441984137,1984,2048,2196,2048,1984
0.20249611441851256,1956,2052,2176,2052,1956
0.20953140816864288,1956,2052,2172,2020,1956
0.21655413572921905,1952,2044,2164,2012,1952
0.22343920160128802,1928,2020,2176,2020,1928
0.23043691638371372,1924,2024,2172,2024,1924
0.23758089689433234,1920,2016,2164,2016,1920
0.24469090319581013,1900,2024,2148,1992,1900
0.25196909585272625,1892,1988,2140,1988,1892
0.2595222537914121,1860,1988,2136,1988,1892
0.26726486316647413,1832,1992,2140,1992,1864
0.27510386750126786,1836,1964,2112,1964,1868
0.2827938317047015,1832,1960,2140,1960,1832
0.2903945136676886,1808,1964,2120,1964,1808
0.2979383216208781,1804,1960,2116,1960,1804
0.30559666672616137,1768,1924,2104,1924,1800
0.3133001510467901,1744,1936,2092,1936,1780
0.32108115024687456,1740,1928,2076,1928,1772
0.32902086291483834,1708,1896,2076,1896,1740
0.33675932378615825,1684,1904,2060,1872,1716
0.34437106915741195,1680,1896,2052,1868,1712
0.35183813643057704,1648,1868,2048,1868,1680
0.3594618651124651,1624,1844,2060,1844,1656
0.36686998951809,1616,1840,2052,1840,1648
0.37409465522789637,1588,1840,2020,1840,1620
0.3814562926039839,1556,1812,2024,1812,1588
0.38865428146609715,1556,1808,2020,1808,1588
0.39600819606411575,1528,1812,1992,1780,1560
0.40334489579092575,1504,1788,2004,1788,1536
0.4105689184196713,1464,1788,1996,1756,1528
0.4176704599699694,1436,1752,1960,1752,1500
0.42441064110718124,1436,1756,1968,1756,1468
0.4308802292978975,1404,1728,1968,1728,1472
0.43692525324263687,1376,1720,1932,1720,1440
0.44242299425564097,1376,1720,1936,1688,1408
0.4474174101220372,1348,1700,1944,1700,1412
0.45206988653339597,1340,1692,1932,1692,1372
0.45661092615654747,1316,1692,1904,1664,1380
0.4607607587157403,1284,1664,1912,1664,1348
0.4647701546578263,1272,1664,1904,1664,1344
0.4688456125870887,1280,1660,1900,1660,1316
0.47338121680152584,1256,1640,1884,1640,1320
0.4780870711853117,1212,1632,1872,1632,1280
0.4828423763631147,1216,1632,1872,1632,1288
0.4878423686802268,1192,1604,1852,1604,1256
0.4932132481695092,1156,1604,1844,1604,1228
0.4986450178682949,1160,1576,1844,1576,1232
0.5042644004135364,1128,1572,1820,1572,1192
0.5099257438891176,1100,1544,1816,1544,1168
0.5156515992224459,1068,1544,1816,1544,1164
0.521221581040166,1036,1516,1792,1516,1132
0.5265753443674618,1000,1516,1784,1516,1104
0.5316976307645611,1008,1484,1756,1484,1072
0.5366952203310094,976,1488,1760,1488,1072
0.5414795628004553,976,1456,1756,1456,1044
0.5462285945253609,952,1460,1728,1460,1048
0.550954407435889,920,1428,1732,1428,1016
0.5556887991122117,892,1428,1728,1428,988
0.5603387765544294,860,1400,1700,1400,956
0.5651183262452798,860,1400,1676,1400,924
0.5700442832806811,820,1368,1668,1368,928
0.5752063452175311,788,1368,1668,1368,884
0.580961595070332,768,1336,1644,1336,864
0.5871480318045914,732,1340,1640,1340,828
0.5935989273225963,704,1308,1616,1308,800
0.6001963482593622,680,1276,1580,1276,776
0.6068667259936311,640,1244,1580,1244,736
0.6136953983034487,584,1224,1552,1224,684
0.6207076118565055,552,1184,1520,1184,652
0.6278255189042632,524,1188,1524,1188,620
0.6350231150769786,460,1132,1492,1132,556
0.6421432582941099,432,1100,1464,1100,528
0.64922972905267,404,1096,1436,1096,500
0.6559911042932264,344,1040,1408,1072,440
0.6626032399849257,308,1012,1372,1012,408
0.6689013023407997,280,1004,1376,1004,380
0.6748352585431033,224,952,1348,980,320
0.6803135613207997,188,920,1312,952,284
0.6854026019531939,156,916,1316,948,288
0.6901340277878165,96,884,1280,884,224
0.6945551005242945,64,860,1256,860,196
0.6987284299504357,36,860,1260,860,168
0.7026372247072331,4,828,1224,828,132
0.7063314868242722,4,800,1224,800,100
0.7096886612646385,0,800,1196,800,104
0.7126358824932821,0,772,1196,772,76
0.7149626920015226,0,740,1164,768,40
0.7165276173638684,0,740,1164,768,40
0.7172398584035333,0,744,1168,744,48
0.7171940670751055,0,740,1168,772,40
0.7162147632757156,0,740,1168,768,44
0.7142631130867856,0,776,1168,776,76
0.7113453811336108,0,772,1200,772,80
0.7074665066729234,4,800,1200,800,104
0.7026145387369392,36,836,1224,836,164
0.696791630937763,68,860,1260,860,200
0.689980709896975,120,884,1280,916,252
0.682202885920657,188,952,1316,952,284
0.6738005199252751,220,980,1344,980,348
0.6648686620099707,308,1036,1372,1036,408
0.6556390851704075,372,1072,1436,1072,468
0.646047878805046,400,1092,1464,1092,528
0.6362136461428443,492,1152,1496,1152,588
0.6262353224155521,552,1188,1524,1188,652
0.6162182489418326,584,1216,1552,1216,680
0.606116806901851,640,1272,1584,1272,768
0.5959559598593481,704,1304,1612,1304,804
0.585720545590916,760,1332,1636,1332,856
0.5754415604589207,828,1364,1672,1364,924
0.5651545978820122,860,1400,1700,1400,956
0.5550046851575451,912,1428,1728,1428,1008
0.5448623443308499,948,1456,1732,1456,1044
0.5346998697146731,1008,1488,1756,1488,1108
0.524421667695578,1064,1516,1784,1516,1128
0.5141578613911706,1096,1548,1820,1548,1160
0.5039138215363972,1160,1572,1848,1572,1228
0.49387500271125134,1192,1604,1844,1604,1256
0.48374212768559,1220,1632,1872,1632,1284
0.47375508727555027,1284,1668,1908,1636,1348
0.46399449104888113,1320,1664,1904,1664,1352
0.45459346589186606,1348,1692,1932,1692,1412
0.4454561297600508,1368,1720,1932,1720,1440
0.43639845479967604,1404,1720,1960,1720,1468
0.42746168652314215,1436,1752,1960,1752,1500
0.41861715427038915,1464,1780,1988,1780,1528
0.4100449628759345,1500,1780,1992,1780,1532
0.4015930830924215,1528,1808,2020,1808,1560
0.39333052559136517,1556,1816,2024,1816,1588
0.3850258353710354,1588,1840,2020,1840,1620
0.3767372343628073,1616,1836,2048,1836,1648
0.36852000681963537,1616,1836,2052,1836,1648
0.3605442115189579,1648,1868,2048,1868,1680
0.35276045929032745,1676,1896,2076,1868,1708
0.34502847529014924,1680,1900,2084,1900,1712
0.33722134794156383,1712,1904,2084,1904,1744
0.3292149738687533,1736,1928,2076,1928,1768
0.32084887360462616,1744,1932,2084,1932,1776
0.31202896416616693,1780,1940,2120,1940,1812
0.30304856663166085,1800,1956,2108,1956,1800
0.2938439767613678,1808,1964,2116,1964,1840
0.2844958309993434,1840,1968,2116,1968,1840
0.27495809782261105,1860,1984,2136,1984,1860
0.2653479029236704,1868,1996,2144,1996,1900
0.2556879232399777,1904,1996,2148,1996,1904
0.24592288639195822,1896,2020,2172,2020,1928
0.2359511303219776,1924,2020,2176,2020,1924
0.2258391416288761,1932,2024,2176,2024,1964
0.2157934616352414,1952,2044,2164,2044,1984
0.2060086032293862,1956,2060,2176,2060,1988
0.19661249428964428,1992,2056,2176,2056,1992
0.18749554406356364,2012,2076,2200,2044,2012
0.17848568447984683,2016,2080,2200,2048,2016
0.16930513249310303,2024,2084,2204,2084,2024
0.1599433403471956,2044,2076,2204,2076,2044
0.15056815497642773,2052,2084,2204,2084,2052
0.14121078770709558,2052,2116,2208,2084,2052
0.1315335665922922,2048,2108,2204,2080,2048
0.12184471192375776,2056,2116,2208,2088,2056
0.11208867289794547,2052,2116,2208,2116,2052
0.10253826368298659,2080,2112,2236,2112,2080
0.09319903635822664,2084,2116,2232,2116,2084
0.0838525903133117,2084,2148,2236,2116,2084
0.07447222356825109,2076,2140,2228,2108,2076
0.06479829942984343,2084,2144,2236,2112,2084
0.05486570532448361,2116,2144,2236,2116,2084
0.04459044308183414,2104,2140,2228,2104,2104
0.03409775228399631,2108,2144,2236,2108,2108
0.023654062958984826,2112,2144,2236,2112,2112
0.01359586056122069,2104,2136,2232,2136,2104
0.0037973504796970457,2116,2148,2236,2116,2116
-0.005509945931110171,2116,2148,2236,2116,2116
-0.01443139444258663,2104,2140,2232,2140,2104
-0.022825058378300008,2112,2144,2232,2112,2112
-0.03110894099188889,2112,2144,2232,2112,2112
-0.03926302948893631,2100,2132,2228,2132,2100
-0.04721884899555777,2112,2144,2236,2112,2112
-0.05483846449718996,2116,2144,2236,2116,2116
-0.06196689442259561,2100,2132,2228,2132,2100
-0.06885874862051745,2116,2148,2236,2116,2116
-0.07563588223151232,2116,2144,2236,2116,2116
-0.08238887569663088,2112,2140,2232,2112,2112
-0.08931553910595143,2116,2144,2236,2116,2076
-0.09626726703760873,2100,2132,2224,2100,2100
-0.1031836212554092,2100,2132,2228,2100,2100
-0.11006658065018698,2084,2148,2236,2116,2084
-0.11694815048493253,2100,2132,2224,2100,2068
-0.12398785058947631,2076,2104,2232,2104,2076
-0.131832783374962,2084,2116,2204,2084,2084
-0.14054665984536097,2072,2104,2196,2104,2072
-0.14985955694228723,2080,2112,2200,2080,2048
-0.15940960393604173,2048,2112,2200,2080,2048
-0.16824507807640268,2044,2072,2204,2072,2044
-0.17659549589551754,2052,2084,2204,2084,2052
-0.1847602502067007,2052,2080,2200,2052,2020
-0.19260638949360065,2044,2080,2204,2044,2012
-0.2005675520827158,2016,2080,2176,2048,2016
-0.2093792973473793,2020,2048,2168,2048,1988
-0.21895827084599476,1996,2060,2180,2028,1996
-0.22853168548567165,1980,2052,2172,2020,1980
-0.2378760208707635,1992,2024,2172,2024,1960
-0.24645299101632806,1952,2020,2144,1984,1952
-0.2550257124636102,1956,2016,2144,1988,1924
-0.2631261188538454,1932,1992,2144,1992,1900
-0.27127863944340863,1924,1988,2140,1988,1892
-0.27936351015681415,1900,1992,2144,1964,1868
-0.2874357671976149,1868,1968,2120,1936,1868
-0.2956265812875565,1864,1956,2108,1928,1864
-0.3042448883747467,1836,1964,2112,1932,1836
-0.31264604554335385,1840,1940,2088,1908,1808
-0.32052716541399806,1808,1936,2084,1904,1776
-0.3278228430108382,1780,1904,2084,1872,1780
-0.3351008257471141,1780,1912,2060,1876,1748
-0.34209264944732476,1756,1880,2060,1852,1724
-0.34885450712448907,1712,1876,2052,1844,1712
-0.35559477280667506,1720,1852,2060,1820,1688
-0.3624052051633023,1692,1848,2028,1820,1660
-0.3692419593639516,1652,1844,2024,1784,1652
-0.37587935755198315,1656,1816,2028,1788,1624
-0.3821120929002099,1632,1788,2000,1760,1600
-0.3880281356384229,1596,1788,1996,1756,1564
-0.39372942766078534,1592,1788,1996,1756,1560
-0.39927448710200447,1560,1748,1988,1720,1528
-0.405144019352252,1532,1756,1968,1724,1532
-0.4120445529991879,1504,1728,1968,1696,1504
-0.4204965820860178,1500,1720,1960,1692,1460
-0.4293290027152195,1444,1696,1936,1668,1412
-0.4377105572576703,1444,1668,1940,1640,1412
-0.44509424326753805,1384,1644,1916,1616,1352
-0.4521151110342935,1352,1632,1880,1604,1320
-0.45910274819883684,1320,1608,1876,1576,1288
-0.4662826718807329,1292,1580,1852,1544,1260
-0.4732785362261832,1232,1544,1848,1512,1192
-0.47980829501542205,1228,1548,1820,1516,1164
-0.48601657415834837,1172,1516,1824,1484,1140
-0.49192176922269343,1136,1488,1792,1456,1104
-0.4971656602857394,1104,1484,1792,1420,1072
-0.5019334605784248,1084,1456,1764,1428,1052
-0.506231610259616,1044,1428,1760,1396,1012
-0.5102423681099708,1048,1424,1756,1392,984
-0.5142707596713145,1024,1400,1728,1368,960
-0.5183745517728453,984,1396,1732,1368,952
-0.5224185736060396,956,1392,1728,1332,924
-0.5264970469721342,924,1360,1692,1332,892
-0.5307934940956341,896,1340,1704,1308,864
-0.5356697328092199,900,1336,1672,1276,836
-0.5405885037680155,836,1308,1668,1276,804
-0.545347420909015,804,1276,1644,1248,772
-0.5496531110586051,776,1276,1640,1216,736
-0.5539136906069457,748,1248,1608,1188,712
-0.5584073984236858,708,1220,1616,1188,676
-0.5636704783975793,684,1188,1584,1160,652
-0.5695751325875316,620,1164,1584,1132,620
-0.5751800593827749,588,1160,1552,1096,556
-0.5821740438165165,568,1104,1528,1072,536
-0.586912295487572,492,1104,1492,1044,460
-0.5923772294373951,472,1040,1496,1008,440
-0.5959620286559828,440,1044,1464,980,404
-0.602795981793913,376,1012,1432,952,344
-0.6108751644489976,308,948,1404,920,308
-0.6207410329554952,220,896,1376,860,188
-0.6295145273665346,132,828,1308,800,96
-0.6365436908032319,64,788,1276,760,32
-0.6414647234109525,0,732,1260,692,0
-0.6443670310541952,0,716,1232,688,0
-0.6442215535069948,0,712,1228,684,0
-0.6406063688768198,0,740,1260,680,0
-0.63662234803756,12,740,1260,708,12
-0.6327825611870024,44,768,1284,740,44
-0.630542179328993,84,792,1304,760,84
-0.6285855362512835,100,820,1312,788,68
-0.6295120030086616,112,804,1320,772,76
-0.6291080773797811,88,796,1308,764,88
-0.6287326133374516,100,824,1316,764,100
-0.6272662406553637,108,800,1316,772,108
-0.6258740932365978,128,828,1340,796,96
-0.6217720949364801,160,828,1348,828,128
-0.6197216722474822,168,864,1348,832,168
-0.6155641070927846,212,884,1372,852,212
-0.6126212160164155,244,908,1400,872,244
-0.6077211281765459,280,912,1400,884,248
-0.6051144162867652,312,944,1400,912,312
-0.6027361235715086,348,956,1436,924,316
-0.6026455934901696,364,968,1436,936,332
-0.6011523815678935,376,948,1432,948,344
-0.6020397687270341,380,944,1432,944,344
-0.6025501593312822,372,944,1428,944,340
-0.6006272239220593,376,952,1432,952,344
-0.6002166743981495,380,944,1436,944,348
-0.5992773082755664,400,940,1424,940,368
-0.5984120133301498,404,948,1436,948,372
-0.6003529756770384,412,944,1404,944,344
-0.6002870667795088,412,948,1404,920,348
-0.6000947787497386,416,956,1408,928,384
-0.601844563747279,408,948,1400,920,340
-0.6016249126758223,380,948,1404,920,344
-0.6017763517572654,404,924,1404,924,340
-0.6026197198738024,400,944,1400,912,336
-0.6008598617776935,404,944,1396,912,340
-0.6015855310045453,408,948,1400,920,344
-0.6002512217372886,436,948,1396,916,372
-0.5989361128366142,444,952,1404,920,380
-0.5995626455820185,436,956,1404,924,372
-0.5982973813628865,436,948,1396,948,372
-0.5999346784192725,440,948,1404,948,376
-0.6001740000108533,436,944,1400,944,368
-0.6022339903829327,408,928,1404,928,344
-0.6023557801068905,400,940,1400,940,336
-0.6024583714405753,412,924,1376,924,348
-0.6015439964649623,428,936,1396,936,364
-0.6020126003766277,408,916,1400,916,344
-0.6030568523124665,408,912,1376,912,340
-0.6024574185383575,404,940,1400,940,340
-0.6038114889294759,408,916,1372,916,344
-0.6032295209434207,404,908,1368,908,340
-0.6031993624999087,380,916,1368,916,344
-0.6037859054615989,400,936,1392,908,336
-0.6028462543201326,404,940,1400,940,340
-0.6026182232526526,400,936,1392,936,336
-0.6032562185023742,372,944,1404,944,340
-0.6029969238857715,400,940,1400,940,336
-0.6029653294776961,404,948,1404,948,340
-0.6008738347491066,404,944,1396,944,340
-0.5993009656299372,408,944,1428,944,376
-0.5978853688148492,436,976,1428,976,404
-0.5972097297079864,444,980,1436,980,412
-0.5968873075379753,464,972,1432,972,396
-0.5963388812230966,488,992,1456,992,456
-0.5969869059412661,468,1008,1464,976,436
-0.5968223194288007,488,1000,1452,1000,456
-0.5965640657870674,488,1000,1464,1000,456
-0.597540661895683,472,1008,1464,1008,440
-0.5964758459284902,472,1016,1464,1016,440
-0.5952928682821655,468,1008,1464,1008,436
-0.5969976780604794,472,1008,1464,1008,440
-0.5954389032475023,500,1012,1464,1012,468
-0.5974019802486101,472,1016,1464,984,440
-0.595558743422282,468,1008,1464,1008,436
-0.5953875665532691,472,1004,1464,1004,440
-0.593080027585819,492,1036,1464,1004,460
-0.5933987725684855,472,1040,1464,1008,472
-0.5912542407146937,488,1028,1456,1028,456
-0.5919061226437148,492,1036,1456,1004,452
-0.5909740269528132,500,1036,1464,1008,468
-0.5873695754560674,532,1076,1496,1036,500
-0.5865140852920667,560,1068,1492,1036,496
-0.5802666020851035,592,1096,1524,1068,528
-0.5767238977833495,620,1132,1524,1104,588
-0.5744441114333436,616,1156,1548,1092,584
-0.5718952350364608,652,1164,1552,1096,620
-0.5684089285714008,680,1192,1580,1128,648
-0.5683459287026662,700,1180,1584,1148,668
-0.5653302424474766,708,1192,1580,1160,676
-0.5642027926652335,736,1224,1612,1160,672
-0.5589152364196307,772,1216,1608,1176,708
-0.5539135734175251,800,1248,1612,1180,736
-0.5499089597362427,840,1280,1640,1216,776
-0.5422035208883542,860,1276,1668,1244,796
-0.5374154265473128,896,1340,1700,1276,832
-0.5318016950795,952,1360,1720,1296,888
-0.5299430562235897,952,1364,1728,1332,888
-0.5256496000041609,984,1368,1728,1336,916
-0.5232604804802286,988,1396,1724,1336,924
-0.5193053509625675,1016,1400,1732,1364,952
-0.5126903399362984,1044,1428,1756,1388,1008
-0.5063441371210764,1080,1456,1788,1396,1048
-0.5010722651562238,1136,1488,1800,1424,1072
-0.4937236668183286,1164,1484,1812,1448,1100
-0.4858869867735053,1200,1512,1844,1484,1168
-0.4787608404069955,1232,1544,1856,1512,1200
-0.47077666764278836,1296,1580,1852,1516,1232
-0.463562462571291,1324,1604,1872,1540,1260
-0.456270876964217,1352,1604,1880,1572,1288
-0.45061733993836733,1376,1632,1900,1600,1340
-0.44475885134026216,1412,1632,1928,1600,1348
-0.4380023921821884,1444,1668,1940,1636,1380
-0.4292099889532872,1472,1696,1936,1636,1408
-0.4213164475035646,1504,1724,1972,1692,1472
-0.4132687713946848,1540,1728,1972,1696,1472
-0.40547465339104843,1560,1748,1988,1720,1528
-0.39744063502086996,1624,1792,2004,1720,1560
-0.3895912315104593,1628,1784,2028,1756,1560
-0.3817472048056641,1652,1812,2024,1780,1588
-0.3741691649915486,1684,1820,2028,1788,1620
-0.36642919212563047,1720,1848,2060,1820,1656
-0.35864646165905256,1744,1872,2056,1840,1680
-0.3509482200740492,1756,1880,2060,1852,1692
-0.3434674900526415,1780,1876,2084,1844,1716
-0.33613424715313345,1804,1904,2084,1872,1740
-0.3289623120464651,1816,1908,2088,1880,1752
-0.32174524909190827,1840,1932,2112,1904,1776
-0.3146055294613029,1872,1932,2120,1900,1808
-0.3077415691884091,1864,1956,2108,1928,1800
-0.30079144262546825,1868,1960,2112,1932,1836
-0.2938584538070064,1900,1960,2140,1932,1832
-0.28679531799647984,1900,1960,2140,1932,1868
-0.2798787208109996,1936,2000,2148,1968,1868
-0.2725222607607506,1928,1992,2140,1960,1892
-0.2653665628813229,1964,1996,2148,1964,1900
-0.2578619493410712,1960,2020,2148,1992,1928
-0.25003830848133607,1992,2024,2172,1992,1920
-0.2418508981060657,1996,2028,2180,1996,1932
-0.2335129707689847,2020,2052,2176,2020,1956
-0.22500572326031398,2012,2048,2168,2012,1980
-0.2162406363130309,2028,2056,2176,2028,1996
-0.20728661902201082,2052,2080,2200,2052,1988
-0.19802190679383097,2044,2072,2200,2044,2012
-0.18845340759106935,2052,2088,2208,2052,2012
-0.1787707126425757,2084,2084,2204,2084,2020
-0.16916578977705993,2080,2108,2200,2080,2048
-0.1596065558176443,2088,2116,2208,2088,2052
-0.15002978599249026,2108,2108,2204,2076,2044
-0.1402916319652269,2108,2108,2236,2108,2044
-0.1305180468738244,2116,2116,2236,2116,2052
-0.12084973728994694,2112,2144,2232,2112,2076
-0.11155191617580372,2116,2148,2236,2116,2076
-0.1023942540210624,2116,2144,2236,2116,2080
-0.09370827458792466,2116,2148,2236,2116,2084
-0.08559206399796299,2144,2144,2236,2112,2080
-0.0785412939394882,2144,2144,2236,2112,2080
-0.07251245968524116,2144,2144,2236,2112,2112
-0.06776618485356997,2144,2144,2232,2112,2112
-0.06370074751207935,2148,2148,2236,2116,2116
-0.06006818764897999,2140,2140,2260,2140,2104
-0.05693429485334637,2144,2144,2236,2144,2112
-0.054863692706986954,2148,2148,2236,2148,2116
-0.05411741421298091,2140,2140,2260,2140,2108
-0.05352369325237319,2140,2140,2260,2140,2108
-0.05399766243676171,2132,2164,2252,2132,2100
-0.05511796900782128,2140,2140,2236,2140,2108
-0.05681979802832706,2140,2140,2232,2140,2108
-0.05973287391173147,2132,2164,2252,2132,2100
-0.06487896112390075,2140,2140,2236,2140,2108
-0.07044829872282889,2140,2140,2260,2140,2108
-0.07804471265617312,2140,2140,2232,2140,2108
-0.08611758243586672,2140,2140,2236,2140,2108
-0.0924259597190048,2140,2140,2236,2108,2108
-0.09862137726824499,2148,2148,2236,2116,2116
-0.10355250065972092,2140,2140,2236,2108,2108
-0.1088587869446038,2140,2140,2232,2108,2076
-0.11392109442404613,2112,2144,2236,2112,2080
-0.11876775646648928,2108,2140,2236,2108,2076
-0.1231300471069283,2112,2140,2232,2112,2080
-0.12695278021569123,2116,2116,2236,2116,2084
-0.13037155038820317,2108,2140,2236,2108,2076
-0.13346634772554794,2112,2112,2232,2112,2080
-0.13630640852041942,2116,2116,2236,2116,2084
-0.13918012553697853,2116,2116,2236,2080,2080
-0.14211711625996615,2112,2112,2232,2112,2080
-0.14540272924855155,2116,2116,2236,2084,2084
-0.1484660938514815,2112,2112,2232,2076,2076
-0.15188445158889669,2108,2108,2228,2076,2076
-0.15607379053209533,2088,2116,2208,2088,2052
-0.1612410838710273,2080,2116,2204,2080,2048
-0.16690567627487538,2080,2112,2200,2080,2048
-0.1731333170454662,2088,2088,2208,2088,2056
-0.18022435689246669,2080,2080,2200,2080,2048
-0.1888040450091885,2048,2080,2200,2048,2016
-0.19958653629886877,2056,2088,2208,2056,2024
-0.21210603284872562,2020,2052,2204,2052,1988
-0.22243328344860772,2020,2052,2172,2020,1988
-0.23332517251092003,2020,2048,2168,2020,1956
-0.24518322942194803,1992,2020,2172,1992,1960
-0.2578995526230007,1960,2024,2144,1992,1928
-0.27013650002924766,1928,1992,2140,1960,1896
-0.28056340422734777,1932,1992,2148,1960,1900
-0.29165697320254513,1908,1968,2120,1940,1876
-0.3030177852238366,1876,1940,2120,1908,1844
-0.3152093207716557,1864,1932,2112,1900,1800
-0.3269212243375767,1808,1904,2088,1872,1776
-0.3417772786351953,1780,1880,2060,1840,1748
-0.35825065168798903,1744,1844,2056,1816,1712
-0.3755475764515679,1672,1812,2024,1780,1640
-0.39272265846358156,1592,1756,2000,1756,1592
-0.4082725541687122,1556,1720,1988,1720,1524
-0.42522718474304094,1476,1692,1932,1664,1476
-0.4408085465673872,1408,1632,1908,1600,1408
-0.4540385443375951,1352,1608,1880,1580,1320
-0.46693699016427126,1288,1544,1840,1512,1248
-0.47528852082496487,1216,1500,1828,1468,1184
-0.48243188101778917,1164,1480,1816,1448,1164
-0.4882990438014717,1136,1452,1788,1424,1104
-0.49172336387680754,1100,1424,1756,1388,1068
-0.4964766159314051,1108,1428,1756,1396,1076
-0.49599930988839236,1108,1420,1764,1392,1076
-0.4997630059468424,1076,1420,1756,1360,1044
-0.49913246124410204,1080,1392,1756,1364,1048
-0.5014459531458987,1108,1420,1736,1356,1044
-0.5019079417816487,1100,1396,1756,1364,1032
-0.5036283673039947,1076,1396,1760,1364,1044
-0.5047717084141435,1076,1388,1724,1360,1012
-0.5079840642869624,1064,1388,1728,1352,1000
-0.5094487607013464,1048,1400,1728,1336,1016
-0.5121087269149118,1044,1364,1732,1336,980
-0.5136908387480118,1052,1364,1704,1332,988
-0.5162843813522593,1040,1352,1720,1324,976
-0.5188634223527158,1024,1340,1700,1308,960
-0.5185202780135669,1024,1340,1708,1308,960
-0.5199571710621529,1040,1352,1720,1324,976
-0.5204106444440515,1016,1360,1696,1328,952
-0.5201135905672124,1008,1352,1720,1320,976
-0.5214785417428511,1004,1348,1692,1316,964
-0.5225469741838811,988,1332,1692,1332,956
-0.5228683771261651,1008,1352,1692,1324,944
-0.5240967055105741,1012,1332,1696,1332,940
-0.5230058269064183,984,1328,1696,1328,952
-0.5224880880880756,1004,1360,1696,1328,972
-0.5248407706344358,988,1340,1704,1308,956
-0.5256397904651754,980,1332,1692,1332,948
-0.5260164823963305,984,1336,1696,1308,952
-0.527983978122818,972,1332,1672,1300,908
-0.5292568161168748,968,1320,1696,1292,904
-0.5301545327935122,976,1324,1688,1296,912
-0.5305124538909202,984,1296,1668,1296,888
-0.5322928305119646,948,1296,1660,1296,884
-0.5344230245424698,920,1292,1664,1264,856
-0.5381867115881939,920,1268,1660,1268,824
-0.5400702154149776,916,1268,1640,1268,820
-0.5419536054978131,888,1264,1664,1264,792
-0.5443730059864885,868,1244,1640,1244,764
-0.5438848577317656,852,1228,1660,1228,756
-0.5446884536642222,864,1240,1636,1240,768
-0.5456163749134679,872,1248,1640,1248,768
-0.5450131238186386,888,1236,1636,1264,760
-0.5444919781900507,888,1264,1660,1264,760
-0.5443585683272747,860,1268,1664,1268,760
-0.5439689766211406,860,1236,1636,1236,760
-0.5451946321924239,860,1244,1640,1244,732
-0.5451972970960098,868,1248,1640,1248,740
-0.5470009250878467,844,1252,1640,1252,740
-0.5473917207868282,820,1236,1636,1236,724
-0.5477732326254405,828,1240,1636,1240,700
-0.5494771193084932,820,1244,1632,1212,660
-0.5487986796697967,800,1244,1632,1212,600
-0.5481097448114172,788,1236,1632,1236,592
-0.5480685869922421,784,1256,1652,1224,524
-0.5478799317655557,800,1272,1640,1244,496
-0.5490470464775321,788,1272,1668,1240,432
-0.5499762301402189,792,1264,1660,1228,408
-0.5522763299326994,760,1240,1660,1240,472
-0.5542470188590687,768,1240,1664,1240,504
-0.556844050780286,760,1232,1640,1200,536
-0.5608170769932311,756,1208,1632,1208,564
-0.5626682326244823,732,1184,1608,1184,572
-0.5647929792831106,700,1176,1604,1176,600
-0.566612654548651,696,1172,1612,1172,600
-0.5674315013822547,672,1148,1580,1148,568
-0.5700909100415373,636,1124,1576,1156,572
-0.5704123875209964,616,1116,1576,1148,584
-0.5708936853128366,620,1124,1580,1124,588
-0.5715460248377557,612,1092,1572,1124,580
-0.57193282463588,580,1096,1576,1124,580
-0.5715846882371225,620,1096,1548,1096,580
-0.5735353785953563,620,1060,1548,1100,548
-0.5736145692285838,608,1064,1544,1096,544
-0.5760558174793158,592,1068,1524,1068,528
-0.5768857439691855,592,1060,1524,1032,528
-0.5776258853075108,576,1060,1516,1028,512
-0.5796715592191909,556,1040,1496,1040,524
-0.57804816755705,576,1048,1492,1016,512
-0.5791493510318194,564,1040,1496,1040,532
-0.5783197153228452,556,1032,1484,1032,524
-0.5771968155363351,524,1032,1516,1032,556
-0.575887491376891,552,1024,1520,1052,552
-0.5736430898681343,552,1028,1516,1060,584
-0.5713001412324109,592,1060,1520,1060,592
-0.5685086489333118,584,1068,1524,1068,620
-0.5661705630337579,612,1088,1544,1088,644
-0.5642096034374614,636,1108,1544,1108,636
-0.5643167853590185,612,1088,1544,1120,644
-0.5614462886538966,644,1100,1552,1100,676
-0.5605052635277653,652,1124,1552,1124,684
-0.5583732267728913,672,1148,1564,1116,672
-0.5570640237286926,680,1160,1580,1124,680
-0.5568906586614762,684,1164,1580,1100,684
-0.5560077915280881,648,1160,1580,1096,648
-0.5549388789580696,644,1156,1580,1092,676
-0.5543816411135724,668,1148,1568,1084,668
-0.552774657635748,644,1156,1580,1088,644
-0.5522810892977219,632,1140,1564,1108,632
-0.5515480581716379,644,1156,1580,1088,644
-0.5494855516461573,644,1148,1576,1120,644
-0.5495842343828512,636,1148,1576,1116,668
-0.5479079612912541,644,1120,1580,1120,676
-0.546894548955323,632,1144,1596,1144,668
-0.5460978328692156,648,1156,1580,1156,680
-0.5468332460089702,628,1132,1584,1160,660
-0.5469413291502957,624,1156,1588,1156,656
-0.5470135082346359,608,1152,1608,1152,640
-0.544090774320344,648,1160,1612,1192,680
-0.5426055911523138,644,1176,1636,1176,708
-0.5417044827629409,652,1192,1644,1192,716
-0.5405576729750827,676,1220,1640,1220,740
-0.5385675808892489,696,1244,1668,1244,760
-0.5391046405070365,704,1244,1668,1244,768
-0.5364924418182512,704,1248,1668,1248,812
-0.5367924880161249,736,1244,1672,1244,832
-0.5366481900440574,732,1244,1668,1244,836
-0.5351783677952061,744,1276,1680,1276,840
-0.5354275248986311,764,1276,1672,1276,864
-0.5333994979805509,760,1272,1696,1272,896
-0.5333485321495709,760,1272,1696,1272,888
-0.5350252365721219,756,1268,1692,1296,884
-0.5337689332230464,760,1264,1688,1296,888
-0.5360824469069665,744,1248,1680,1280,904
-0.5361496689395231,732,1248,1668,1280,900
-0.5357583721216709,728,1240,1664,1272,888
-0.5336809063435455,768,1240,1668,1272,896
-0.5329677582026486,764,1244,1700,1276,924
-0.532582699436773,784,1264,1684,1292,912
-0.5324379416705854,792,1248,1696,1308,928
-0.5297385353598248,816,1264,1696,1292,944
-0.5278531232711142,824,1276,1696,1308,952
-0.5250554364226248,864,1308,1700,1340,996
-0.5205352859980459,884,1292,1724,1352,1012
-0.5184825881376793,912,1328,1724,1360,1040
-0.5130651194396072,948,1332,1728,1360,1080
-0.5076985102915713,980,1356,1760,1388,1076
-0.5027577861084466,1036,1388,1784,1420,1132
-0.4959074687345006,1080,1396,1788,1428,1176
-0.49115655473458414,1096,1420,1792,1452,1200
-0.4816623750317335,1164,1452,1820,1484,1228
-0.47484824267990344,1232,1484,1844,1512,1296
-0.4638033614692357,1252,1536,1880,1536,1316
-0.45705910087884866,1312,1540,1880,1572,1376
-0.4453665049196667,1380,1604,1900,1604,1412
-0.4358046334797258,1404,1600,1940,1632,1436
-0.4279739694923422,1444,1640,1940,1668,1476
-0.41762485214136363,1472,1660,1972,1660,1504
-0.4087578566425593,1532,1692,1968,1720,1564
-0.3996078926181075,1564,1728,1996,1728,1596
-0.3906683559353941,1584,1740,2012,1740,1616
-0.383423717763655,1620,1744,2024,1776,1652
-0.3735262523801968,1656,1788,2028,1788,1688
-0.36581306620236986,1676,1804,2044,1804,1708
-0.3567675367380878,1720,1816,2056,1816,1752
-0.34840933122227163,1740,1840,2080,1840,1772
-0.3378894276252815,1740,1868,2076,1868,1772
-0.3287335336589678,1772,1872,2080,1872,1808
-0.31945578288951215,1800,1908,2116,1908,1800
-0.30695739516055764,1844,1908,2120,1908,1844
-0.29712075635924656,1868,1932,2112,1932,1868
-0.2856129191627002,1872,1968,2148,1936,1904
-0.27232190641303705,1904,1968,2148,1968,1904
-0.26010541051983316,1928,1992,2140,1960,1928
-0.24655204950499493,1964,2024,2176,1996,1964
-0.23381253548876352,1964,2028,2176,1996,1964
-0.2232758362526309,1988,2052,2172,2020,1988
-0.20974780086150255,2024,2056,2176,2024,2024
-0.19480373240698623,2024,2056,2208,2056,2024
-0.18144228984549343,2048,2080,2200,2048,2048
-0.16734140397728736,2048,2112,2200,2080,2048
-0.15338186834793285,2076,2108,2228,2076,2076
-0.140138979511638,2080,2108,2236,2080,2080
-0.12813282466655876,2104,2104,2228,2104,2104
-0.1171587518730597,2104,2136,2224,2104,2104
-0.10731767333151548,2108,2108,2236,2108,2108
-0.09561376694604538,2104,2140,2228,2104,2104
-0.08405650645675664,2108,2140,2228,2108,2108
-0.07237423877646278,2108,2144,2236,2108,2108
-0.06090295114717106,2100,2132,2228,2132,2132
-0.0491620693631702,2108,2140,2228,2108,2140
-0.03729228038965157,2116,2144,2236,2116,2116
-0.02563866707900452,2136,2136,2232,2136,2136
-0.014226145231317166,2116,2148,2236,2116,2116
-0.003129103443964291,2116,2148,2236,2116,2116
0.00741328214163045,2108,2140,2228,2140,2140
0.0181503758802835,2112,2144,2232,2112,2112
0.028518902692781487,2116,2144,2236,2116,2116
0.039025423322859215,2112,2144,2232,2112,2112
0.05042521847848353,2116,2144,2236,2116,2116
0.061997099711858225,2116,2144,2236,2116,2116
0.0744298366580904,2076,2140,2228,2108,2108
0.08765878172946313,2080,2112,2232,2112,2080
0.10125955056758712,2076,2108,2228,2076,2076
0.11562366027192655,2080,2112,2232,2080,2080
0.13040764188058285,2048,2108,2200,2080,2048
0.1456610441859867,2052,2084,2204,2084,2052
0.16122212634737862,2016,2080,2200,2080,2048
0.17681618634814544,1988,2080,2200,2048,2020
0.19271717940635588,1988,2052,2172,2052,1988
0.2087400220727785,1960,2024,2176,2024,1992
0.2246164481941709,1932,2028,2180,2028,1964
0.2402009622031076,1900,1992,2144,1992,1932
0.2556159738855847,1868,1992,2144,1992,1932
0.2715212740026313,1832,1960,2140,1960,1896
0.2887039270046274,1808,1936,2116,1936,1840
0.30615618382604853,1772,1932,2112,1932,1836
0.3246445916442424,1712,1900,2080,1900,1776
0.341905437150194,1680,1876,2056,1876,1748
0.35940440030201376,1624,1844,2056,1844,1688
0.37644282829229775,1588,1808,2020,1808,1652
0.3926095083468651,1528,1788,1996,1788,1592
0.4082856033198673,1468,1752,1992,1752,1564
0.4234495194462409,1400,1720,1960,1720,1500
0.4380945582862771,1376,1700,1940,1700,1472
0.4520440104498431,1312,1668,1908,1668,1412
0.46536740608349997,1248,1632,1900,1632,1376
0.47779088278031595,1228,1612,1880,1612,1324
0.48991610273164415,1160,1580,1852,1580,1288
0.501591119494017,1092,1544,1816,1544,1228
0.512813069455017,1072,1512,1820,1544,1200
0.5234511437342385,1008,1488,1792,1516,1136
0.5339092989250508,940,1448,1756,1448,1100
0.5444369224587355,916,1424,1732,1456,1076
0.5542825858097403,860,1396,1704,1428,1020
0.5636679583819312,792,1364,1700,1396,952
0.5725997148051408,768,1340,1668,1368,928
0.5815295424877063,704,1308,1644,1340,872
0.5916824643162284,672,1276,1612,1308,832
0.6034967346914077,632,1236,1604,1268,792
0.6153155681675607,516,1188,1552,1220,712
0.6241372569705187,460,1128,1492,1188,656
0.6327037521517267,424,1096,1492,1156,620
0.6407394341068362,368,1072,1464,1136,560
0.6480081960849784,332,1032,1428,1092,528
0.6547461824905317,272,1008,1404,1068,500
0.6607768687332619,248,984,1376,1016,440
0.6659748650859488,184,944,1376,1004,412
0.6697586728207503,188,952,1348,984,384
0.6721476530517884,156,924,1344,952,348
0.672720615017326,128,924,1348,952,352
0.6718847764432164,160,920,1348,980,352
0.6696796036698321,180,948,1344,976,384
0.665841464506559,216,980,1376,1016,408
0.6606599949348895,212,980,1372,1012,444
0.6540570364962344,280,1004,1408,1064,472
0.6459650824243841,340,1044,1436,1108,532
0.6368467297368864,392,1096,1464,1128,588
0.6266876868675348,460,1120,1492,1156,652
0.6158770833872327,524,1192,1556,1224,716
0.6046909679822986,576,1212,1580,1244,768
0.5936544392566504,636,1280,1608,1280,828
0.5825294333099226,704,1308,1644,1340,904
0.57137120759259,756,1336,1668,1368,956
0.5599973406640172,852,1400,1700,1400,1016
0.5491412446159724,884,1428,1732,1456,1076
0.5381967388586455,944,1456,1756,1488,1104
0.5268696760546593,1012,1488,1788,1516,1172
0.517574756670211,1028,1516,1816,1544,1192
0.5084972972042573,1100,1516,1816,1544,1228
0.49962314341838837,1132,1544,1844,1572,1260
0.4922535787800245,1156,1576,1848,1604,1316
0.4869264748245815,1200,1596,1872,1624,1328
0.4844287928930576,1184,1596,1872,1624,1344
0.483469893365424,1208,1592,1876,1624,1344
0.4856187026617787,1212,1596,1880,1628,1376
0.4905473049480638,1184,1572,1872,1604,1352
0.49663924484951366,1176,1560,1868,1592,1308
0.5029191587192523,1124,1544,1848,1576,1292
0.5118141806061389,1084,1520,1820,1552,1260
0.516072635249004,1056,1508,1812,1568,1248
0.5231297071383108,1016,1496,1804,1528,1216
0.5258227394626607,992,1476,1816,1536,1224
0.528682254920698,996,1484,1788,1544,1188
0.5324628818302494,964,1484,1784,1512,1156
0.5328990651810103,940,1484,1788,1512,1164
0.5318876690478851,936,1476,1788,1508,1164
0.5302894808019675,960,1484,1784,1516,1164
0.5259096588198107,980,1484,1796,1516,1172
0.5220183082721611,1004,1516,1816,1516,1204
0.5152331153513694,1020,1536,1836,1536,1216
0.5075941270272504,1040,1544,1848,1544,1232
0.5029058172020792,1088,1564,1844,1564,1252
0.49353798161866175,1124,1580,1880,1580,1292
0.48654033522779955,1128,1600,1872,1600,1320
0.4789802497501111,1152,1600,1900,1632,1344
0.46782307457921923,1220,1636,1908,1636,1380
0.45666445782567605,1252,1664,1932,1664,1412
0.4457006623906121,1308,1692,1964,1692,1440
0.43422638021669663,1344,1696,1968,1728,1472
0.4233057182229,1372,1720,1988,1720,1532
0.41251553920345235,1436,1752,1992,1752,1564
0.4016453105993369,1464,1780,2020,1780,1592
0.39083280879414733,1496,1780,2020,1780,1624
0.3818807026857273,1524,1808,2048,1808,1652
0.37230016532567795,1556,1808,2052,1808,1652
0.3625147639980707,1588,1840,2048,1840,1684
0.35108547676667046,1612,1868,2076,1868,1708
0.3407026266250962,1612,1868,2084,1868,1740
0.32958316776366336,1676,1900,2080,1900,1772
0.3179311368775141,1708,1900,2108,1900,1804
0.30607591983471377,1740,1928,2112,1928,1804
0.2948732870986688,1768,1928,2136,1928,1832
0.2834552613441334,1796,1956,2136,1956,1860
0.27234483631847406,1804,1960,2140,1960,1868
0.26143182631151685,1840,1964,2144,1964,1904
0.2505399377328345,1832,1988,2168,1988,1928
0.24003110332972397,1868,1992,2172,1992,1932
0.22997873145996,1868,1996,2176,1996,1932
0.2198866178979464,1892,2020,2172,2020,1956
0.20976498198629914,1892,2024,2176,2024,1964
0.20005806947735624,1932,2028,2176,2028,1996
0.1897440484086893,1956,2020,2200,2052,1988
0.18000729184648515,1956,2052,2208,2052,1988
0.16951837652513238,1980,2056,2208,2056,2012
0.16005330728656678,1984,2048,2200,2048,2016
0.15057465753098642,1984,2048,2204,2080,2016
0.1418465063944066,1992,2056,2204,2056,2024
0.13325182885550768,2016,2080,2200,2080,2048
0.12417993904307989,2016,2080,2204,2080,2048
0.11512422132983367,2024,2088,2208,2088,2056
0.10637351252970552,2016,2080,2228,2080,2048
0.09792875760983023,2016,2084,2204,2084,2048
0.09027319904528135,2024,2088,2208,2088,2056
0.08324786748639479,2040,2072,2232,2104,2072
0.0776378947852318,2044,2080,2204,2080,2080
0.0753754069774608,2056,2088,2208,2088,2056
0.0756871961404672,2048,2080,2200,2080,2080
0.07925170433230652,2048,2080,2200,2080,2048
0.08434908968707663,2056,2088,2208,2088,2056
0.08918428276034177,2048,2080,2200,2048,2048
0.09484008015270821,2036,2068,2224,2068,2068
0.09980081626672634,2044,2076,2208,2044,2044
0.10185663126104548,2024,2060,2208,2060,2060
0.10383441061796754,2048,2080,2200,2048,2048
0.10472023526011902,2044,2076,2204,2044,2044
0.10482012116527858,2036,2068,2200,2036,2068
0.10384683780595479,2016,2080,2200,2048,2048
0.09854796280695535,2044,2072,2200,2044,2044
0.09478980408756373,2048,2080,2200,2048,2048
0.08819627322990964,2048,2080,2200,2048,2048
0.08000478793885814,2040,2072,2204,2040,2072
0.07193919117988251,2048,2080,2200,2048,2048
0.06420896591152062,2048,2080,2200,2048,2080
0.057198240539028715,2048,2084,2204,2048,2084
0.050714209421301164,2048,2080,2204,2048,2080
0.042946216558372705,2052,2084,2204,2052,2084
0.036918143125994736,2040,2108,2228,2040,2076
0.03333100501612983,2072,2072,2208,2040,2072
0.02863377801771467,2048,2080,2228,2048,2080
0.02786246106753619,2056,2088,2208,2056,2056
0.027344796451737555,2048,2080,2232,2048,2080
0.030977593398980142,2048,2080,2200,2080,2080
0.032839930389917366,2056,2088,2208,2056,2088
0.033269674579576095,2048,2080,2208,2080,2080
0.03434367530740641,2048,2080,2208,2080,2080
0.03487393536275476,2040,2072,2224,2104,2072
0.03449611110565648,2048,2080,2200,2080,2080
0.03415375460048795,2048,2080,2204,2080,2080
0.03427591748915154,2064,2096,2216,2096,2064
0.036756066586961636,2080,2080,2200,2080,2080
0.036396423570519754,2076,2108,2228,2076,2076
0.03540421128010844,2084,2084,2204,2084,2084
0.03455039556383152,2072,2108,2204,2072,2072
0.0346523759402525,2088,2088,2208,2088,2088
0.032934081136717086,2076,2108,2228,2076,2076
0.03306138695914854,2080,2080,2204,2080,2080
0.03390498037284567,2084,2084,2204,2084,2084
0.03340072325475947,2080,2080,2236,2080,2080
0.03143286868201037,2080,2108,2236,2080,2080
0.03037357497400626,2068,2100,2228,2068,2068
0.027594927048923232,2076,2104,2232,2076,2076
0.026496095717098093,2080,2112,2232,2080,2080
0.027129969562989537,2080,2112,2228,2080,2080
0.02584547978083413,2080,2112,2232,2080,2080
0.02462634653272276,2076,2108,2228,2108,2076
0.025002350004709156,2080,2112,2232,2112,2080
0.024250947303284302,2084,2116,2236,2116,2084
0.023593516838686168,2084,2116,2236,2116,2084
0.023388560303190864,2068,2104,2224,2104,2104
0.02131978075569303,2084,2116,2236,2116,2084
0.01932354826963229,2084,2116,2236,2116,2084
0.016867121512146144,2076,2108,2228,2108,2108
0.01415394363577715,2084,2116,2236,2116,2084
0.012654652208552063,2080,2112,2232,2112,2080
0.01125900744214274,2076,2140,2228,2108,2108
0.00970039217390472,2084,2116,2236,2116,2084
0.008631519325320395,2100,2132,2220,2100,2100
0.00782265763282839,2076,2136,2236,2104,2076
0.005362902014301276,2084,2116,2236,2116,2084
0.003991315010144856,2076,2108,2236,2108,2076
0.0011210504893978432,2076,2140,2236,2108,2076
-0.003739094541523038,2084,2116,2236,2116,2084
-0.008651870379724893,2076,2140,2228,2108,2076
-0.011884192413467241,2068,2128,2224,2096,2068
-0.014750924086302523,2076,2108,2204,2108,2076
-0.018602371604785797,2076,2108,2204,2108,2076
-0.02173700582228519,2076,2108,2228,2108,2044
-0.028382811767761765,2072,2104,2200,2104,2072
-0.0327705398246499,2080,2112,2208,2112,2080
-0.035942525905384624,2080,2112,2204,2112,2080
-0.04004711219889916,2080,2112,2200,2112,2080
-0.041938047563378704,2076,2108,2200,2108,2076
-0.04516930987563206,2084,2116,2204,2116,2084
-0.04785598752616774,2096,2096,2224,2096,2096
-0.05175922840217448,2084,2116,2204,2084,2084
-0.055831460352193336,2084,2116,2208,2084,2084
-0.06164401353817441,2100,2100,2232,2100,2064
-0.06759565749830375,2076,2108,2228,2076,2076
-0.07215562076519368,2084,2116,2204,2084,2084
-0.07686232039736032,2080,2112,2232,2080,2080
-0.08105036499106195,2088,2116,2208,2088,2052
-0.0848627305257915,2100,2100,2228,2100,2068
-0.09019984551170304,2088,2116,2208,2088,2052
-0.09718254638553994,2080,2112,2204,2080,2080
-0.10518449698257033,2080,2108,2204,2080,2040
-0.11238938869835131,2056,2088,2208,2088,2056
-0.11961417613677565,2048,2080,2200,2080,2048
-0.12552799700091052,2076,2076,2200,2076,2044
-0.1308982783012461,2068,2068,2200,2068,2032
-0.1344921480111362,2052,2084,2204,2052,2020
-0.1383237327305471,2044,2076,2196,2044,2012
-0.14228595367567237,2044,2044,2200,2044,2012
-0.1445274348723811,2028,2060,2180,2028,2028
-0.14651389048733357,2016,2048,2200,2048,2016
-0.14899510255582826,2020,2052,2172,2020,1988
-0.15053651933276585,2020,2052,2180,2020,1988
-0.152666028384647,2020,2048,2168,2048,1984
-0.15524041045781545,2024,2056,2204,2056,1992
-0.15552544926205955,2020,2048,2200,2048,1988
-0.15630702657039977,2020,2052,2200,2052,1988
-0.15565640700010192,2020,2052,2180,2052,1988
-0.15461991244151158,2012,2076,2164,2044,2012
-0.15352783209703455,2020,2052,2180,2052,2020
-0.15006564445768034,2004,2072,2164,2044,2004
-0.14629310304153437,2016,2048,2168,2048,2016
-0.14438943207535057,2012,2044,2168,2044,2012
-0.13880028160494629,2012,2076,2172,2044,2012
-0.1334728573075129,2020,2080,2172,2052,2020
-0.1274331333066392,2032,2064,2192,2064,2032
-0.12202245256948199,2048,2080,2200,2080,2048
-0.11905689636225777,2068,2068,2200,2068,2032
-0.11490369138723118,2084,2084,2204,2084,2052
-0.11098278669873361,2080,2080,2200,2080,2048
-0.10878504790648391,2080,2080,2200,2080,2048
-0.10511097938308692,2076,2108,2204,2076,2044
-0.10102208583282091,2088,2088,2208,2088,2056
-0.09779551582919754,2108,2108,2204,2076,2076
-0.09386916963897066,2112,2112,2208,2072,2072
-0.08832217936307743,2084,2116,2204,2084,2052
-0.08260848513864906,2116,2116,2208,2076,2044
-0.07714815242139837,2104,2104,2224,2104,2072
-0.06965887032717698,2100,2100,2220,2100,2068
-0.06363757096089404,2104,2104,2208,2104,2072
-0.05676100522609102,2096,2096,2224,2096,2064
-0.048159385400803736,2088,2116,2208,2088,2088
-0.041361582686733955,2112,2080,2232,2112,2080
-0.03427327856436688,2116,2084,2204,2084,2084
-0.026172451530913087,2108,2072,2228,2108,2072
-0.019076212417881454,2108,2076,2236,2108,2076
-0.013004068544202555,2112,2084,2232,2112,2084
-0.0062101228840465775,2112,2112,2232,2112,2080
-0.00020513101556537093,2108,2108,2228,2108,2076
0.0066033919628242016,2112,2112,2232,2112,2080
0.01161097814935339,2116,2116,2236,2116,2084
0.017162743577604788,2108,2108,2228,2108,2076
0.022196389589122012,2116,2116,2236,2116,2084
0.02830611985185948,2116,2116,2236,2116,2084
0.03304081795700226,2112,2112,2236,2112,2080
0.03813172916625076,2108,2108,2228,2108,2076
0.0442876738902324,2084,2084,2236,2116,2084
0.05128808174995159,2076,2108,2236,2108,2076
0.05727546234386069,2088,2088,2236,2116,2088
0.06393747312924593,2080,2112,2208,2112,2048
0.07079793409303972,2068,2100,2220,2100,2068
0.07727151286203891,2048,2088,2208,2088,2048
0.08350531467755318,2044,2072,2200,2104,2044
0.08982547635483981,2052,2084,2204,2084,2052
0.09611766754680445,2040,2072,2200,2104,2040
0.10141880407300255,2048,2080,2200,2080,2048
0.10695194957438578,2020,2084,2204,2084,2052
0.1126954502933138,2008,2072,2192,2072,2040
0.11748171067085274,2016,2080,2200,2080,2048
0.12334260776680862,2024,2056,2204,2088,2024
0.1306617123228755,1992,2056,2208,2088,2024
0.137639899539571,1984,2048,2200,2080,2016
0.14413536145244724,1996,2060,2180,2060,1996
0.15081444805794905,1964,2056,2176,2056,1996
0.15659542151510597,1964,2060,2180,2060,1996
0.16218562761537825,1952,2048,2168,2048,1984
0.16939655458885755,1952,2048,2168,2048,1984
0.17620763318969312,1920,2048,2168,2048,1984
0.18103005388896212,1924,2048,2168,2020,1988
0.1869215400024914,1900,2024,2176,2024,1964
0.19220382243755935,1924,2020,2168,2020,1956
0.19820041741140593,1928,2024,2172,2024,1960
0.2030855680300841,1892,2028,2148,2028,1956
0.20874672456876384,1896,2028,2148,1992,1928
0.21297279397627142,1896,2020,2140,1988,1928
0.21960023206920112,1888,2016,2136,1984,1920
0.22461027478001586,1868,1996,2148,1964,1900
0.23093726609231754,1884,1984,2136,1952,1884
0.23771306434230743,1852,1980,2128,1948,1884
0.24473998969132513,1828,1984,2136,1956,1892
0.251207863327498,1828,1984,2112,1956,1860
0.25632577740501616,1820,1976,2128,1948,1852
0.26420531274374476,1824,1952,2104,1924,1824
0.2715187038925007,1796,1952,2104,1952,1828
0.2796978358307338,1804,1932,2120,1932,1804
0.28965819851961694,1796,1932,2112,1932,1796
0.29837180449431205,1780,1904,2092,1904,1780
0.30724798566850114,1744,1908,2088,1908,1744
0.3182022126835786,1732,1920,2072,1888,1732
0.3280603577608399,1704,1892,2076,1860,1736
0.33749770330216383,1676,1868,2060,1868,1712
0.34853244746506634,1648,1872,2052,1844,1684
0.35761531068733904,1616,1868,2048,1836,1648
0.36693870283092245,1612,1832,2020,1804,1644
0.377287415974369,1556,1816,2032,1816,1596
0.3861378031919211,1528,1816,2024,1784,1596
0.39519830332032535,1528,1808,1988,1780,1560
0.4061336233266518,1492,1780,1988,1748,1524
0.41748910249677174,1464,1752,1968,1720,1496
0.4293685170726493,1396,1752,1960,1720,1432
0.44176780674744576,1376,1724,1936,1692,1408
0.4514229057714987,1300,1696,1936,1660,1364
0.4633849401340382,1252,1660,1900,1628,1316
0.4769632809436962,1220,1632,1872,1604,1288
0.48525697190826395,1160,1604,1852,1576,1224
0.49743720625834553,1132,1604,1844,1572,1196
0.5086798942115778,1068,1544,1812,1512,1132
0.52105076544571,1008,1516,1792,1480,1072
0.5335907230012008,972,1488,1756,1456,1036
0.5460223438308375,884,1456,1732,1428,980
0.5585050329547957,836,1400,1704,1368,932
0.5709312290560131,760,1368,1668,1336,856
0.5829698976116877,704,1308,1636,1308,800
0.5956566566893114,612,1280,1580,1248,708
0.6092647042848517,580,1240,1552,1208,676
0.6237206657329668,456,1184,1520,1156,584
0.640368255074885,364,1104,1464,1068,460
0.6548707009542433,268,1036,1392,1036,396
0.6713360792811868,152,952,1340,920,280
0.6878455714848963,12,872,1260,840,140
0.7059648876615351,0,784,1200,752,52
0.7224808111354714,0,680,1104,648,0
0.7394746217003061,0,536,996,536,0
0.7574045566662944,0,448,940,448,0
0.7750501486780674,0,296,816,296,0
0.792709858658808,0,148,700,148,0
0.8102694576897056,0,52,604,52,0
0.8277585322452263,0,0,456,0,0
0.845084929830649,0,0,344,0,0
0.8626084005534576,0,0,192,0,0
0.8802305166010868,0,0,44,0,0
0.89823890406245,0,0,0,0,0
0.9162851627711337,0,0,0,0,0
0.9349462813270991,0,0,0,0,0
0.953256736921903,0,0,0,0,0
0.9716743451610297,0,0,0,0,0
0.9897718649633971,0,0,0,0,0
1.0080360726502775,0,0,0,0,0
1.026665562475935,0,0,0,0,0
1.045675814851336,0,0,0,0,0
1.0652530657515142,0,0,0,0,0
1.084964735962621,0,0,0,0,0
1.1053454278469765,0,0,0,0,0
1.1262241773651207,0,0,0,0,0
1.147129133893117,0,0,0,0,0
1.167675165229613,0,0,0,0,0
1.1873513843777843,0,0,0,0,0
1.2070011459444758,0,0,0,0,0
1.2262581251772933,0,0,0,0,0
1.2459818788004042,0,0,0,0,0
1.2654816833836673,0,0,0,0,0
1.284223075262051,0,0,0,0,0
1.3019969085953897,0,0,0,0,0
1.3189230263494907,0,0,0,0,0
1.3350557093346407,0,0,0,0,0
1.3500306298934674,0,0,0,0,0
1.3643705271494162,0,0,0,0,0
1.3783336473011047,0,0,0,0,0
1.3917288142132085,0,0,0,0,0
1.403630276685091,0,0,0,0,0
1.4143615386688844,0,0,0,0,0
1.4240585903164307,0,0,0,0,0
1.4328279506723278,0,0,0,0,0
1.440834164357637,0,0,0,0,0
1.4481772593027706,0,0,0,0,0
1.4547736426407307,0,0,0,0,0
1.460597620801209,0,0,0,0,0
1.4660275521494435,0,0,0,0,0
1.4709937497049481,0,0,0,0,0
1.4756411268751886,0,0,0,0,0
1.4797531601466398,0,0,0,0,0
1.4832895585681487,0,0,0,0,0
1.4867001356359566,0,0,0,0,0
1.489966603279079,0,0,0,0,0
1.4935599537179962,0,0,0,0,0
1.4973453991516277,0,0,0,0,0
1.5011040228121084,0,0,0,0,0
1.504489820956691,0,0,0,0,0
1.5079400601675164,0,0,0,0,0
1.5115033224886476,0,0,0,0,0
1.5151984287412545,0,0,0,0,0
1.5185778599966069,0,0,0,0,0
1.5215259770156737,0,0,0,0,0
1.5243400957284605,0,0,0,0,0
1.527023061813634,0,0,0,0,0
1.5296121466984791,0,0,0,0,0
1.5317787288904476,0,0,0,0,0
1.5335735751787303,0,0,0,0,0
1.5351845659260366,0,0,0,0,0
1.536432841557805,0,0,0,0,0
1.537770467604632,0,0,0,0,0
1.5393400858224031,0,0,0,0,0
1.5409819598672403,0,0,0,0,0
1.5420338192028076,0,0,0,0,0
1.5426212521947866,0,0,0,0,0
1.5431068044687977,0,0,0,0,0
1.5440655588682501,0,0,0,0,0
1.5455717886536824,0,0,0,0,0
1.547181135648096,0,0,0,0,0
1.5490515573581685,0,0,0,0,0
1.5512046983861358,0,0,0,0,0
1.5535546802481441,0,0,0,0,0
1.55646761201803,0,0,0,0,0
1.5593456470266494,0,0,0,0,0
1.5618789239169402,0,0,0,0,0
1.5645363944486674,0,0,0,0,0
1.5680913650013046,0,0,0,0,0
1.573270232488482,0,0,0,0,0
1.574151157425222,0,0,0,0,0
1.5748698370400351,0,0,0,0,0
1.5745618940992643,0,0,0,0,0
1.5749225181859614,0,0,0,0,0
1.5745357399205322,0,0,0,0,0
1.574302877771088,0,0,0,0,0
1.5735362087746778,0,0,0,0,0
1.5722078748745398,0,0,0,0,0
1.5731749127933625,0,0,0,0,0
1.5724838625102067,0,0,0,0,0
1.5727881595490834,0,0,0,0,0
1.5727338189191116,0,0,0,0,0
1.5728974988898026,0,0,0,0,0
1.5730832909912154,0,0,0,0,0
1.573067767693258,0,0,0,0,0
1.5730688385875635,0,0,0,0,0
1.572798849302805,0,0,0,0,0
1.573301181431047,0,0,0,0,0
1.5729736532445635,0,0,0,0,0
1.573086556484317,0,0,0,0,0
1.5729727851104032,0,0,0,0,0
1.5728706491968873,0,0,0,0,0
1.5729718774599437,0,0,0,0,0
1.5727010864004876,0,0,0,0,0
1.572770718407424,0,0,0,0,0
1.572700319252712,0,0,0,0,0
1.5725019933476418,0,0,0,0,0
1.5725053775311644,0,0,0,0,0
1.572476935352959,0,0,0,0,0
1.572315803061661,0,0,0,0,0
1.5724255570924837,0,0,0,0,0
1.5723151568759557,0,0,0,0,0
1.5722357444979682,0,0,0,0,0
1.572318490111927,0,0,0,0,0
1.5722171507131673,0,0,0,0,0
1.5722205277914454,0,0,0,0,0
1.5721921122249385,0,0,0,0,0
1.5720727386749225,0,0,0,0,0
1.572115530728956,0,0,0,0,0
1.5720453691929335,0,0,0,0,0
1.5719817168008963,0,0,0,0,0
1.5720274586331318,0,0,0,0,0
1.5719215802815354,0,0,0,0,0
1.5719600065707675,0,0,0,0,0
1.571958451930391,0,0,0,0,0
1.5718831119515726,0,0,0,0,0
1.5719240804218684,0,0,0,0,0
1.5718765407014461,0,0,0,0,0
1.5718113979798631,0,0,0,0,0
1.5717993824465046,0,0,0,0,0
1.5717332514532918,0,0,0,0,0
1.5717539661031057,0,0,0,0,0
1.5717355054775384,0,0,0,0,0
1.5716701048071111,0,0,0,0,0
1.5716560605174525,0,0,0,0,0
1.571603306871507,0,0,0,0,0
1.5715848542922997,0,0,0,0,0
1.571552378894992,0,0,0,0,0
1.5714921478400135,0,0,0,0,0
1.5714785563179698,0,0,0,0,0
1.5714670837167286,0,0,0,0,0
1.5714266130718166,0,0,0,0,0
1.571440093171723,0,0,0,0,0
1.5713905697693074,0,0,0,0,0
1.5713406640469079,0,0,0,0,0
1.5713445222928246,0,0,0,0,0
1.5713126265734128,0,0,0,0,0
1.5712632576851167,0,0,0,0,0
1.5712946545811246,0,0,0,0,0
1.5712589905249588,0,0,0,0,0
